cpse,organization_name,material_code,description,item_type_hint,category,unit,quantity,manufacturer,manufacturer_part_number,material_grade,dimensions,specifications,other_attributes,parsed_specifications,part_number,moc,equipment_type,model,location,project,source_section,source_group,tender_reference,tender_id,source_file,source_page,search_text,source_dataset,material_code_occurrences,org_material_code_occurrences
BPCL,Bharat Petroleum Corporation Limited,31.58.12.741.5,"SET OF PROFILE SEAL(DELIVERY COVER, STUFFING BOX, DIFFUSER DEVICE &",pump,,,,SULZER PUMPS INDIA LTD,,,,,,,410.05+410.10+410.11+410.20,REINFORCED GRAPHITE,,GSG 150-360/4+1D SR.NO. : 109508-01/02 DW. NO. : CS 81104901/R1,,,,,,,,135,"Organization: BPCL | Item: SET OF PROFILE SEAL(DELIVERY COVER, STUFFING BOX, DIFFUSER DEVICE & | Type: pump | Material Code: 31.58.12.741.5 | Part Number: 410.05+410.10+410.11+410.20 | MOC: REINFORCED GRAPHITE | Model: GSG 150-360/4+1D SR.NO. : 109508-01/02 DW. NO. : CS 81104901/R1 | Make: SULZER PUMPS INDIA LTD | Tag No: 120P101A/B | Details: TENSION RING) PN : 410.05+410.10+410.11+410.20 MOC : REINFORCED GRAPHITE FOR CENTRIFUGAL PUMP MAKE : SULZER PUMPS INDIA LTD MODEL : GSG 150-360/4+1D SR.NO. : 109508-01/02 DW. NO. : CS 81104901/R1 TAG NO. : 120P101A/B LOCATION : DHDS NOTE : SET CONTAINS 1 PC EACH OF 410.05,410.11,410.20 AND 2 PCS OF 410.1",MIRA_BPCL_equipment_material_corpus_FINAL_with_org(2),1,1
BPCL,Bharat Petroleum Corporation Limited,31.28.79.741.5,SHAFT WITH KEYS;IMPELLER NUT BEARING NUT & LOCK WASHER,bearing,,,,SULZER PUMPS INDIA LTD,,,,,,,210.03+940.01 +940.03+922.01 923.01+931.01,TYPE 420 SPARES,,ZF 40-2250,,,,,,,,79,Organization: BPCL | Item: SHAFT WITH KEYS;IMPELLER NUT BEARING NUT & LOCK WASHER | Type: bearing | Material Code: 31.28.79.741.5 | Part Number: 210.03+940.01 +940.03+922.01 923.01+931.01 | MOC: TYPE 420 SPARES | Model: ZF 40-2250 | Make: SULZER PUMPS INDIA LTD | Tag No: 145P105A/B REMARKS : ART NO 204643512503 | Serial No: 519035/519036 | Drawing No: PCS1001407430020-01 SL.NO : 519035/519036 | Details: PN : 210.03+940.01 +940.03+922.01 923.01+931.01 MOC : TYPE 420 SPARES FOR CENTRIFUGAL PUMP MFR : SULZER PUMPS INDIA LTD MODEL : ZF 40-2250 DW NO : PCS1001407430020-01 SL.NO : 519035/519036 TAG NO : 145P105A/B REMARKS : ART NO 204643512503 LOCATION: CDU-4,MIRA_BPCL_equipment_material_corpus_FINAL_with_org(2),1,1
BPCL,Bharat Petroleum Corporation Limited,31.28.92.001.5,SHORT DESCRIPTION : BEARING COOLING COIL ALONGWITH TEE,bearing,,ST,,SULZER. PUMP: 144P-139A/B.,,,,,,,1,"BRASS BEARING COOLING COIL ALONG WITH TEE PIECE. MOC : BRASS. MAKE: SULZER. PUMP: 144P-139A/B. MODEL:GSG 100-300(E)(BD)/4+1D, SERIAL NO.514435/514436/514437. STOCK FORM NO 22720",,"GSG 100-300(E)(BD)/4+1D, SERIAL NO.514435/514436/514437. STOCK FORM NO 22720 EQUIPMENT DETAILS : 144P139A/B - VACUUM RESIDUE+QUENCH EQUIPMENT MODEL : MODEL:GSG 100-300(E)(BD)/4, SERIAL NO.:514435/514436/514437. EQUIPMENT MNFR NAME : SULZER EQUIPMENT",CDU4,,,,,,,110,"Organization: BPCL | Location: CDU4 | Item: SHORT DESCRIPTION : BEARING COOLING COIL ALONGWITH TEE | Type: bearing | Material Code: 31.28.92.001.5 | Part Number: 1 | MOC: BRASS BEARING COOLING COIL ALONG WITH TEE PIECE. MOC : BRASS. MAKE: SULZER. PUMP: 144P-139A/B. MODEL:GSG 100-300(E)(BD)/4+1D, SERIAL NO.514435/514436/514437. STOCK FORM NO 22720 | Model: GSG 100-300(E)(BD)/4+1D, SERIAL NO.514435/514436/514437. STOCK FORM NO 22720 EQUIPMENT DETAILS : 144P139A/B - VACUUM RESIDUE+QUENCH EQUIPMENT MODEL : MODEL:GSG 100-300(E)(BD)/4, SERIAL NO.:514435/514436/514437. EQUIPMENT MNFR NAME : SULZER EQUIPMENT | Make: SULZER. PUMP: 144P-139A/B. | Tag No: 144P139A/B - VACUUM RESIDUE+QUENCH | Details: PIECE PART NUMBER : 1 MATGRP : 31 UOM : ST MATERIAL OF CONSTRUCTION : BRASS BEARING COOLING COIL ALONG WITH TEE PIECE. MOC : BRASS. MAKE: SULZER. PUMP: 144P-139A/B. MODEL:GSG 100-300(E)(BD)/4+1D, SERIAL NO.514435/514436/514437. STOCK FORM NO 22720 EQUIPMENT DETAILS : 144P139A/B - VACUUM RESIDUE+QUENCH EQUIPMENT MODEL : MODEL:GSG 100-300(E)(BD)/4, SERIAL NO.:514435/514436/514437. EQUIPMENT MNFR NAME : SULZER EQUIPMENT LOCATION : CDU4 TAG NO : 144P139A/B - VACUUM RESIDUE+QUENCH SERIAL NO : 144P139A/B - VACUUM RESIDUE+QUENCH OLD MATERIAL CODE : 31.85.99.171.8",MIRA_BPCL_equipment_material_corpus_FINAL_with_org(2),1,1
BPCL,Bharat Petroleum Corporation Limited,31.58.76.753.5,SHAFT WITH IMPELLERNUT; BEARINGNUT; LOCK WASHER & KEYS,bearing,,,,M/S. SULZER PUMPS INDIA LTD.,,,,,,,210.01+922.01 +923.01+931.01 940.01+940.03,CL BB; AISI 4140 HT SR 205-269HB (15-28) SPARES,,ZF-25-2200,,,,,,,,188,Organization: BPCL | Item: SHAFT WITH IMPELLERNUT; BEARINGNUT; LOCK WASHER & KEYS | Type: bearing | Material Code: 31.58.76.753.5 | Part Number: 210.01+922.01 +923.01+931.01 940.01+940.03 | MOC: CL BB; AISI 4140 HT SR 205-269HB (15-28) SPARES | Model: ZF-25-2200 | Make: M/S. SULZER PUMPS INDIA LTD. | Tag No: 141AXK101P03 SR. NO. : 497667 | Details: PN : 210.01+922.01 +923.01+931.01 940.01+940.03 MOC : CL BB; AISI 4140 HT SR 205-269HB (15-28) SPARES FOR CENTRIFUGAL PUMP MAKE : M/S. SULZER PUMPS INDIA LTD. MODEL: ZF-25-2200 TAG NO : 141AXK101P03 SR. NO. : 497667 LOCATION : CCR,MIRA_BPCL_equipment_material_corpus_FINAL_with_org(2),1,1
BPCL,Bharat Petroleum Corporation Limited,31.58.16.241.5,GASKET (STFG. BOX TO BARREL/ DEL. COVER),gasket/seal,,,,M/S. SULZER PUMPS INDIA LTD.,,,,,,,400.06,316L/GRAPHITE SPARES,,GSG 50-220/ 7,,,,,,,,143,Organization: BPCL | Item: GASKET (STFG. BOX TO BARREL/ DEL. COVER) | Type: gasket/seal | Material Code: 31.58.16.241.5 | Part Number: 400.06 | MOC: 316L/GRAPHITE SPARES | Model: GSG 50-220/ 7 | Make: M/S. SULZER PUMPS INDIA LTD. | Tag No: 141AP104A/B SR. NO. : 486007/08 DW. NO. : PCS1000817060010-01 | Details: PN : 400.06 MOC : 316L/GRAPHITE SPARES FOR CENTRIFUGAL PUMP MAKE : M/S. SULZER PUMPS INDIA LTD. MODEL : GSG 50-220/ 7 TAG NO : 141AP104A/B SR. NO. : 486007/08 DW. NO. : PCS1000817060010-01 LOCATION : CCR,MIRA_BPCL_equipment_material_corpus_FINAL_with_org(2),1,1
BPCL,Bharat Petroleum Corporation Limited,31.28.68.331.5,IMPELLER W/O BAL HOLE (FULL DIAMETER),impeller,,,,M/S SULZER PUMPS INDIA LTD.,,,,,,,230.0,GR CA6NM SPARES,,ZF25-2315 PUMP MFR : M/S SULZER PUMPS INDIA LTD.,,,,,,,,70,Organization: BPCL | Item: IMPELLER W/O BAL HOLE (FULL DIAMETER) | Type: impeller | Material Code: 31.28.68.331.5 | Part Number: 230.0 | MOC: GR CA6NM SPARES | Model: ZF25-2315 PUMP MFR : M/S SULZER PUMPS INDIA LTD. | Make: M/S SULZER PUMPS INDIA LTD. | Tag No: 140P002A/B | Drawing No: PCS1000647570010-01 SR NO : 473778/79 | Details: PN : 230.0 MOC : GR CA6NM SPARES FOR CENTRIFUGAL PUMPS PUMP MODEL : ZF25-2315 PUMP MFR : M/S SULZER PUMPS INDIA LTD. DW NO : PCS1000647570010-01 SR NO : 473778/79 TAG NO : 140P002A/B LOCATION : CCR,MIRA_BPCL_equipment_material_corpus_FINAL_with_org(2),1,1
BPCL,Bharat Petroleum Corporation Limited,31.28.84.241.5,GASKET(ST BOX TO BARREL DEL COVER),gasket/seal,,,,SULZER PUMPS INDIA LTD,,,,,,,400.06,316L/GRAPHITE SPARES,,GSG 50-220D / 7,,,,,,,,85,Organization: BPCL | Item: GASKET(ST BOX TO BARREL DEL COVER) | Type: gasket/seal | Material Code: 31.28.84.241.5 | Part Number: 400.06 | MOC: 316L/GRAPHITE SPARES | Model: GSG 50-220D / 7 | Make: SULZER PUMPS INDIA LTD | Tag No: 144P146A/B SR. NO. : 514438/514439 | Details: PN : 400.06 MOC : 316L/GRAPHITE SPARES FOR CENTRIFUGAL PUMP MFR : SULZER PUMPS INDIA LTD MODEL : GSG 50-220D / 7 TAG NO. : 144P146A/B SR. NO. : 514438/514439 LOCATION: CDU4,MIRA_BPCL_equipment_material_corpus_FINAL_with_org(2),1,1
BPCL,Bharat Petroleum Corporation Limited,31.28.84.751.5,GASKET(ST BOX TO BARREL DEL COVER),gasket/seal,,,,SULZER PUMPS INDIA LTD,,,,,,,503.03,A743 GRCA6NM SPARES,,GSG 50-220D / 7,,,,,,,,90,Organization: BPCL | Item: GASKET(ST BOX TO BARREL DEL COVER) | Type: gasket/seal | Material Code: 31.28.84.751.5 | Part Number: 503.03 | MOC: A743 GRCA6NM SPARES | Model: GSG 50-220D / 7 | Make: SULZER PUMPS INDIA LTD | Tag No: 144P146A/B SR. NO. : 514438/514439 | Details: PN : 503.03 MOC : A743 GRCA6NM SPARES FOR CENTRIFUGAL PUMP MFR : SULZER PUMPS INDIA LTD MODEL : GSG 50-220D / 7 TAG NO. : 144P146A/B SR. NO. : 514438/514439 LOCATION: CDU4,MIRA_BPCL_equipment_material_corpus_FINAL_with_org(2),1,1
BPCL,Bharat Petroleum Corporation Limited,31.58.08.731.5,SHAFT WITH IMP & CPLG KEYS,pump,,,,M/S. SULZER PUMPS INDIA LTD.,,,,,,,616+510 +502,SS 316,,CC 40-200,,,,,,,,114,Organization: BPCL | Item: SHAFT WITH IMP & CPLG KEYS | Type: pump | Material Code: 31.58.08.731.5 | Part Number: 616+510 +502 | MOC: SS 316 | Model: CC 40-200 | Make: M/S. SULZER PUMPS INDIA LTD. | Tag No: 27P04A/B SR. NO. : 6336 DW. NO. : EIL/CS/262/1/82-83/R2 | Details: PN : 616+510 +502 MOC : SS 316 FOR CENTRIFUGAL PUMP MAKE : M/S. SULZER PUMPS INDIA LTD. MODEL : CC 40-200 TAG NO : 27P04A/B SR. NO. : 6336 DW. NO. : EIL/CS/262/1/82-83/R2 LOCATION : FCCU-SRU,MIRA_BPCL_equipment_material_corpus_FINAL_with_org(2),1,1
BPCL,Bharat Petroleum Corporation Limited,31.58.53.525.5,SET OF O-RING; BEARING COOLING JACKET,gasket/seal,,,,M/S. SULZER PUMPS INDIA LTD.,,,,,,,412.03+412.04,EPDM T150 SET CONTAINS - O RING,,ZF 300-5500,,,,,,,,180,Organization: BPCL | Item: SET OF O-RING; BEARING COOLING JACKET | Type: gasket/seal | Material Code: 31.58.53.525.5 | Part Number: 412.03+412.04 | MOC: EPDM T150 SET CONTAINS - O RING | Model: ZF 300-5500 | Make: M/S. SULZER PUMPS INDIA LTD. | Tag No: 144P107A/B SR. NO. : 513494/513495 DW. NO. : PCS1001241530040-01 | Details: PN : 412.03+412.04 MOC : EPDM T150 SET CONTAINS - O RING PN 412.03(QUANTITY 1 NOS) & O RING PN 412.04(QUANTITY 1 NOS) FOR CENTRIFUGAL PUMP MAKE : M/S. SULZER PUMPS INDIA LTD. MODEL : ZF 300-5500 TAG NO : 144P107A/B SR. NO. : 513494/513495 DW. NO. : PCS1001241530040-01 LOCATION : CDU4,MIRA_BPCL_equipment_material_corpus_FINAL_with_org(2),1,1
BPCL,Bharat Petroleum Corporation Limited,31.58.85.726.5,SHAFT WITH KEYS AND LOCK NUTS,pump,,,,M/S. SULZER PUMPS INDIA LTD.,,,,,,,210.01,SS410,,ZF-150-3315,,,,,,,,214,Organization: BPCL | Item: SHAFT WITH KEYS AND LOCK NUTS | Type: pump | Material Code: 31.58.85.726.5 | Part Number: 210.01 | MOC: SS410 | Model: ZF-150-3315 | Make: M/S. SULZER PUMPS INDIA LTD. | Tag No: 131 P 105 A/B/C SR. NO.: 102370-01/02/03 DW. NO.: CS 012910802 | Details: PN : 210.01 MOC : SS410 FOR CENTRIFUGAL PUMP MAKE : M/S. SULZER PUMPS INDIA LTD. MODEL : ZF-150-3315 TAG NO : 131 P 105 A/B/C SR. NO.: 102370-01/02/03 DW. NO.: CS 012910802 LOCATION: CDU-RMP,MIRA_BPCL_equipment_material_corpus_FINAL_with_org(2),1,1
BPCL,Bharat Petroleum Corporation Limited,31.58.86.726.5,SHAFT WITH KEYS AND LOCK NUTS,pump,,,,M/S. SULZER PUMPS INDIA LTD.,,,,,,,210.01,A 20(BAR),,ZF-50-2200,,,,,,,,217,Organization: BPCL | Item: SHAFT WITH KEYS AND LOCK NUTS | Type: pump | Material Code: 31.58.86.726.5 | Part Number: 210.01 | MOC: A 20(BAR) | Model: ZF-50-2200 | Make: M/S. SULZER PUMPS INDIA LTD. | Tag No: 136 P 702 A/B SR. NO. : 103095-01/02 DW. NO. : CS 021923307 | Details: PN : 210.01 MOC : A 20(BAR) FOR CENTRIFUGAL PUMP MAKE : M/S. SULZER PUMPS INDIA LTD. MODEL: ZF-50-2200 TAG NO : 136 P 702 A/B SR. NO. : 103095-01/02 DW. NO. : CS 021923307 LOCATION : SWS II-RMP,MIRA_BPCL_equipment_material_corpus_FINAL_with_org(2),1,1
BPCL,Bharat Petroleum Corporation Limited,31.58.94.726.5,SHAFT WITH KEYS AND LOCK NUTS,pump,,,,M/S. SULZER PUMPS,,,,,,,210.01,SS 410,,ZF 100-2250,,,,,,,,236,Organization: BPCL | Item: SHAFT WITH KEYS AND LOCK NUTS | Type: pump | Material Code: 31.58.94.726.5 | Part Number: 210.01 | MOC: SS 410 | Model: ZF 100-2250 | Make: M/S. SULZER PUMPS | Tag No: 139 P 954 A/B DW. NO. : CS 022912604 | Serial No: 102750-01/02 | Details: PN: 210.01 MOC : SS 410 FOR CENTRIFUGAL PUMP MFR : M/S. SULZER PUMPS MODEL : ZF 100-2250 SL.NO : 102750-01/02 TAG NO. : 139 P 954 A/B DW. NO. : CS 022912604 LOCATION: PUMP HOUSE 3-RMP,MIRA_BPCL_equipment_material_corpus_FINAL_with_org(2),1,1
BPCL,Bharat Petroleum Corporation Limited,31.28.57.745.5,SHAFT WITH KEYS & NUTS,pump,,,,M/S. SULZER PUMPS INDIA LTD.,,,,,,,210.03/940.03/ 940.01/931.01/ 922.01/923.01,TYPE 420 SPARES,,ZF-300-6630 SR. NO. : 473782/83,,,,,,,,66,Organization: BPCL | Item: SHAFT WITH KEYS & NUTS | Type: pump | Material Code: 31.28.57.745.5 | Part Number: 210.03/940.03/ 940.01/931.01/ 922.01/923.01 | MOC: TYPE 420 SPARES | Model: ZF-300-6630 SR. NO. : 473782/83 | Make: M/S. SULZER PUMPS INDIA LTD. | Tag No: 141AP103A/B | Drawing No: PCS1000647570030-01 | Details: PN : 210.03/940.03/ 940.01/931.01/ 922.01/923.01 MOC : TYPE 420 SPARES FOR CENTRIFUGAL PUMPS MAKE : M/S. SULZER PUMPS INDIA LTD. MODEL : ZF-300-6630 SR. NO. : 473782/83 DW NO : PCS1000647570030-01 TAG NO : 141AP103A/B LOCATION : CCR,MIRA_BPCL_equipment_material_corpus_FINAL_with_org(2),1,1
BPCL,Bharat Petroleum Corporation Limited,31.28.68.741.5,SHAFT WITH KEYS & LOCKNUTS,pump,,,,M/S SULZER PUMPS INDIA LTD.,,,,,,,210.03/940.03/940.01/931.01/922.01/923.01,TYPE 630 SPARES,,ZF25-2315 PUMP MFR : M/S SULZER PUMPS INDIA LTD.,,,,,,,,72,Organization: BPCL | Item: SHAFT WITH KEYS & LOCKNUTS | Type: pump | Material Code: 31.28.68.741.5 | Part Number: 210.03/940.03/940.01/931.01/922.01/923.01 | MOC: TYPE 630 SPARES | Model: ZF25-2315 PUMP MFR : M/S SULZER PUMPS INDIA LTD. | Make: M/S SULZER PUMPS INDIA LTD. | Tag No: 140P002A/B | Drawing No: PCS1000647570010-01 SR NO : 473778/79 | Details: PN : 210.03/940.03/940.01/931.01/922.01/923.01 MOC : TYPE 630 SPARES FOR CENTRIFUGAL PUMP PUMP MODEL : ZF25-2315 PUMP MFR : M/S SULZER PUMPS INDIA LTD. DW NO : PCS1000647570010-01 SR NO : 473778/79 TAG NO : 140P002A/B LOCATION : CCR,MIRA_BPCL_equipment_material_corpus_FINAL_with_org(2),1,1
BPCL,Bharat Petroleum Corporation Limited,31.28.76.652.5,WEAR RING CASING SUCTION SIDE,pump,,,,SULZER PUMPS INDIA LTD,,,,,,,502.01,CA40F SPARES,,ZF 250-5400,,,,,,,,74,Organization: BPCL | Item: WEAR RING CASING SUCTION SIDE | Type: pump | Material Code: 31.28.76.652.5 | Part Number: 502.01 | MOC: CA40F SPARES | Model: ZF 250-5400 | Make: SULZER PUMPS INDIA LTD | Tag No: 144P108A/B/C | Serial No: 513496/513497/513498 | Drawing No: PCS1001241530020-01 SL.NO : 513496/513497/513498 | Details: PN : 502.01 MOC : CA40F SPARES FOR CENTRIFUGAL PUMP MFR : SULZER PUMPS INDIA LTD MODEL : ZF 250-5400 DW NO : PCS1001241530020-01 SL.NO : 513496/513497/513498 TAG NO : 144P108A/B/C LOCATION: CDU-4,MIRA_BPCL_equipment_material_corpus_FINAL_with_org(2),1,1
BPCL,Bharat Petroleum Corporation Limited,31.28.76.653.5,WEAR RING CASING DISCH SIDE,pump,,,,SULZER PUMPS INDIA LTD,,,,,,,502.02,CA40F SPARES,,ZF 250-5400,,,,,,,,74,Organization: BPCL | Item: WEAR RING CASING DISCH SIDE | Type: pump | Material Code: 31.28.76.653.5 | Part Number: 502.02 | MOC: CA40F SPARES | Model: ZF 250-5400 | Make: SULZER PUMPS INDIA LTD | Tag No: 144P108A/B/C | Serial No: 513496/513497/513498 | Drawing No: PCS1001241530020-01 SL.NO : 513496/513497/513498 | Details: PN : 502.02 MOC : CA40F SPARES FOR CENTRIFUGAL PUMP MFR : SULZER PUMPS INDIA LTD MODEL : ZF 250-5400 DW NO : PCS1001241530020-01 SL.NO : 513496/513497/513498 TAG NO : 144P108A/B/C LOCATION: CDU-4,MIRA_BPCL_equipment_material_corpus_FINAL_with_org(2),1,1
BPCL,Bharat Petroleum Corporation Limited,31.28.83.745.5,SHAFT WITH KEYS AND NUTS,pump,,,,M/S. SULZER PUMPS INDIA LTD.,,,,,,,210.03/940.03/ 940.01/931.01/ 922.01/923.01,"CL BB, AISI 4140 SPARES",,ZF 80-2315,,,,,,,,83,"Organization: BPCL | Item: SHAFT WITH KEYS AND NUTS | Type: pump | Material Code: 31.28.83.745.5 | Part Number: 210.03/940.03/ 940.01/931.01/ 922.01/923.01 | MOC: CL BB, AISI 4140 SPARES | Model: ZF 80-2315 | Make: M/S. SULZER PUMPS INDIA LTD. | Tag No: 141AP109A/B SR NO : 473786/87 | Drawing No: PCS1000647570050-01 | Details: PN : 210.03/940.03/ 940.01/931.01/ 922.01/923.01 MOC : CL BB, AISI 4140 SPARES FOR CENTRIFUGAL PUMPS MAKE : M/S. SULZER PUMPS INDIA LTD. MODEL : ZF 80-2315 DW NO : PCS1000647570050-01 TAG NO : 141AP109A/B SR NO : 473786/87 LOCATION : CCR",MIRA_BPCL_equipment_material_corpus_FINAL_with_org(2),1,1
BPCL,Bharat Petroleum Corporation Limited,31.28.84.655.5,WEAR RING STATIONARY 1ST STAGE,pump,,,,SULZER PUMPS INDIA LTD,,,,,,,502.07,A743 GRCA6NM SPARES,,GSG 50-220D / 7,,,,,,,,89,Organization: BPCL | Item: WEAR RING STATIONARY 1ST STAGE | Type: pump | Material Code: 31.28.84.655.5 | Part Number: 502.07 | MOC: A743 GRCA6NM SPARES | Model: GSG 50-220D / 7 | Make: SULZER PUMPS INDIA LTD | Tag No: 144P146A/B SR. NO. : 514438/514439 | Details: PN : 502.07 MOC : A743 GRCA6NM SPARES FOR CENTRIFUGAL PUMP MFR : SULZER PUMPS INDIA LTD MODEL : GSG 50-220D / 7 TAG NO. : 144P146A/B SR. NO. : 514438/514439 LOCATION: CDU4,MIRA_BPCL_equipment_material_corpus_FINAL_with_org(2),1,1
BPCL,Bharat Petroleum Corporation Limited,31.28.86.241.5,GASKET(ST. BOX TO DEL. COVER),gasket/seal,,,,SULZER PUMPS INDIA LTD,,,,,,,400.06,316L/GRAPHITE SPARES,,GSG 50-220/5,,,,,,,,95,Organization: BPCL | Item: GASKET(ST. BOX TO DEL. COVER) | Type: gasket/seal | Material Code: 31.28.86.241.5 | Part Number: 400.06 | MOC: 316L/GRAPHITE SPARES | Model: GSG 50-220/5 | Make: SULZER PUMPS INDIA LTD | Tag No: 144P155A/B SR. NO. : 519033 / 519034 DW NO : PCS1001407430010 | Drawing No: PCS1001407430010 | Details: PN : 400.06 MOC : 316L/GRAPHITE SPARES FOR CENTRIFUGAL PUMP MFR : SULZER PUMPS INDIA LTD MODEL : GSG 50-220/5 TAG NO. : 144P155A/B SR. NO. : 519033 / 519034 DW NO : PCS1001407430010 LOCATION: CDU4,MIRA_BPCL_equipment_material_corpus_FINAL_with_org(2),1,1
BPCL,Bharat Petroleum Corporation Limited,31.28.86.655.5,WEAR RING STATIONARY 1ST STAGE,pump,,,,SULZER PUMPS INDIA LTD,,,,,,,502.07,ASTM A743 GRCA40 SPARES,,GSG 50-220/5,,,,,,,,100,Organization: BPCL | Item: WEAR RING STATIONARY 1ST STAGE | Type: pump | Material Code: 31.28.86.655.5 | Part Number: 502.07 | MOC: ASTM A743 GRCA40 SPARES | Model: GSG 50-220/5 | Make: SULZER PUMPS INDIA LTD | Tag No: 144P155A/B SR. NO. : 519033 / 519034 DW NO : PCS1001407430010 | Drawing No: PCS1001407430010 | Details: PN : 502.07 MOC : ASTM A743 GRCA40 SPARES FOR CENTRIFUGAL PUMP MFR : SULZER PUMPS INDIA LTD MODEL : GSG 50-220/5 TAG NO. : 144P155A/B SR. NO. : 519033 / 519034 DW NO : PCS1001407430010 LOCATION: CDU4,MIRA_BPCL_equipment_material_corpus_FINAL_with_org(2),1,1
BPCL,Bharat Petroleum Corporation Limited,31.58.12.727.5,SHAFT WITH KEYS & NUTS,pump,,,,SULZER PUMPS INDIA LTD,,,,,,,210.12/920.15/ 920.17/931.01/ 931.02/932.01/ 940.04/940.05/ 940.02/940.01/ 940.03,TYPE 420 (MOD) 255 HB MAX,,GSG 150-360/4+1D SR.NO. : 474945/46 DW. NO. : PCS1000666270020-01,,,,,,,,135,Organization: BPCL | Item: SHAFT WITH KEYS & NUTS | Type: pump | Material Code: 31.58.12.727.5 | Part Number: 210.12/920.15/ 920.17/931.01/ 931.02/932.01/ 940.04/940.05/ 940.02/940.01/ 940.03 | MOC: TYPE 420 (MOD) 255 HB MAX | Model: GSG 150-360/4+1D SR.NO. : 474945/46 DW. NO. : PCS1000666270020-01 | Make: SULZER PUMPS INDIA LTD | Tag No: 141AP101A/B | Details: PN : 210.12/920.15/ 920.17/931.01/ 931.02/932.01/ 940.04/940.05/ 940.02/940.01/ 940.03 MOC : TYPE 420 (MOD) 255 HB MAX FOR CENTRIFUGAL PUMP MAKE : SULZER PUMPS INDIA LTD MODEL : GSG 150-360/4+1D SR.NO. : 474945/46 DW. NO. : PCS1000666270020-01 TAG NO. : 141AP101A/B LOCATION : CCR,MIRA_BPCL_equipment_material_corpus_FINAL_with_org(2),1,1
BPCL,Bharat Petroleum Corporation Limited,31.58.16.242.5,GASKET (BARREL TO DEL COVER),gasket/seal,,,,M/S. SULZER PUMPS INDIA LTD.,,,,,,,400.10,316L/GRAPHITE SPARES,,GSG 50-220/ 7,,,,,,,,143,Organization: BPCL | Item: GASKET (BARREL TO DEL COVER) | Type: gasket/seal | Material Code: 31.58.16.242.5 | Part Number: 400.10 | MOC: 316L/GRAPHITE SPARES | Model: GSG 50-220/ 7 | Make: M/S. SULZER PUMPS INDIA LTD. | Tag No: 141AP104A/B SR. NO. : 486007/08 DW. NO. : PCS1000817060010-01 | Details: PN : 400.10 MOC : 316L/GRAPHITE SPARES FOR CENTRIFUGAL PUMP MAKE : M/S. SULZER PUMPS INDIA LTD. MODEL : GSG 50-220/ 7 TAG NO : 141AP104A/B SR. NO. : 486007/08 DW. NO. : PCS1000817060010-01 LOCATION : CCR,MIRA_BPCL_equipment_material_corpus_FINAL_with_org(2),1,1
BPCL,Bharat Petroleum Corporation Limited,31.58.16.243.5,GASKET (BARREL TO DIFF DEVICE),gasket/seal,,,,M/S. SULZER PUMPS INDIA LTD.,,,,,,,400.11,316L/GRAPHITE SPARES,,GSG 50-220/ 7,,,,,,,,143,Organization: BPCL | Item: GASKET (BARREL TO DIFF DEVICE) | Type: gasket/seal | Material Code: 31.58.16.243.5 | Part Number: 400.11 | MOC: 316L/GRAPHITE SPARES | Model: GSG 50-220/ 7 | Make: M/S. SULZER PUMPS INDIA LTD. | Tag No: 141AP104A/B SR. NO. : 486007/08 DW. NO. : PCS1000817060010-01 | Details: PN : 400.11 MOC : 316L/GRAPHITE SPARES FOR CENTRIFUGAL PUMP MAKE : M/S. SULZER PUMPS INDIA LTD. MODEL : GSG 50-220/ 7 TAG NO : 141AP104A/B SR. NO. : 486007/08 DW. NO. : PCS1000817060010-01 LOCATION : CCR,MIRA_BPCL_equipment_material_corpus_FINAL_with_org(2),1,1
BPCL,Bharat Petroleum Corporation Limited,31.58.16.518.5,O RING (BAL DRUM LINER),pump,,,,M/S. SULZER PUMPS INDIA LTD.,,,,,,,412.07,VITON FKM SPARES,,GSG 50-220/ 7,,,,,,,,146,Organization: BPCL | Item: O RING (BAL DRUM LINER) | Type: pump | Material Code: 31.58.16.518.5 | Part Number: 412.07 | MOC: VITON FKM SPARES | Model: GSG 50-220/ 7 | Make: M/S. SULZER PUMPS INDIA LTD. | Tag No: 141AP104A/B SR. NO. : 486007/08 DW. NO. : PCS1000817060010-01 | Details: PN : 412.07 MOC : VITON FKM SPARES FOR CENTRIFUGAL PUMP MAKE : M/S. SULZER PUMPS INDIA LTD. MODEL : GSG 50-220/ 7 TAG NO : 141AP104A/B SR. NO. : 486007/08 DW. NO. : PCS1000817060010-01 LOCATION : CCR,MIRA_BPCL_equipment_material_corpus_FINAL_with_org(2),1,1
BPCL,Bharat Petroleum Corporation Limited,31.58.16.520.5,O RING O-RING(PLAN 11 BUSH),gasket/seal,,,,M/S. SULZER PUMPS INDIA LTD.,,,,,,,412.35,VITON FKM SPARES,,GSG 50-220/ 7,,,,,,,,146,Organization: BPCL | Item: O RING O-RING(PLAN 11 BUSH) | Type: gasket/seal | Material Code: 31.58.16.520.5 | Part Number: 412.35 | MOC: VITON FKM SPARES | Model: GSG 50-220/ 7 | Make: M/S. SULZER PUMPS INDIA LTD. | Tag No: 141AP104A/B SR. NO. : 486007/08 DW. NO. : PCS1000817060010-01 | Details: PN : 412.35 MOC : VITON FKM SPARES FOR CENTRIFUGAL PUMP MAKE : M/S. SULZER PUMPS INDIA LTD. MODEL : GSG 50-220/ 7 TAG NO : 141AP104A/B SR. NO. : 486007/08 DW. NO. : PCS1000817060010-01 LOCATION : CCR,MIRA_BPCL_equipment_material_corpus_FINAL_with_org(2),1,1
BPCL,Bharat Petroleum Corporation Limited,31.58.16.671.5,WEAR RING STATIONARY 1ST STAGE,pump,,,,M/S. SULZER PUMPS INDIA LTD.,,,,,,,502.07,GR CA40 320-350 HB WNT SPARES,,GSG 50-220/ 7,,,,,,,,147,Organization: BPCL | Item: WEAR RING STATIONARY 1ST STAGE | Type: pump | Material Code: 31.58.16.671.5 | Part Number: 502.07 | MOC: GR CA40 320-350 HB WNT SPARES | Model: GSG 50-220/ 7 | Make: M/S. SULZER PUMPS INDIA LTD. | Tag No: 141AP104A/B SR. NO. : 486007/08 DW. NO. : PCS1000817060010-01 | Details: PN : 502.07 MOC : GR CA40 320-350 HB WNT SPARES FOR CENTRIFUGAL PUMP MAKE : M/S. SULZER PUMPS INDIA LTD. MODEL : GSG 50-220/ 7 TAG NO : 141AP104A/B SR. NO. : 486007/08 DW. NO. : PCS1000817060010-01 LOCATION : CCR,MIRA_BPCL_equipment_material_corpus_FINAL_with_org(2),1,1
BPCL,Bharat Petroleum Corporation Limited,31.58.16.673.5,IMPELLER WEAR RING 1ST STAGE,impeller,,,,M/S. SULZER PUMPS INDIA LTD.,,,,,,,503.02,"GR CA6NM, 260-290 HB SPARES",,GSG 50-220/ 7,,,,,,,,147,"Organization: BPCL | Item: IMPELLER WEAR RING 1ST STAGE | Type: impeller | Material Code: 31.58.16.673.5 | Part Number: 503.02 | MOC: GR CA6NM, 260-290 HB SPARES | Model: GSG 50-220/ 7 | Make: M/S. SULZER PUMPS INDIA LTD. | Tag No: 141AP104A/B SR. NO. : 486007/08 DW. NO. : PCS1000817060010-01 | Details: PN : 503.02 MOC : GR CA6NM, 260-290 HB SPARES FOR CENTRIFUGAL PUMP MAKE : M/S. SULZER PUMPS INDIA LTD. MODEL : GSG 50-220/ 7 TAG NO : 141AP104A/B SR. NO. : 486007/08 DW. NO. : PCS1000817060010-01 LOCATION : CCR",MIRA_BPCL_equipment_material_corpus_FINAL_with_org(2),1,1
BPCL,Bharat Petroleum Corporation Limited,31.58.16.741.5,SHAFT WITH KEYS AND MUTS,pump,,,,M/S. SULZER PUMPS INDIA LTD.,,,,,,,210.12/920.15/ 931.01/932.01/ 940.04/940.05/ 940.02/940.01/ 940.03,Type 420 (Mod) 255 HB Max CENTRIFUGAL PUMP SPARES,,GSG 50-220/ 7,,,,,,,,148,Organization: BPCL | Item: SHAFT WITH KEYS AND MUTS | Type: pump | Material Code: 31.58.16.741.5 | Part Number: 210.12/920.15/ 931.01/932.01/ 940.04/940.05/ 940.02/940.01/ 940.03 | MOC: Type 420 (Mod) 255 HB Max CENTRIFUGAL PUMP SPARES | Model: GSG 50-220/ 7 | Make: M/S. SULZER PUMPS INDIA LTD. | Tag No: 141AP104A/B SR. NO. : 486007/08 DW. NO. : PCS1000817060010-01 | Details: PN : 210.12/920.15/ 931.01/932.01/ 940.04/940.05/ 940.02/940.01/ 940.03 MOC : Type 420 (Mod) 255 HB Max CENTRIFUGAL PUMP SPARES MAKE : M/S. SULZER PUMPS INDIA LTD. MODEL : GSG 50-220/ 7 TAG NO : 141AP104A/B SR. NO. : 486007/08 DW. NO. : PCS1000817060010-01 LOCATION : CCR,MIRA_BPCL_equipment_material_corpus_FINAL_with_org(2),1,1
BPCL,Bharat Petroleum Corporation Limited,31.58.22.902.5,"IMPELLER WEAR RING, FIRST STAGE",impeller,,,,M/S. SULZER PUMPS INDIA LTD.,,,,,,,503.01,SS316LHF,,HZZ-102-361,,,,,,,,165,"Organization: BPCL | Item: IMPELLER WEAR RING, FIRST STAGE | Type: impeller | Material Code: 31.58.22.902.5 | Part Number: 503.01 | MOC: SS316LHF | Model: HZZ-102-361 | Make: M/S. SULZER PUMPS INDIA LTD. | Tag No: 131 P 136 A/B SR. NO. : 102667-01/102667-02 DW. NO. : CS 0129111 | Details: PN : 503.01 MOC : SS316LHF FOR CENTRIFUGAL PUMP MAKE : M/S. SULZER PUMPS INDIA LTD. MODEL: HZZ-102-361 TAG NO : 131 P 136 A/B SR. NO. : 102667-01/102667-02 DW. NO. : CS 0129111 LOCATION : VDU-RMP",MIRA_BPCL_equipment_material_corpus_FINAL_with_org(2),1,1
BPCL,Bharat Petroleum Corporation Limited,31.58.22.903.5,"IMPELLER WEAR RING, SECOND STAGE",impeller,,,,M/S. SULZER PUMPS INDIA LTD.,,,,,,,503.02,SS316LHF,,HZZ-102-361,,,,,,,,165,"Organization: BPCL | Item: IMPELLER WEAR RING, SECOND STAGE | Type: impeller | Material Code: 31.58.22.903.5 | Part Number: 503.02 | MOC: SS316LHF | Model: HZZ-102-361 | Make: M/S. SULZER PUMPS INDIA LTD. | Tag No: 131 P 136 A/B SR. NO. : 102667-01/102667-02 DW. NO. : CS 0129111 | Details: PN : 503.02 MOC : SS316LHF FOR CENTRIFUGAL PUMP MAKE : M/S. SULZER PUMPS INDIA LTD. MODEL: HZZ-102-361 TAG NO : 131 P 136 A/B SR. NO. : 102667-01/102667-02 DW. NO. : CS 0129111 LOCATION : VDU-RMP",MIRA_BPCL_equipment_material_corpus_FINAL_with_org(2),1,1
BPCL,Bharat Petroleum Corporation Limited,31.58.53.524.5,SET OF O-RING; STUFFING BOX,gasket/seal,,,,M/S. SULZER PUMPS INDIA LTD.,,,,,,,412.01+412.02,EPDM T150 SET CONTAINS - O RING,,ZF 300-5500,,,,,,,,179,Organization: BPCL | Item: SET OF O-RING; STUFFING BOX | Type: gasket/seal | Material Code: 31.58.53.524.5 | Part Number: 412.01+412.02 | MOC: EPDM T150 SET CONTAINS - O RING | Model: ZF 300-5500 | Make: M/S. SULZER PUMPS INDIA LTD. | Tag No: 144P107A/B SR. NO. : 513494/513495 DW. NO. : PCS1001241530040-01 | Details: PN : 412.01+412.02 MOC : EPDM T150 SET CONTAINS - O RING PN:412.01(QUANTITY 1 NOS) & O RING PN:412.02(QUANTITY 1 NOS) FOR CENTRIFUGAL PUMP MAKE : M/S. SULZER PUMPS INDIA LTD. MODEL : ZF 300-5500 TAG NO : 144P107A/B SR. NO. : 513494/513495 DW. NO. : PCS1001241530040-01 LOCATION : CDU4,MIRA_BPCL_equipment_material_corpus_FINAL_with_org(2),1,1
BPCL,Bharat Petroleum Corporation Limited,31.58.79.679.5,WEAR RING STATIONARY (SUCTION SIDE),pump,,,,M/S. SULZER PUMPS INDIA LTD.,,,,,,,502.01,11-13% CR H,,ZF-50-3400,,,,,,,,197,Organization: BPCL | Item: WEAR RING STATIONARY (SUCTION SIDE) | Type: pump | Material Code: 31.58.79.679.5 | Part Number: 502.01 | MOC: 11-13% CR H | Model: ZF-50-3400 | Make: M/S. SULZER PUMPS INDIA LTD. | Tag No: 132P286A/B SR. NO. : 105068-01/02 DW. NO. : CS045060601/R1 | Details: PN : 502.01 MOC : 11-13% CR H FOR CENTRIFUGAL PUMP MAKE : M/S. SULZER PUMPS INDIA LTD. MODEL: ZF-50-3400 TAG NO : 132P286A/B SR. NO. : 105068-01/02 DW. NO. : CS045060601/R1 LOCATION : LOBS,MIRA_BPCL_equipment_material_corpus_FINAL_with_org(2),1,1
BPCL,Bharat Petroleum Corporation Limited,31.58.79.680.5,WEAR RING STATIONARY (BACK SIDE),pump,,,,M/S. SULZER PUMPS INDIA LTD.,,,,,,,502.02,11-13% CR H,,ZF-50-3400,,,,,,,,197,Organization: BPCL | Item: WEAR RING STATIONARY (BACK SIDE) | Type: pump | Material Code: 31.58.79.680.5 | Part Number: 502.02 | MOC: 11-13% CR H | Model: ZF-50-3400 | Make: M/S. SULZER PUMPS INDIA LTD. | Tag No: 132P286A/B SR. NO. : 105068-01/02 DW. NO. : CS045060601/R1 | Details: PN : 502.02 MOC : 11-13% CR H FOR CENTRIFUGAL PUMP MAKE : M/S. SULZER PUMPS INDIA LTD. MODEL: ZF-50-3400 TAG NO : 132P286A/B SR. NO. : 105068-01/02 DW. NO. : CS045060601/R1 LOCATION : LOBS,MIRA_BPCL_equipment_material_corpus_FINAL_with_org(2),1,1
BPCL,Bharat Petroleum Corporation Limited,31.58.79.681.5,IMPELLER WEAR RING (SUCTION SIDE),impeller,,,,M/S. SULZER PUMPS INDIA LTD.,,,,,,,503.01,11-13% CR,,ZF-50-3400,,,,,,,,198,Organization: BPCL | Item: IMPELLER WEAR RING (SUCTION SIDE) | Type: impeller | Material Code: 31.58.79.681.5 | Part Number: 503.01 | MOC: 11-13% CR | Model: ZF-50-3400 | Make: M/S. SULZER PUMPS INDIA LTD. | Tag No: 132P286A/B SR. NO. : 105068-01/02 DW. NO. : CS045060601/R1 | Details: PN : 503.01 MOC : 11-13% CR FOR CENTRIFUGAL PUMP MAKE : M/S. SULZER PUMPS INDIA LTD. MODEL: ZF-50-3400 TAG NO : 132P286A/B SR. NO. : 105068-01/02 DW. NO. : CS045060601/R1 LOCATION : LOBS,MIRA_BPCL_equipment_material_corpus_FINAL_with_org(2),1,1
BPCL,Bharat Petroleum Corporation Limited,31.58.79.682.5,IMPELLER WEAR RING (BACK SIDE),impeller,,,,M/S. SULZER PUMPS INDIA LTD.,,,,,,,503.02,11-13% CR,,ZF-50-3400,,,,,,,,198,Organization: BPCL | Item: IMPELLER WEAR RING (BACK SIDE) | Type: impeller | Material Code: 31.58.79.682.5 | Part Number: 503.02 | MOC: 11-13% CR | Model: ZF-50-3400 | Make: M/S. SULZER PUMPS INDIA LTD. | Tag No: 132P286A/B SR. NO. : 105068-01/02 DW. NO. : CS045060601/R1 | Details: PN : 503.02 MOC : 11-13% CR FOR CENTRIFUGAL PUMP MAKE : M/S. SULZER PUMPS INDIA LTD. MODEL: ZF-50-3400 TAG NO : 132P286A/B SR. NO. : 105068-01/02 DW. NO. : CS045060601/R1 LOCATION : LOBS,MIRA_BPCL_equipment_material_corpus_FINAL_with_org(2),1,1
BPCL,Bharat Petroleum Corporation Limited,31.58.98.745.5,SHAFT WITH KEYS & NUTS,pump,,,,M/S. SULZER PUMPS INDIA LTD.,,,,,,,210.03/940.03/ 940.01/931.01/ 922.01/923.01,TYPE 630 SPARES,,ZF-50-3315 DW. NO. : PCS1000647570020-01,,,,,,,,242,Organization: BPCL | Item: SHAFT WITH KEYS & NUTS | Type: pump | Material Code: 31.58.98.745.5 | Part Number: 210.03/940.03/ 940.01/931.01/ 922.01/923.01 | MOC: TYPE 630 SPARES | Model: ZF-50-3315 DW. NO. : PCS1000647570020-01 | Make: M/S. SULZER PUMPS INDIA LTD. | Tag No: 140P003A/B SR. NO. : 473780/81 | Details: PN : 210.03/940.03/ 940.01/931.01/ 922.01/923.01 MOC : TYPE 630 SPARES FOR CENTRIFUGAL PUMPS MAKE : M/S. SULZER PUMPS INDIA LTD. MODEL : ZF-50-3315 DW. NO. : PCS1000647570020-01 TAG NO : 140P003A/B SR. NO. : 473780/81 LOCATION : CCR,MIRA_BPCL_equipment_material_corpus_FINAL_with_org(2),1,1
BPCL,Bharat Petroleum Corporation Limited,31.58.98.746.5,SHAFT WITH KEYS & NUTS,pump,,,,M/S. SULZER PUMPS INDIA LTD.,,,,,,,210.03/940.03/ 940.01/931.01/ 922.01/923.01,"CL BB, AISI 4140 SPARES",,ZF-50-3315,,,,,,,,242,"Organization: BPCL | Item: SHAFT WITH KEYS & NUTS | Type: pump | Material Code: 31.58.98.746.5 | Part Number: 210.03/940.03/ 940.01/931.01/ 922.01/923.01 | MOC: CL BB, AISI 4140 SPARES | Model: ZF-50-3315 | Make: M/S. SULZER PUMPS INDIA LTD. | Tag No: 141AP108A/B SR. NO. : 473784/85 | Drawing No: PCS1000647570040-01 | Details: PN : 210.03/940.03/ 940.01/931.01/ 922.01/923.01 MOC : CL BB, AISI 4140 SPARES FOR CENTRIFUGAL PUMPS MAKE : M/S. SULZER PUMPS INDIA LTD. MODEL : ZF-50-3315 DW NO : PCS1000647570040-01 TAG NO : 141AP108A/B SR. NO. : 473784/85 LOCATION : CCR",MIRA_BPCL_equipment_material_corpus_FINAL_with_org(2),1,1
BPCL,Bharat Petroleum Corporation Limited,31.28.16.293.5,SLEEVE BOTTOM BEARING HOUSING,bearing,,,,M/S. KHIMLINE PUMPS LTD.,,,,,,,7,SS-316,,VV-40-200,,,,,,,,17,Organization: BPCL | Item: SLEEVE BOTTOM BEARING HOUSING | Type: bearing | Material Code: 31.28.16.293.5 | Part Number: 7 | MOC: SS-316 | Model: VV-40-200 | Make: M/S. KHIMLINE PUMPS LTD. | Tag No: 99-P-12 A/B DW. NO. : CS-8950134/2 | Serial No: 80053/54 | Details: PN : 7 MOC : SS-316 FOR VERTICAL CENTRIFUGAL PUMP MAKE : M/S. KHIMLINE PUMPS LTD. MODEL : VV-40-200 SL.NO : 80053/54 TAG NO : 99-P-12 A/B DW. NO. : CS-8950134/2 LOCATION : MINAS,MIRA_BPCL_equipment_material_corpus_FINAL_with_org(2),1,1
BPCL,Bharat Petroleum Corporation Limited,31.28.16.294.5,SLEEVE INTERMEDIATE BEARING HOUSING,bearing,,,,M/S. KHIMLINE PUMPS LTD.,,,,,,,15,SS-316,,VV-40-200,,,,,,,,17,Organization: BPCL | Item: SLEEVE INTERMEDIATE BEARING HOUSING | Type: bearing | Material Code: 31.28.16.294.5 | Part Number: 15 | MOC: SS-316 | Model: VV-40-200 | Make: M/S. KHIMLINE PUMPS LTD. | Tag No: 99-P-12 A/B DW. NO. : CS-8950134/2 | Serial No: 80053/54 | Details: PN : 15 MOC : SS-316 FOR VERTICAL CENTRIFUGAL PUMP MAKE : M/S. KHIMLINE PUMPS LTD. MODEL : VV-40-200 SL.NO : 80053/54 TAG NO : 99-P-12 A/B DW. NO. : CS-8950134/2 LOCATION : MINAS,MIRA_BPCL_equipment_material_corpus_FINAL_with_org(2),1,1
BPCL,Bharat Petroleum Corporation Limited,31.28.16.727.5,"PUMP SHAFT WITH KEYS&LOCKNUTS,",pump,,,,M/S. KHIMLINE PUMPS LTD.,,,,,,,13,SS-316,,VV-40-200,,,,,,,,18,"Organization: BPCL | Item: PUMP SHAFT WITH KEYS&LOCKNUTS, | Type: pump | Material Code: 31.28.16.727.5 | Part Number: 13 | MOC: SS-316 | Model: VV-40-200 | Make: M/S. KHIMLINE PUMPS LTD. | Tag No: 99-P-12 A/B DW. NO. : CS-8950134/2 | Serial No: 80053/54 | Details: PN : 13 MOC : SS-316 FOR VERTICAL CENTRIFUGAL PUMP MAKE : M/S. KHIMLINE PUMPS LTD. MODEL : VV-40-200 SL.NO : 80053/54 TAG NO : 99-P-12 A/B DW. NO. : CS-8950134/2 LOCATION : MINAS",MIRA_BPCL_equipment_material_corpus_FINAL_with_org(2),1,1
BPCL,Bharat Petroleum Corporation Limited,31.28.57.516.5,O-RING BRG HSG COVER,gasket/seal,,,,M/S. SULZER PUMPS INDIA LTD.,,,,,,,412.05,VITON FKM SPARES,,ZF-300-6630 SR. NO. : 473782/83,,,,,,,,65,Organization: BPCL | Item: O-RING BRG HSG COVER | Type: gasket/seal | Material Code: 31.28.57.516.5 | Part Number: 412.05 | MOC: VITON FKM SPARES | Model: ZF-300-6630 SR. NO. : 473782/83 | Make: M/S. SULZER PUMPS INDIA LTD. | Tag No: 141AP103A/B | Drawing No: PCS1000647570030-01 | Details: PN : 412.05 MOC : VITON FKM SPARES FOR CENTRIFUGAL PUMPS MAKE : M/S. SULZER PUMPS INDIA LTD. MODEL : ZF-300-6630 SR. NO. : 473782/83 DW NO : PCS1000647570030-01 TAG NO : 141AP103A/B LOCATION : CCR,MIRA_BPCL_equipment_material_corpus_FINAL_with_org(2),1,1
BPCL,Bharat Petroleum Corporation Limited,31.28.68.521.5,O-RING BEARING HOUSING COVER,gasket/seal,,,,M/S SULZER PUMPS INDIA LTD.,,,,,,,412.05,VITON KFM SPARES,,ZF25-2315 PUMP MFR : M/S SULZER PUMPS INDIA LTD.,,,,,,,,70,Organization: BPCL | Item: O-RING BEARING HOUSING COVER | Type: gasket/seal | Material Code: 31.28.68.521.5 | Part Number: 412.05 | MOC: VITON KFM SPARES | Model: ZF25-2315 PUMP MFR : M/S SULZER PUMPS INDIA LTD. | Make: M/S SULZER PUMPS INDIA LTD. | Tag No: 140P002A/B | Drawing No: PCS100064757001001 SR NO : 473778/79 | Details: PN : 412.05 MOC : VITON KFM SPARES FOR CENTRIFUGAL PUMP PUMP MODEL : ZF25-2315 PUMP MFR : M/S SULZER PUMPS INDIA LTD. DW NO : PCS100064757001001 SR NO : 473778/79 TAG NO : 140P002A/B LOCATION : CCR,MIRA_BPCL_equipment_material_corpus_FINAL_with_org(2),1,1
BPCL,Bharat Petroleum Corporation Limited,31.28.76.650.5,"WEAR RING,IMPELLER SUCTION SIDE",impeller,,,,SULZER PUMPS INDIA LTD,,,,,,,503.01,GR CA6NM SPARES,,ZF 250-5400,,,,,,,,73,"Organization: BPCL | Item: WEAR RING,IMPELLER SUCTION SIDE | Type: impeller | Material Code: 31.28.76.650.5 | Part Number: 503.01 | MOC: GR CA6NM SPARES | Model: ZF 250-5400 | Make: SULZER PUMPS INDIA LTD | Tag No: 144P108A/B/C | Serial No: 513496/513497/513498 | Drawing No: PCS1001241530020-01 SL.NO : 513496/513497/513498 | Details: PN : 503.01 MOC : GR CA6NM SPARES FOR CENTRIFUGAL PUMP MFR : SULZER PUMPS INDIA LTD MODEL : ZF 250-5400 DW NO : PCS1001241530020-01 SL.NO : 513496/513497/513498 TAG NO : 144P108A/B/C LOCATION: CDU-4",MIRA_BPCL_equipment_material_corpus_FINAL_with_org(2),1,1
BPCL,Bharat Petroleum Corporation Limited,31.28.76.651.5,"WEAR RING,IMPELLER DISCH SIDE",impeller,,,,SULZER PUMPS INDIA LTD,,,,,,,503.02,GR CA6NM SPARES,,ZF 250-5400,,,,,,,,74,"Organization: BPCL | Item: WEAR RING,IMPELLER DISCH SIDE | Type: impeller | Material Code: 31.28.76.651.5 | Part Number: 503.02 | MOC: GR CA6NM SPARES | Model: ZF 250-5400 | Make: SULZER PUMPS INDIA LTD | Tag No: 144P108A/B/C | Serial No: 513496/513497/513498 | Drawing No: PCS1001241530020-01 SL.NO : 513496/513497/513498 | Details: PN : 503.02 MOC : GR CA6NM SPARES FOR CENTRIFUGAL PUMP MFR : SULZER PUMPS INDIA LTD MODEL : ZF 250-5400 DW NO : PCS1001241530020-01 SL.NO : 513496/513497/513498 TAG NO : 144P108A/B/C LOCATION: CDU-4",MIRA_BPCL_equipment_material_corpus_FINAL_with_org(2),1,1
BPCL,Bharat Petroleum Corporation Limited,31.28.79.332.5,IMPELLER W/O BAL HOLE,impeller,,,,SULZER PUMPS INDIA LTD,,,,,,,230.01,GR WCB SPARES,,ZF 40-2250,,,,,,,,75,Organization: BPCL | Item: IMPELLER W/O BAL HOLE | Type: impeller | Material Code: 31.28.79.332.5 | Part Number: 230.01 | MOC: GR WCB SPARES | Model: ZF 40-2250 | Make: SULZER PUMPS INDIA LTD | Tag No: 145P105A/B REMARKS : ART NO 104066351501 | Serial No: 519035/519036 | Drawing No: PCS1001407430020-01 SL.NO : 519035/519036 | Details: PN : 230.01 MOC : GR WCB SPARES FOR CENTRIFUGAL PUMP MFR : SULZER PUMPS INDIA LTD MODEL : ZF 40-2250 DW NO : PCS1001407430020-01 SL.NO : 519035/519036 TAG NO : 145P105A/B REMARKS : ART NO 104066351501 LOCATION: CDU-4,MIRA_BPCL_equipment_material_corpus_FINAL_with_org(2),1,1
BPCL,Bharat Petroleum Corporation Limited,31.28.79.333.5,IMPELLER W/O BAL HOLE,impeller,,,,SULZER PUMPS INDIA LTD,,,,,,,230.01,CF3M SPARES,,ZF 40-2250,,,,,,,,76,Organization: BPCL | Item: IMPELLER W/O BAL HOLE | Type: impeller | Material Code: 31.28.79.333.5 | Part Number: 230.01 | MOC: CF3M SPARES | Model: ZF 40-2250 | Make: SULZER PUMPS INDIA LTD | Tag No: 144P117A/B | Serial No: 513499/513500 | Drawing No: PCS1001241530030-01 SL.NO : 513499/513500 | Details: PN : 230.01 MOC : CF3M SPARES FOR CENTRIFUGAL PUMP MFR : SULZER PUMPS INDIA LTD MODEL : ZF 40-2250 DW NO : PCS1001241530030-01 SL.NO : 513499/513500 TAG NO : 144P117A/B LOCATION: CDU-4,MIRA_BPCL_equipment_material_corpus_FINAL_with_org(2),1,1
BPCL,Bharat Petroleum Corporation Limited,31.28.79.524.5,"SET OF O-RING,STUFFING BOX",gasket/seal,,,,SULZER PUMPS INDIA LTD,,,,,,,412.01+412.02,EPDM T150 ONE SET CONTAINS - O RING,,ZF 40-2250,,,,,,,,76,"Organization: BPCL | Item: SET OF O-RING,STUFFING BOX | Type: gasket/seal | Material Code: 31.28.79.524.5 | Part Number: 412.01+412.02 | MOC: EPDM T150 ONE SET CONTAINS - O RING | Model: ZF 40-2250 | Make: SULZER PUMPS INDIA LTD | Tag No: 144P117A/B | Serial No: 513499/513500 | Drawing No: PCS1001241530030-01 SL.NO : 513499/513500 | Details: PN : 412.01+412.02 MOC : EPDM T150 ONE SET CONTAINS - O RING PN:412.01(QUANTITY 1 NOS) + O RING PN:412.02(QUANTITY 1 NOS) SPARES FOR CENTRIFUGAL PUMP MFR : SULZER PUMPS INDIA LTD MODEL : ZF 40-2250 DW NO : PCS1001241530030-01 SL.NO : 513499/513500 TAG NO : 144P117A/B LOCATION: CDU-4",MIRA_BPCL_equipment_material_corpus_FINAL_with_org(2),1,1
BPCL,Bharat Petroleum Corporation Limited,31.28.79.662.5,IMPELLER FRONT WEAR RING,impeller,,,,SULZER PUMPS INDIA LTD,,,,,,,503.01,GR CA6NM; 260-290 HB SPARES,,ZF 40-2250,,,,,,,,77,Organization: BPCL | Item: IMPELLER FRONT WEAR RING | Type: impeller | Material Code: 31.28.79.662.5 | Part Number: 503.01 | MOC: GR CA6NM; 260-290 HB SPARES | Model: ZF 40-2250 | Make: SULZER PUMPS INDIA LTD | Tag No: 145P105A/B REMARKS : ART NO 104038272500 | Serial No: 519035/519036 | Drawing No: PCS1001407430020-01 SL.NO : 519035/519036 | Details: PN : 503.01 MOC : GR CA6NM; 260-290 HB SPARES FOR CENTRIFUGAL PUMP MFR : SULZER PUMPS INDIA LTD MODEL : ZF 40-2250 DW NO : PCS1001407430020-01 SL.NO : 519035/519036 TAG NO : 145P105A/B REMARKS : ART NO 104038272500 LOCATION: CDU-4,MIRA_BPCL_equipment_material_corpus_FINAL_with_org(2),1,1
BPCL,Bharat Petroleum Corporation Limited,31.28.84.242.5,GASKET(BARREL TO DIFF DEVICE),gasket/seal,,,,SULZER PUMPS INDIA LTD,,,,,,,400.11,316L/GRAPHITE SPARES,,GSG 50-220D / 7,,,,,,,,85,Organization: BPCL | Item: GASKET(BARREL TO DIFF DEVICE) | Type: gasket/seal | Material Code: 31.28.84.242.5 | Part Number: 400.11 | MOC: 316L/GRAPHITE SPARES | Model: GSG 50-220D / 7 | Make: SULZER PUMPS INDIA LTD | Tag No: 144P146A/B SR. NO. : 514438/514439 | Details: PN : 400.11 MOC : 316L/GRAPHITE SPARES FOR CENTRIFUGAL PUMP MFR : SULZER PUMPS INDIA LTD MODEL : GSG 50-220D / 7 TAG NO. : 144P146A/B SR. NO. : 514438/514439 LOCATION: CDU4,MIRA_BPCL_equipment_material_corpus_FINAL_with_org(2),1,1
BPCL,Bharat Petroleum Corporation Limited,31.28.84.243.5,GASKET(BARREL TO DEL COVER),gasket/seal,,,,SULZER PUMPS INDIA LTD,,,,,,,400.10,316L/GRAPHITE SPARES,,GSG 50-220D / 7,,,,,,,,86,Organization: BPCL | Item: GASKET(BARREL TO DEL COVER) | Type: gasket/seal | Material Code: 31.28.84.243.5 | Part Number: 400.10 | MOC: 316L/GRAPHITE SPARES | Model: GSG 50-220D / 7 | Make: SULZER PUMPS INDIA LTD | Tag No: 144P146A/B SR. NO. : 514438/514439 | Details: PN : 400.10 MOC : 316L/GRAPHITE SPARES FOR CENTRIFUGAL PUMP MFR : SULZER PUMPS INDIA LTD MODEL : GSG 50-220D / 7 TAG NO. : 144P146A/B SR. NO. : 514438/514439 LOCATION: CDU4,MIRA_BPCL_equipment_material_corpus_FINAL_with_org(2),1,1
BPCL,Bharat Petroleum Corporation Limited,31.28.85.653.5,IMPELLER BACK WEAR RING,impeller,,,,SULZER PUMPS INDIA LTD,,,,,,,503.03,GR CA6NM SPARES,,GSG 100-300(E)(BD)/4+1D,,,,,,,,92,Organization: BPCL | Item: IMPELLER BACK WEAR RING | Type: impeller | Material Code: 31.28.85.653.5 | Part Number: 503.03 | MOC: GR CA6NM SPARES | Model: GSG 100-300(E)(BD)/4+1D | Make: SULZER PUMPS INDIA LTD | Tag No: 144P139A/B/C SR. NO. : 514435/514436/514437 | Details: PN : 503.03 MOC : GR CA6NM SPARES FOR CENTRIFUGAL PUMP MFR : SULZER PUMPS INDIA LTD MODEL : GSG 100-300(E)(BD)/4+1D TAG NO. : 144P139A/B/C SR. NO. : 514435/514436/514437 LOCATION: CDU4,MIRA_BPCL_equipment_material_corpus_FINAL_with_org(2),1,1
BPCL,Bharat Petroleum Corporation Limited,31.28.85.657.5,SUCTION IMPELLER WEAR RING,impeller,,,,SULZER PUMPS INDIA LTD,,,,,,,503.02,GR CA40 SPARES,,GSG 100-300(E)(BD)/4+1D,,,,,,,,93,Organization: BPCL | Item: SUCTION IMPELLER WEAR RING | Type: impeller | Material Code: 31.28.85.657.5 | Part Number: 503.02 | MOC: GR CA40 SPARES | Model: GSG 100-300(E)(BD)/4+1D | Make: SULZER PUMPS INDIA LTD | Tag No: 144P139A/B/C SR. NO. : 514435/514436/514437 | Details: PN : 503.02 MOC : GR CA40 SPARES FOR CENTRIFUGAL PUMP MFR : SULZER PUMPS INDIA LTD MODEL : GSG 100-300(E)(BD)/4+1D TAG NO. : 144P139A/B/C SR. NO. : 514435/514436/514437 LOCATION: CDU4,MIRA_BPCL_equipment_material_corpus_FINAL_with_org(2),1,1
BPCL,Bharat Petroleum Corporation Limited,31.28.85.727.5,SET OF PROFILE SEAL,pump,,,,SULZER PUMPS INDIA LTD,,,,,,,410.05+410.10+410.11+410.20,STATOTHERM R901 SET CONTAINS -,,GSG 100-300(E)(BD)/4+1D,,,,,,,,94,Organization: BPCL | Item: SET OF PROFILE SEAL | Type: pump | Material Code: 31.28.85.727.5 | Part Number: 410.05+410.10+410.11+410.20 | MOC: STATOTHERM R901 SET CONTAINS - | Model: GSG 100-300(E)(BD)/4+1D | Make: SULZER PUMPS INDIA LTD | Tag No: 144P139A/B/C SR. NO. : 514435/514436/514437 | Details: PN : 410.05+410.10+410.11+410.20 MOC : STATOTHERM R901 SET CONTAINS - PN:410.05(QTY 1 NO)+410.10(QTY 1 NO)+410.11(QTY 1 NO) +410.20 (QTY 1 NO) SPARES FOR CENTRIFUGAL PUMP MFR : SULZER PUMPS INDIA LTD MODEL : GSG 100-300(E)(BD)/4+1D TAG NO. : 144P139A/B/C SR. NO. : 514435/514436/514437 LOCATION: CDU4,MIRA_BPCL_equipment_material_corpus_FINAL_with_org(2),1,1
BPCL,Bharat Petroleum Corporation Limited,31.58.04.107.5,CASING code no 7120206AGCC0,pump,,,,M/S. SULZER PUMPS LTD.,,,,,,,1,ASTM A 216 GR WCB,,CCV 40x32X160,,,,,,,,111,Organization: BPCL | Item: CASING code no 7120206AGCC0 | Type: pump | Material Code: 31.58.04.107.5 | Part Number: 1 | MOC: ASTM A 216 GR WCB | Model: CCV 40x32X160 | Make: M/S. SULZER PUMPS LTD. | Tag No: 99P26A/B DW. NO. : CS5124201/R1 | Details: PN : 1 MOC : ASTM A 216 GR WCB FOR VERTICAL CENTRIFUGAL PUMP SPARES MAKE : M/S. SULZER PUMPS LTD. MODEL : CCV 40x32X160 SL.NO. : 80042 TAG NO. : 99P26A/B DW. NO. : CS5124201/R1 LOCATION : MINAS,MIRA_BPCL_equipment_material_corpus_FINAL_with_org(2),1,1
BPCL,Bharat Petroleum Corporation Limited,31.58.12.090.5,BUSH FOR DUMMY STAGE,pump,,,,SULZER PUMPS INDIA LTD,,,,,,,540.02,ASTM A743 GR CC-50 NITRIDED,,GSG 150-360/4+1D SR.NO. : 109508-01/02 DW. NO. : CS 81104901/R1,,,,,,,,131,Organization: BPCL | Item: BUSH FOR DUMMY STAGE | Type: pump | Material Code: 31.58.12.090.5 | Part Number: 540.02 | MOC: ASTM A743 GR CC-50 NITRIDED | Model: GSG 150-360/4+1D SR.NO. : 109508-01/02 DW. NO. : CS 81104901/R1 | Make: SULZER PUMPS INDIA LTD | Tag No: 120P101A/B | Details: PN : 540.02 MOC : ASTM A743 GR CC-50 NITRIDED FOR CENTRIFUGAL PUMP MAKE : SULZER PUMPS INDIA LTD MODEL : GSG 150-360/4+1D SR.NO. : 109508-01/02 DW. NO. : CS 81104901/R1 TAG NO. : 120P101A/B LOCATION : DHDS,MIRA_BPCL_equipment_material_corpus_FINAL_with_org(2),1,1
BPCL,Bharat Petroleum Corporation Limited,31.58.12.751.5,SLEEVE FOR DUMMY STAGE,pump,,,,SULZER PUMPS INDIA LTD,,,,,,,520.04,ASTM A276 TYPE 316,,GSG 150-360/4+1D SR.NO. : 109508-01/02 DW. NO. : CS 81104901/R1,,,,,,,,135,Organization: BPCL | Item: SLEEVE FOR DUMMY STAGE | Type: pump | Material Code: 31.58.12.751.5 | Part Number: 520.04 | MOC: ASTM A276 TYPE 316 | Model: GSG 150-360/4+1D SR.NO. : 109508-01/02 DW. NO. : CS 81104901/R1 | Make: SULZER PUMPS INDIA LTD | Tag No: 120P101A/B | Details: PN : 520.04 MOC : ASTM A276 TYPE 316 FOR CENTRIFUGAL PUMP MAKE : SULZER PUMPS INDIA LTD MODEL : GSG 150-360/4+1D SR.NO. : 109508-01/02 DW. NO. : CS 81104901/R1 TAG NO. : 120P101A/B LOCATION : DHDS,MIRA_BPCL_equipment_material_corpus_FINAL_with_org(2),1,1
BPCL,Bharat Petroleum Corporation Limited,31.58.16.517.5,O RING (BEARING COVER),bearing,,,,M/S. SULZER PUMPS INDIA LTD.,,,,,,,412.05,VITON FKM SPARES,,GSG 50-220/ 7,,,,,,,,146,Organization: BPCL | Item: O RING (BEARING COVER) | Type: bearing | Material Code: 31.58.16.517.5 | Part Number: 412.05 | MOC: VITON FKM SPARES | Model: GSG 50-220/ 7 | Make: M/S. SULZER PUMPS INDIA LTD. | Tag No: 141AP104A/B SR. NO. : 486007/08 DW. NO. : PCS1000817060010-01 | Details: PN : 412.05 MOC : VITON FKM SPARES FOR CENTRIFUGAL PUMP MAKE : M/S. SULZER PUMPS INDIA LTD. MODEL : GSG 50-220/ 7 TAG NO : 141AP104A/B SR. NO. : 486007/08 DW. NO. : PCS1000817060010-01 LOCATION : CCR,MIRA_BPCL_equipment_material_corpus_FINAL_with_org(2),1,1
BPCL,Bharat Petroleum Corporation Limited,31.58.16.519.5,O RING (BALL DRUM),pump,,,,M/S. SULZER PUMPS INDIA LTD.,,,,,,,412.08,VITON FKM SPARES,,GSG 50-220/ 7,,,,,,,,146,Organization: BPCL | Item: O RING (BALL DRUM) | Type: pump | Material Code: 31.58.16.519.5 | Part Number: 412.08 | MOC: VITON FKM SPARES | Model: GSG 50-220/ 7 | Make: M/S. SULZER PUMPS INDIA LTD. | Tag No: 141AP104A/B SR. NO. : 486007/08 DW. NO. : PCS1000817060010-01 | Details: PN : 412.08 MOC : VITON FKM SPARES FOR CENTRIFUGAL PUMP MAKE : M/S. SULZER PUMPS INDIA LTD. MODEL : GSG 50-220/ 7 TAG NO : 141AP104A/B SR. NO. : 486007/08 DW. NO. : PCS1000817060010-01 LOCATION : CCR,MIRA_BPCL_equipment_material_corpus_FINAL_with_org(2),1,1
BPCL,Bharat Petroleum Corporation Limited,31.58.48.340.5,O-RING 1ST STAGE IMPELLER,gasket/seal,,,,M/S. SULZER PUMPS INDIA LTD.,,,,,,,412.18,EPR,,TTMC 40/4,,,,,,,,177,Organization: BPCL | Item: O-RING 1ST STAGE IMPELLER | Type: gasket/seal | Material Code: 31.58.48.340.5 | Part Number: 412.18 | MOC: EPR | Model: TTMC 40/4 | Make: M/S. SULZER PUMPS INDIA LTD. | Tag No: 132 P 263 A/B SR. NO. : 103390-01/103282-01 DW. NO. : CS 0270169 | Details: PN : 412.18 MOC : EPR FOR CENTRIFUGAL PUMP MFR : M/S. SULZER PUMPS INDIA LTD. MODEL : TTMC 40/4 TAG NO. : 132 P 263 A/B SR. NO. : 103390-01/103282-01 DW. NO. : CS 0270169 LOCATION : HYDROCRACKER UNIT-RMP,MIRA_BPCL_equipment_material_corpus_FINAL_with_org(2),1,1
BPCL,Bharat Petroleum Corporation Limited,31.58.53.254.5,GASKET FOR IMPELLER LOCKNUT,gasket/seal,,,,M/S. SULZER PUMPS INDIA LTD.,,,,,,,400.03,316L/GRAPHITE,,ZF 300-5500,,,,,,,,179,Organization: BPCL | Item: GASKET FOR IMPELLER LOCKNUT | Type: gasket/seal | Material Code: 31.58.53.254.5 | Part Number: 400.03 | MOC: 316L/GRAPHITE | Model: ZF 300-5500 | Make: M/S. SULZER PUMPS INDIA LTD. | Tag No: 144P107A/B SR. NO. : 513494/513495 DW. NO. : PCS1001241530040-01 | Details: PN : 400.03 MOC : 316L/GRAPHITE FOR CENTRIFUGAL PUMP MAKE : M/S. SULZER PUMPS INDIA LTD. MODEL : ZF 300-5500 TAG NO : 144P107A/B SR. NO. : 513494/513495 DW. NO. : PCS1001241530040-01 LOCATION : CDU4,MIRA_BPCL_equipment_material_corpus_FINAL_with_org(2),1,1
BPCL,Bharat Petroleum Corporation Limited,31.58.98.518.5,O-RING BEARING HOUSING COVER,gasket/seal,,,,M/S. SULZER PUMPS INDIA LTD.,,,,,,,412.05,VITON SPARES,,ZF-50-3315,,,,,,,,240,Organization: BPCL | Item: O-RING BEARING HOUSING COVER | Type: gasket/seal | Material Code: 31.58.98.518.5 | Part Number: 412.05 | MOC: VITON SPARES | Model: ZF-50-3315 | Make: M/S. SULZER PUMPS INDIA LTD. | Tag No: 140P003A/B SR. NO. : 473780/81 DW NO : PCS1000647570020-01 | Drawing No: PCS1000647570020-01 | Details: PN : 412.05 MOC : VITON SPARES FOR CENTRIFUGAL PUMPS MAKE : M/S. SULZER PUMPS INDIA LTD. MODEL : ZF-50-3315 TAG NO : 140P003A/B SR. NO. : 473780/81 DW NO : PCS1000647570020-01 LOCATION : CCR,MIRA_BPCL_equipment_material_corpus_FINAL_with_org(2),1,1
BPCL,Bharat Petroleum Corporation Limited,31.28.52.002.5,SHORT DESCRIPTION : SET OF RETAINING RING;DIN471 & RETAINING,pump,,ST,,,,,,,,,ARTICLE NO:017033100048 017033200130,STEEL SPRING; SET OF RETAINING RING;DIN471 & RETAINING RING;DIN472 932.02 & 932.01 ARTICLE NO:017033100048 017033200130 BPCL,,ZF 150-4400 MNFR NAME & ADDRESS : SULZER PUMPS INDIA LIMITED EQUIPMENT,DHT,DHT,,,,,,39,Organization: BPCL | Location: DHT | Item: SHORT DESCRIPTION : SET OF RETAINING RING;DIN471 & RETAINING | Type: pump | Material Code: 31.28.52.002.5 | Part Number: ARTICLE NO:017033100048 017033200130 | MOC: STEEL SPRING; SET OF RETAINING RING;DIN471 & RETAINING RING;DIN472 932.02 & 932.01 ARTICLE NO:017033100048 017033200130 BPCL | Model: ZF 150-4400 MNFR NAME & ADDRESS : SULZER PUMPS INDIA LIMITED EQUIPMENT | Tag No: 151P201A/B | Project: DHT | Details: PART NUMBER : ARTICLE NO:017033100048 017033200130 MATGRP : 31 UOM : ST MATERIAL OF CONSTRUCTION : STEEL SPRING; SET OF RETAINING RING;DIN471 & RETAINING RING;DIN472 932.02 & 932.01 ARTICLE NO:017033100048 017033200130 BPCL EQUIPMENT DETAILS : DIESEL PRODUCT PUMPS EQUIPMENT MODEL : ZF 150-4400 MNFR NAME & ADDRESS : SULZER PUMPS INDIA LIMITED EQUIPMENT LOCATION : DHT PROJECT NAME : DHT TAG NO : 151P201A/B SERIAL NO : Q/0100213445-0010(577140) & Q/0100213445-0020(577141),MIRA_BPCL_equipment_material_corpus_FINAL_with_org(2),1,1
BPCL,Bharat Petroleum Corporation Limited,31.28.90.003.5,SHORT DESCRIPTION : STATIONARY WEAR RING DIN/BOM NO.: 502.01,pump,,ST,,,,,,,,,COMPONENT: 104064298500,CA40F HARDNESS 400-450 HB STATIONARY WEAR RING DIN/BOM NO.: 502.01 BPCL STOCK FORM NO : 22473,,ZF 25-2200 MNFR NAME & ADDRESS : SULZER PUMPS INDIA LIMITED EQUIPMENT,ISOM,,,,,,,108,Organization: BPCL | Location: ISOM | Item: SHORT DESCRIPTION : STATIONARY WEAR RING DIN/BOM NO.: 502.01 | Type: pump | Material Code: 31.28.90.003.5 | Part Number: COMPONENT: 104064298500 | MOC: CA40F HARDNESS 400-450 HB STATIONARY WEAR RING DIN/BOM NO.: 502.01 BPCL STOCK FORM NO : 22473 | Model: ZF 25-2200 MNFR NAME & ADDRESS : SULZER PUMPS INDIA LIMITED EQUIPMENT | Tag No: 065NNP622 | Details: PART NUMBER : COMPONENT: 104064298500 MATGRP : 31 UOM : ST MATERIAL OF CONSTRUCTION : CA40F HARDNESS 400-450 HB STATIONARY WEAR RING DIN/BOM NO.: 502.01 BPCL STOCK FORM NO : 22473 EQUIPMENT DETAILS : CENTRIFUGAL PUMP SPARES EQUIPMENT MODEL : ZF 25-2200 MNFR NAME & ADDRESS : SULZER PUMPS INDIA LIMITED EQUIPMENT LOCATION : ISOM TAG NO : 065NNP622 SERIAL NO : 577133 OLD MATERIAL CODE : 31.85.99.094.8,MIRA_BPCL_equipment_material_corpus_FINAL_with_org(2),1,1
BPCL,Bharat Petroleum Corporation Limited,31.28.90.004.5,SHORT DESCRIPTION : IMPELLER WEAR RING DIN/BOM NO.: 503.01,impeller,,PC,,,,,,,,,COMPONENT: 104064299500,GR CA6NM; 260 TO 290 HB IMPELLER WEAR RING DIN/BOM NO.: 503.01 BPCL STOCK FORM NO : 22473,,ZF 25-2200 MNFR NAME & ADDRESS : SULZER PUMPS INDIA LIMITED EQUIPMENT,ISOM,,,,,,,108,Organization: BPCL | Location: ISOM | Item: SHORT DESCRIPTION : IMPELLER WEAR RING DIN/BOM NO.: 503.01 | Type: impeller | Material Code: 31.28.90.004.5 | Part Number: COMPONENT: 104064299500 | MOC: GR CA6NM; 260 TO 290 HB IMPELLER WEAR RING DIN/BOM NO.: 503.01 BPCL STOCK FORM NO : 22473 | Model: ZF 25-2200 MNFR NAME & ADDRESS : SULZER PUMPS INDIA LIMITED EQUIPMENT | Tag No: 065NNP622 | Details: PART NUMBER : COMPONENT: 104064299500 MATGRP : 31 UOM : PC MATERIAL OF CONSTRUCTION : GR CA6NM; 260 TO 290 HB IMPELLER WEAR RING DIN/BOM NO.: 503.01 BPCL STOCK FORM NO : 22473 EQUIPMENT DETAILS : CENTRIFUGAL PUMP SPARES EQUIPMENT MODEL : ZF 25-2200 MNFR NAME & ADDRESS : SULZER PUMPS INDIA LIMITED EQUIPMENT LOCATION : ISOM TAG NO : 065NNP622 SERIAL NO : 577133 OLD MATERIAL CODE : 31.85.99.095.8,MIRA_BPCL_equipment_material_corpus_FINAL_with_org(2),1,1
BPCL,Bharat Petroleum Corporation Limited,31.28.90.005.5,SHORT DESCRIPTION : IMPELLER W/O BAL HOLE DINBOM NO.:230.01,impeller,,PC,,,,,,,,,COMPONENT: 104066850509,GR CA6NM IMPELLER W/O BAL HOLE DIN/BOM NO.: 230.01 BPCL STOCK FORM NO : 22473,,ZF 25-2200 MNFR NAME & ADDRESS : SULZER PUMPS INDIA LIMITED EQUIPMENT,ISOM,,,,,,,108,Organization: BPCL | Location: ISOM | Item: SHORT DESCRIPTION : IMPELLER W/O BAL HOLE DINBOM NO.:230.01 | Type: impeller | Material Code: 31.28.90.005.5 | Part Number: COMPONENT: 104066850509 | MOC: GR CA6NM IMPELLER W/O BAL HOLE DIN/BOM NO.: 230.01 BPCL STOCK FORM NO : 22473 | Model: ZF 25-2200 MNFR NAME & ADDRESS : SULZER PUMPS INDIA LIMITED EQUIPMENT | Tag No: 065NNP622 | Details: PART NUMBER : COMPONENT: 104066850509 MATGRP : 31 UOM : PC MATERIAL OF CONSTRUCTION : GR CA6NM IMPELLER W/O BAL HOLE DIN/BOM NO.: 230.01 BPCL STOCK FORM NO : 22473 EQUIPMENT DETAILS : CENTRIFUGAL PUMP SPARES EQUIPMENT MODEL : ZF 25-2200 MNFR NAME & ADDRESS : SULZER PUMPS INDIA LIMITED EQUIPMENT LOCATION : ISOM TAG NO : 065NNP622 SERIAL NO : 577133 OLD MATERIAL CODE : 31.85.99.096.8,MIRA_BPCL_equipment_material_corpus_FINAL_with_org(2),1,1
BPCL,Bharat Petroleum Corporation Limited,31.28.91.001.5,SHORT DESCRIPTION : BEARNG COOLING COIL ALONG WITH TEE,bearing,,ST,,,,,,,,,1,"BRASS BEARING COOLING COIL ALONG WITH TEE PIECE . MOC - BRASS, MAKE - SULZER. PUMP: 144P-138A/B,",,"GSG 80-260/6, SERIAL NO:514433 / 514434. STOCK FORM NO. 22719 EQUIPMENT DETAILS : 144P138A/B - SLOP DISTILLATE EQUIPMENT MODEL : MODEL NO.-SG 80-260/6 . SERIAL NO.-514433/514434 EQUIPMENT MNFR NAME : SULZER EQUIPMENT",CDU4,,,,,,,109,"Organization: BPCL | Location: CDU4 | Item: SHORT DESCRIPTION : BEARNG COOLING COIL ALONG WITH TEE | Type: bearing | Material Code: 31.28.91.001.5 | Part Number: 1 | MOC: BRASS BEARING COOLING COIL ALONG WITH TEE PIECE . MOC - BRASS, MAKE - SULZER. PUMP: 144P-138A/B, | Model: GSG 80-260/6, SERIAL NO:514433 / 514434. STOCK FORM NO. 22719 EQUIPMENT DETAILS : 144P138A/B - SLOP DISTILLATE EQUIPMENT MODEL : MODEL NO.-SG 80-260/6 . SERIAL NO.-514433/514434 EQUIPMENT MNFR NAME : SULZER EQUIPMENT | Tag No: 144P138A/B - SLOP DISTILLATE | Serial No: 514433 / 514434. STOCK FORM NO. 22719 EQUIPMENT DETAILS : 144P138A/B - SLOP DISTILLATE EQUIPMENT MODEL : MODEL NO.-SG 80-260/6 . SERIAL NO.-514433/514434 EQUIPMENT MNFR NAME : SULZER EQUIPMENT | Details: PIECE PART NUMBER : 1 MATGRP : 31 UOM : ST MATERIAL OF CONSTRUCTION : BRASS BEARING COOLING COIL ALONG WITH TEE PIECE . MOC - BRASS, MAKE - SULZER. PUMP: 144P-138A/B, MODEL :GSG 80-260/6, SERIAL NO:514433 / 514434. STOCK FORM NO. 22719 EQUIPMENT DETAILS : 144P138A/B - SLOP DISTILLATE EQUIPMENT MODEL : MODEL NO.-SG 80-260/6 . SERIAL NO.-514433/514434 EQUIPMENT MNFR NAME : SULZER EQUIPMENT LOCATION : CDU4 TAG NO : 144P138A/B - SLOP DISTILLATE SERIAL NO : 144P138A/B - SLOP DISTILLATE OLD MATERIAL CODE : 31.85.99.171.8",MIRA_BPCL_equipment_material_corpus_FINAL_with_org(2),1,1
BPCL,Bharat Petroleum Corporation Limited,31.58.93.729.5,"SHAFT WITH KEYS,IMPELLER NUT BEARING NUT & LOCK WASHER",bearing,,,,,,,,,,,210.03+940.01 +940.03+922.01 923.01+931,TYPE 316L ART NO 204643512505,,ZF 25-2315 SR.NO : 519037/519038,,,,,,,,234,"Organization: BPCL | Item: SHAFT WITH KEYS,IMPELLER NUT BEARING NUT & LOCK WASHER | Type: bearing | Material Code: 31.58.93.729.5 | Part Number: 210.03+940.01 +940.03+922.01 923.01+931 | MOC: TYPE 316L ART NO 204643512505 | Model: ZF 25-2315 SR.NO : 519037/519038 | Tag No: 146P106A/B DW. NO. : PCS1001407430030-01 | Details: PN : 210.03+940.01 +940.03+922.01 923.01+931 MOC : TYPE 316L ART NO 204643512505 FOR CENTRIFUGAL PUMP MFR. : M/S. SULZER PUMPS INDIA LIMITED MODEL : ZF 25-2315 SR.NO : 519037/519038 TAG NO. : 146P106A/B DW. NO. : PCS1001407430030-01 LOCATION : CDU4",MIRA_BPCL_equipment_material_corpus_FINAL_with_org(2),1,1
BPCL,Bharat Petroleum Corporation Limited,31.28.52.008.5,SHORT DESCRIPTION : IMPELLER WEAR RING ZE 150-400,impeller,,PC,,,,,,,,,ARTICLE NO: 104063836508,GR CA6NM ; NACE IMPELLER WEAR RING ZE150-400 SUPPLIERS PART NO:503.01 ARTICLE NO:104063836508 BPCL STOCK FORM NO : 22306,,ZF 150-4400 MNFR NAME & ADDRESS : SULZER PUMPS INDIA LIMITED EQUIPMENT,DHT,DHT,,,,,,41,Organization: BPCL | Location: DHT | Item: SHORT DESCRIPTION : IMPELLER WEAR RING ZE 150-400 | Type: impeller | Material Code: 31.28.52.008.5 | Part Number: ARTICLE NO: 104063836508 | MOC: GR CA6NM ; NACE IMPELLER WEAR RING ZE150-400 SUPPLIERS PART NO:503.01 ARTICLE NO:104063836508 BPCL STOCK FORM NO : 22306 | Model: ZF 150-4400 MNFR NAME & ADDRESS : SULZER PUMPS INDIA LIMITED EQUIPMENT | Tag No: 151P201A/B | Project: DHT | Details: PART NUMBER : ARTICLE NO: 104063836508 MATGRP : 31 UOM : PC MATERIAL OF CONSTRUCTION : GR CA6NM ; NACE IMPELLER WEAR RING ZE150-400 SUPPLIERS PART NO:503.01 ARTICLE NO:104063836508 BPCL STOCK FORM NO : 22306 EQUIPMENT DETAILS : DIESEL PRODUCT PUMPS EQUIPMENT MODEL : ZF 150-4400 MNFR NAME & ADDRESS : SULZER PUMPS INDIA LIMITED EQUIPMENT LOCATION : DHT PROJECT NAME : DHT TAG NO : 151P201A/B SERIAL NO : Q/0100213445-0010(577140) & Q/0100213445-0020(577141),MIRA_BPCL_equipment_material_corpus_FINAL_with_org(2),1,1
BPCL,Bharat Petroleum Corporation Limited,31.28.52.014.5,SHORT DESCRIPTION : IMPELLER BAL HOLE ZE/ZF150-400 LK-4,impeller,,PC,,,,,,,,,ARTICLE NO:204425040023,GR WCB NACE COMPLIANT HRC 22 MAX IMPELLER BAL HOLE ZE/ZF150-400 LK-4 SUPPLIERS PART NO:230.01 ARTICLE NO:204425040023 BPCL STOCK FORM NO : 2230,,ZF 150-4400 MNFR NAME & ADDRESS : SULZER PUMPS INDIA LIMITED EQUIPMENT,DHT,DHT,,,,,,43,Organization: BPCL | Location: DHT | Item: SHORT DESCRIPTION : IMPELLER BAL HOLE ZE/ZF150-400 LK-4 | Type: impeller | Material Code: 31.28.52.014.5 | Part Number: ARTICLE NO:204425040023 | MOC: GR WCB NACE COMPLIANT HRC 22 MAX IMPELLER BAL HOLE ZE/ZF150-400 LK-4 SUPPLIERS PART NO:230.01 ARTICLE NO:204425040023 BPCL STOCK FORM NO : 2230 | Model: ZF 150-4400 MNFR NAME & ADDRESS : SULZER PUMPS INDIA LIMITED EQUIPMENT | Tag No: 151P201A/B | Project: DHT | Details: PART NUMBER : ARTICLE NO:204425040023 MATGRP : 31 UOM : PC MATERIAL OF CONSTRUCTION : GR WCB NACE COMPLIANT HRC 22 MAX IMPELLER BAL HOLE ZE/ZF150-400 LK-4 SUPPLIERS PART NO:230.01 ARTICLE NO:204425040023 BPCL STOCK FORM NO : 2230 EQUIPMENT DETAILS : DIESEL PRODUCT PUMPS EQUIPMENT MODEL : ZF 150-4400 MNFR NAME & ADDRESS : SULZER PUMPS INDIA LIMITED EQUIPMENT LOCATION : DHT PROJECT NAME : DHT TAG NO : 151P201A/B SERIAL NO : Q/0100213445-0010(577140) & Q/0100213445-0020(577141),MIRA_BPCL_equipment_material_corpus_FINAL_with_org(2),1,1
BPCL,Bharat Petroleum Corporation Limited,31.28.53.003.5,"SHORT DESCRIPTION : SET OF TAPER PIN, SULZER",pump,,ST,,,,,,,,,560.01& 560.02,5.8 SET OF TAPER PIN;THREADED OUTSIDE PART NO : 560.01& 560.02 PART NO : 560.01& 560.02 DRG NO : SPI 100197901-0010 MOC : 5.8REMARK : NI,,GSG 150-360 MNFR NAME & ADDRESS : SULZER PUMPS INDIA LIMITED EQUIPMENT,DHT,DHT,,,,,,45,"Organization: BPCL | Location: DHT | Item: SHORT DESCRIPTION : SET OF TAPER PIN, SULZER | Type: pump | Material Code: 31.28.53.003.5 | Part Number: 560.01& 560.02 | MOC: 5.8 SET OF TAPER PIN;THREADED OUTSIDE PART NO : 560.01& 560.02 PART NO : 560.01& 560.02 DRG NO : SPI 100197901-0010 MOC : 5.8REMARK : NI | Model: GSG 150-360 MNFR NAME & ADDRESS : SULZER PUMPS INDIA LIMITED EQUIPMENT | Tag No: 151P101A/B | Drawing No: SPI 100197901-0010 | Project: DHT | Details: PART NUMBER : 560.01& 560.02 MATGRP : 31 UOM : ST MATERIAL OF CONSTRUCTION : 5.8 SET OF TAPER PIN;THREADED OUTSIDE PART NO : 560.01& 560.02 PART NO : 560.01& 560.02 DRG NO : SPI 100197901-0010 MOC : 5.8REMARK : NI EQUIPMENT DETAILS : FEED PUMP EQUIPMENT MODEL : GSG 150-360 MNFR NAME & ADDRESS : SULZER PUMPS INDIA LIMITED EQUIPMENT LOCATION : DHT PROJECT NAME : DHT TAG NO : 151P101A/B SERIAL NO : 534555 & 534556 DRAWING NO : SPI 100197901-0010 OLD MATERIAL CODE : 31.80.99.011.8,",MIRA_BPCL_equipment_material_corpus_FINAL_with_org(2),1,1
BPCL,Bharat Petroleum Corporation Limited,31.28.53.010.5,"SHORT DESCRIPTION : FORCED OIL LUBE BRG, SULZER",pump,,PC,,,,,,,,,313.01,1.0401; TEGOSTAR738 FORCED OIL LUBE BRG PART NO : 313.01DRG NO : SPI 100197901-0010 MOC : 1.0401; TEGOSTAR738,,GSG 150-360 MNFR NAME & ADDRESS : SULZER PUMPS INDIA LIMITED EQUIPMENT,DHT,DHT,,,,,,47,"Organization: BPCL | Location: DHT | Item: SHORT DESCRIPTION : FORCED OIL LUBE BRG, SULZER | Type: pump | Material Code: 31.28.53.010.5 | Part Number: 313.01 | MOC: 1.0401; TEGOSTAR738 FORCED OIL LUBE BRG PART NO : 313.01DRG NO : SPI 100197901-0010 MOC : 1.0401; TEGOSTAR738 | Model: GSG 150-360 MNFR NAME & ADDRESS : SULZER PUMPS INDIA LIMITED EQUIPMENT | Tag No: 151P101A/B | Drawing No: SPI 100197901-0010 | Project: DHT | Details: PART NUMBER : 313.01 MATGRP : 31 UOM : PC MATERIAL OF CONSTRUCTION : 1.0401; TEGOSTAR738 FORCED OIL LUBE BRG PART NO : 313.01DRG NO : SPI 100197901-0010 MOC : 1.0401; TEGOSTAR738 REMARK : NILOLD MESC: 31.80.99.018.8 EQUIPMENT DETAILS : FEED PUMP EQUIPMENT MODEL : GSG 150-360 MNFR NAME & ADDRESS : SULZER PUMPS INDIA LIMITED EQUIPMENT LOCATION : DHT PROJECT NAME : DHT TAG NO : 151P101A/B SERIAL NO : 534555 & 534556 DRAWING NO : SPI 100197901-0010 OLD MATERIAL CODE : 31.80.99.018.8,",MIRA_BPCL_equipment_material_corpus_FINAL_with_org(2),1,1
BPCL,Bharat Petroleum Corporation Limited,31.28.90.006.5,SHORT DESCRIPTION : THROAT BUSH DIN/BOM NO.: 456.01,pump,,PC,,,,,,,,,COMPONENT: 204425007036,"11-13 CHROME, 400 TO 450 HB THROAT BUSH DIN/BOM NO.: 456.01 BPCL STOCK FORM NO : 22473",,ZF 25-2200 MNFR NAME & ADDRESS : SULZER PUMPS INDIA LIMITED EQUIPMENT,ISOM,,,,,,,109,"Organization: BPCL | Location: ISOM | Item: SHORT DESCRIPTION : THROAT BUSH DIN/BOM NO.: 456.01 | Type: pump | Material Code: 31.28.90.006.5 | Part Number: COMPONENT: 204425007036 | MOC: 11-13 CHROME, 400 TO 450 HB THROAT BUSH DIN/BOM NO.: 456.01 BPCL STOCK FORM NO : 22473 | Model: ZF 25-2200 MNFR NAME & ADDRESS : SULZER PUMPS INDIA LIMITED EQUIPMENT | Tag No: 065NNP622 | Details: PART NUMBER : COMPONENT: 204425007036 MATGRP : 31 UOM : PC MATERIAL OF CONSTRUCTION : 11-13 CHROME, 400 TO 450 HB THROAT BUSH DIN/BOM NO.: 456.01 BPCL STOCK FORM NO : 22473 EQUIPMENT DETAILS : CENTRIFUGAL PUMP SPARES EQUIPMENT MODEL : ZF 25-2200 MNFR NAME & ADDRESS : SULZER PUMPS INDIA LIMITED EQUIPMENT LOCATION : ISOM TAG NO : 065NNP622 SERIAL NO : 577133 OLD MATERIAL CODE : 31.85.99.097.8",MIRA_BPCL_equipment_material_corpus_FINAL_with_org(2),1,1
BPCL,Bharat Petroleum Corporation Limited,31.28.52.004.5,SHORT DESCRIPTION : GASKET;SPIRAL WOUND; STYLE CG,gasket/seal,,PC,,,,,,,,,ARTICLE NO: 021026020322,316L/GRAPHITE GASKET;SPIRAL WOUND;STYLE CG 400.05 ARTICLE NO: 021026020322 BPCL STOCK FORM NO : 22306 NIL,,ZF 150-4400 MNFR NAME & ADDRESS : SULZER PUMPS INDIA LIMITED EQUIPMENT,DHT,DHT,,,,,,39,Organization: BPCL | Location: DHT | Item: SHORT DESCRIPTION : GASKET;SPIRAL WOUND; STYLE CG | Type: gasket/seal | Material Code: 31.28.52.004.5 | Part Number: ARTICLE NO: 021026020322 | MOC: 316L/GRAPHITE GASKET;SPIRAL WOUND;STYLE CG 400.05 ARTICLE NO: 021026020322 BPCL STOCK FORM NO : 22306 NIL | Model: ZF 150-4400 MNFR NAME & ADDRESS : SULZER PUMPS INDIA LIMITED EQUIPMENT | Tag No: 151P201A/B | Project: DHT | Details: PART NUMBER : ARTICLE NO: 021026020322 MATGRP : 31 UOM : PC MATERIAL OF CONSTRUCTION : 316L/GRAPHITE GASKET;SPIRAL WOUND;STYLE CG 400.05 ARTICLE NO: 021026020322 BPCL STOCK FORM NO : 22306 NIL EQUIPMENT DETAILS : DIESEL PRODUCT PUMPS EQUIPMENT MODEL : ZF 150-4400 MNFR NAME & ADDRESS : SULZER PUMPS INDIA LIMITED EQUIPMENT LOCATION : DHT PROJECT NAME : DHT TAG NO : 151P201A/B SERIAL NO : Q/0100213445-0010(577140) & Q/0100213445-0020(577141),MIRA_BPCL_equipment_material_corpus_FINAL_with_org(2),1,1
BPCL,Bharat Petroleum Corporation Limited,31.28.52.005.5,SHORT DESCRIPTION : OIL RING ZE LK-4,pump,,PC,,,,,,,,,ARTICLE NO:104063212500,EPDM T150 (ETHYLENE- PROPYLENE) OIL RING ZE LK-4 SUPPLIERS PART NO:644.01 ARTICLE NO:104063212500 BPCL STOCK FORM NO : 22306 NIL,,ZF 150-4400 MNFR NAME & ADDRESS : SULZER PUMPS INDIA LIMITED EQUIPMENT,DHT,DHT,,,,,,40,Organization: BPCL | Location: DHT | Item: SHORT DESCRIPTION : OIL RING ZE LK-4 | Type: pump | Material Code: 31.28.52.005.5 | Part Number: ARTICLE NO:104063212500 | MOC: EPDM T150 (ETHYLENE- PROPYLENE) OIL RING ZE LK-4 SUPPLIERS PART NO:644.01 ARTICLE NO:104063212500 BPCL STOCK FORM NO : 22306 NIL | Model: ZF 150-4400 MNFR NAME & ADDRESS : SULZER PUMPS INDIA LIMITED EQUIPMENT | Tag No: 151P201A/B | Project: DHT | Details: PART NUMBER : ARTICLE NO:104063212500 MATGRP : 31 UOM : PC MATERIAL OF CONSTRUCTION : EPDM T150 (ETHYLENE- PROPYLENE) OIL RING ZE LK-4 SUPPLIERS PART NO:644.01 ARTICLE NO:104063212500 BPCL STOCK FORM NO : 22306 NIL EQUIPMENT DETAILS : DIESEL PRODUCT PUMPS EQUIPMENT MODEL : ZF 150-4400 MNFR NAME & ADDRESS : SULZER PUMPS INDIA LIMITED EQUIPMENT LOCATION : DHT PROJECT NAME : DHT TAG NO : 151P201A/B SERIAL NO : Q/0100213445-0010(577140) & Q/0100213445-0020(577141),MIRA_BPCL_equipment_material_corpus_FINAL_with_org(2),1,1
BPCL,Bharat Petroleum Corporation Limited,31.28.52.009.5,SHORT DESCRIPTION : IMPELLER WEAR RING ZE150-400,impeller,,PC,,,,,,,,,ARTICLE NO:104063836508,GR CA6NM ; NACE IMPELLER WEAR RING ZE150-400 SUPPLIERS PART NO:503.02 ARTICLE NO:104063836508 BPCL STOCK FORM NO : 22306,,ZF 150-4400 MNFR NAME & ADDRESS : SULZER PUMPS INDIA LIMITED EQUIPMENT,DHT,DHT,,,,,,41,Organization: BPCL | Location: DHT | Item: SHORT DESCRIPTION : IMPELLER WEAR RING ZE150-400 | Type: impeller | Material Code: 31.28.52.009.5 | Part Number: ARTICLE NO:104063836508 | MOC: GR CA6NM ; NACE IMPELLER WEAR RING ZE150-400 SUPPLIERS PART NO:503.02 ARTICLE NO:104063836508 BPCL STOCK FORM NO : 22306 | Model: ZF 150-4400 MNFR NAME & ADDRESS : SULZER PUMPS INDIA LIMITED EQUIPMENT | Tag No: 151P201A/B | Project: DHT | Details: PART NUMBER : ARTICLE NO:104063836508 MATGRP : 31 UOM : PC MATERIAL OF CONSTRUCTION : GR CA6NM ; NACE IMPELLER WEAR RING ZE150-400 SUPPLIERS PART NO:503.02 ARTICLE NO:104063836508 BPCL STOCK FORM NO : 22306 EQUIPMENT DETAILS : DIESEL PRODUCT PUMPS EQUIPMENT MODEL : ZF 150-4400 MNFR NAME & ADDRESS : SULZER PUMPS INDIA LIMITED EQUIPMENT LOCATION : DHT PROJECT NAME : DHT TAG NO : 151P201A/B SERIAL NO : Q/0100213445-0010(577140) & Q/0100213445-0020(577141),MIRA_BPCL_equipment_material_corpus_FINAL_with_org(2),1,1
BPCL,Bharat Petroleum Corporation Limited,31.28.52.013.5,"SHORT DESCRIPTION : FAN LK-4' , SULZER",pump,,PC,,,,,,,,,ARTICLE NO: 104067023500,GR 356.0; FAN LK-4 SUPPLIERS PART NO:831.01 ARTICLE NO: 104067023500 BPCL STOCK FORM NO : 22306 NIL NIL,,ZF 150-4400 MNFR NAME & ADDRESS : SULZER PUMPS INDIA LIMITED EQUIPMENT,DHT,DHT,,,,,,43,"Organization: BPCL | Location: DHT | Item: SHORT DESCRIPTION : FAN LK-4' , SULZER | Type: pump | Material Code: 31.28.52.013.5 | Part Number: ARTICLE NO: 104067023500 | MOC: GR 356.0; FAN LK-4 SUPPLIERS PART NO:831.01 ARTICLE NO: 104067023500 BPCL STOCK FORM NO : 22306 NIL NIL | Model: ZF 150-4400 MNFR NAME & ADDRESS : SULZER PUMPS INDIA LIMITED EQUIPMENT | Tag No: 151P201A/B | Project: DHT | Details: PART NUMBER : ARTICLE NO: 104067023500 MATGRP : 31 UOM : PC MATERIAL OF CONSTRUCTION : GR 356.0; FAN LK-4 SUPPLIERS PART NO:831.01 ARTICLE NO: 104067023500 BPCL STOCK FORM NO : 22306 NIL NIL EQUIPMENT DETAILS : DIESEL PRODUCT PUMPS EQUIPMENT MODEL : ZF 150-4400 MNFR NAME & ADDRESS : SULZER PUMPS INDIA LIMITED EQUIPMENT LOCATION : DHT PROJECT NAME : DHT TAG NO : 151P201A/B SERIAL NO : Q/0100213445-0010(577140) & Q/0100213445-0020(577141)",MIRA_BPCL_equipment_material_corpus_FINAL_with_org(2),1,1
BPCL,Bharat Petroleum Corporation Limited,31.28.52.015.5,SHORT DESCRIPTION : THROAT BUSH LK-4; SULZER,pump,,PC,,,,,,,,,ARTICLE NO :204425016006,GR CA6NM; SOFT NITRIDE; NACE THROAT BUSH LK-4 SUPPLIERS PART NO:456.01 ARTICLE NO:204425016006 BPCL STOCK FORM NO : 22306 NIL,,ZF 150-4400 MNFR NAME & ADDRESS : SULZER PUMPS INDIA LIMITED EQUIPMENT,DHT,DHT,,,,,,43,Organization: BPCL | Location: DHT | Item: SHORT DESCRIPTION : THROAT BUSH LK-4; SULZER | Type: pump | Material Code: 31.28.52.015.5 | Part Number: ARTICLE NO :204425016006 | MOC: GR CA6NM; SOFT NITRIDE; NACE THROAT BUSH LK-4 SUPPLIERS PART NO:456.01 ARTICLE NO:204425016006 BPCL STOCK FORM NO : 22306 NIL | Model: ZF 150-4400 MNFR NAME & ADDRESS : SULZER PUMPS INDIA LIMITED EQUIPMENT | Tag No: 151P201A/B | Project: DHT | Details: PART NUMBER : ARTICLE NO :204425016006 MATGRP : 31 UOM : PC MATERIAL OF CONSTRUCTION : GR CA6NM; SOFT NITRIDE; NACE THROAT BUSH LK-4 SUPPLIERS PART NO:456.01 ARTICLE NO:204425016006 BPCL STOCK FORM NO : 22306 NIL EQUIPMENT DETAILS : DIESEL PRODUCT PUMPS EQUIPMENT MODEL : ZF 150-4400 MNFR NAME & ADDRESS : SULZER PUMPS INDIA LIMITED EQUIPMENT LOCATION : DHT PROJECT NAME : DHT TAG NO : 151P201A/B SERIAL NO : Q/0100213445-0010(577140) & Q/0100213445-0020(577141),MIRA_BPCL_equipment_material_corpus_FINAL_with_org(2),1,1
BPCL,Bharat Petroleum Corporation Limited,31.28.52.016.5,SHORT DESCRIPTION : THREAD INSERT MIDGRIP; SULZER,pump,,PC,,,,,,,,,ARTICLE NO:204425016006,GR 304 THREAD INSERT MIDGRIP SUPPLIERS PART NO:915.01 ARTICLE NO:204425016006 BPCL STOCK FORM NO : 22306 N,,ZF 150-4400 MNFR NAME & ADDRESS : SULZER PUMPS INDIA LIMITED EQUIPMENT,DHT,DHT,,,,,,44,Organization: BPCL | Location: DHT | Item: SHORT DESCRIPTION : THREAD INSERT MIDGRIP; SULZER | Type: pump | Material Code: 31.28.52.016.5 | Part Number: ARTICLE NO:204425016006 | MOC: GR 304 THREAD INSERT MIDGRIP SUPPLIERS PART NO:915.01 ARTICLE NO:204425016006 BPCL STOCK FORM NO : 22306 N | Model: ZF 150-4400 MNFR NAME & ADDRESS : SULZER PUMPS INDIA LIMITED EQUIPMENT | Tag No: 151P201A/B | Project: DHT | Details: PART NUMBER : ARTICLE NO:204425016006 MATGRP : 31 UOM : PC MATERIAL OF CONSTRUCTION : GR 304 THREAD INSERT MIDGRIP SUPPLIERS PART NO:915.01 ARTICLE NO:204425016006 BPCL STOCK FORM NO : 22306 N EQUIPMENT DETAILS : DIESEL PRODUCT PUMPS EQUIPMENT MODEL : ZF 150-4400 MNFR NAME & ADDRESS : SULZER PUMPS INDIA LIMITED EQUIPMENT LOCATION : DHT PROJECT NAME : DHT TAG NO : 151P201A/B SERIAL NO : Q/0100213445-0010(577140) & Q/0100213445-0020(577141),MIRA_BPCL_equipment_material_corpus_FINAL_with_org(2),1,1
BPCL,Bharat Petroleum Corporation Limited,31.28.53.005.5,SHORT DESCRIPTION : DISC;MACHINED - 16 NOS.,pump,,PC,,,,,,,,,554.01,BS970 GR 709M40 (EN19) WNT (SOFT NITRIDED) DISC;MACHINED - 16 NOS. PART NO : 554.01DRG NO : SPI 100197901-0010 MOC : BS970 GR 709M40 (EN19) WNT (SOFT NITRIDED),,GSG 150-360 MNFR NAME & ADDRESS : SULZER PUMPS INDIA LIMITED EQUIPMENT,DHT,DHT,,,,,,45,"Organization: BPCL | Location: DHT | Item: SHORT DESCRIPTION : DISC;MACHINED - 16 NOS. | Type: pump | Material Code: 31.28.53.005.5 | Part Number: 554.01 | MOC: BS970 GR 709M40 (EN19) WNT (SOFT NITRIDED) DISC;MACHINED - 16 NOS. PART NO : 554.01DRG NO : SPI 100197901-0010 MOC : BS970 GR 709M40 (EN19) WNT (SOFT NITRIDED) | Model: GSG 150-360 MNFR NAME & ADDRESS : SULZER PUMPS INDIA LIMITED EQUIPMENT | Tag No: 151P101A/B | Drawing No: SPI 100197901-0010 | Project: DHT | Details: PART NUMBER : 554.01 MATGRP : 31 UOM : PC MATERIAL OF CONSTRUCTION : BS970 GR 709M40 (EN19) WNT (SOFT NITRIDED) DISC;MACHINED - 16 NOS. PART NO : 554.01DRG NO : SPI 100197901-0010 MOC : BS970 GR 709M40 (EN19) WNT (SOFT NITRIDED) REMARK : TOTAL EQUIPMENT DETAILS : FEED PUMP EQUIPMENT MODEL : GSG 150-360 MNFR NAME & ADDRESS : SULZER PUMPS INDIA LIMITED EQUIPMENT LOCATION : DHT PROJECT NAME : DHT TAG NO : 151P101A/B SERIAL NO : 534555 & 534556 DRAWING NO : SPI 100197901-0010 OLD MATERIAL CODE : 31.80.99.013.8,",MIRA_BPCL_equipment_material_corpus_FINAL_with_org(2),1,1
BPCL,Bharat Petroleum Corporation Limited,31.28.53.009.5,"SHORT DESCRIPTION : GASKET , FOR SULZER",gasket/seal,,PC,,,,,,,,,400.03,SYNTHETIC FIBER GASKET PART NO : 400.03DRG NO : SPI 100197901-0010 MOC : SYNTHETIC FIBER,,GSG 150-360 MNFR NAME & ADDRESS : SULZER PUMPS INDIA LIMITED EQUIPMENT,DHT,DHT,,,,,,47,"Organization: BPCL | Location: DHT | Item: SHORT DESCRIPTION : GASKET , FOR SULZER | Type: gasket/seal | Material Code: 31.28.53.009.5 | Part Number: 400.03 | MOC: SYNTHETIC FIBER GASKET PART NO : 400.03DRG NO : SPI 100197901-0010 MOC : SYNTHETIC FIBER | Model: GSG 150-360 MNFR NAME & ADDRESS : SULZER PUMPS INDIA LIMITED EQUIPMENT | Tag No: 151P101A/B | Drawing No: SPI 100197901-0010 | Project: DHT | Details: PART NUMBER : 400.03 MATGRP : 31 UOM : PC MATERIAL OF CONSTRUCTION : SYNTHETIC FIBER GASKET PART NO : 400.03DRG NO : SPI 100197901-0010 MOC : SYNTHETIC FIBER REMARK : NILOLD MESC: 31.80.99.017.8 EQUIPMENT DETAILS : FEED PUMP EQUIPMENT MODEL : GSG 150-360 MNFR NAME & ADDRESS : SULZER PUMPS INDIA LIMITED EQUIPMENT LOCATION : DHT PROJECT NAME : DHT TAG NO : 151P101A/B SERIAL NO : 534555 & 534556 DRAWING NO : SPI 100197901-0010 OLD MATERIAL CODE : 31.80.99.017.8,",MIRA_BPCL_equipment_material_corpus_FINAL_with_org(2),1,1
BPCL,Bharat Petroleum Corporation Limited,31.28.53.013.5,"SHORT DESCRIPTION : GASKET;SPIRAL WOUND;SPZ NG ,SULZER",gasket/seal,,PC,,,,,,,,,400.08,316L/GRAPHITE GASKET;SPIRAL WOUND;SPZ NG PART NO : 400.08DRG NO : SPI 100197901-0010 MOC : 316L/GRAPHITE,,GSG 150-360 MNFR NAME & ADDRESS : SULZER PUMPS INDIA LIMITED EQUIPMENT,DHT,DHT,,,,,,48,"Organization: BPCL | Location: DHT | Item: SHORT DESCRIPTION : GASKET;SPIRAL WOUND;SPZ NG ,SULZER | Type: gasket/seal | Material Code: 31.28.53.013.5 | Part Number: 400.08 | MOC: 316L/GRAPHITE GASKET;SPIRAL WOUND;SPZ NG PART NO : 400.08DRG NO : SPI 100197901-0010 MOC : 316L/GRAPHITE | Model: GSG 150-360 MNFR NAME & ADDRESS : SULZER PUMPS INDIA LIMITED EQUIPMENT | Tag No: 151P101A/B | Drawing No: SPI 100197901-0010 | Project: DHT | Details: PART NUMBER : 400.08 MATGRP : 31 UOM : PC MATERIAL OF CONSTRUCTION : 316L/GRAPHITE GASKET;SPIRAL WOUND;SPZ NG PART NO : 400.08DRG NO : SPI 100197901-0010 MOC : 316L/GRAPHITE REMARK : NILOLD MESC: 31.80.99.021.8 EQUIPMENT DETAILS : FEED PUMP EQUIPMENT MODEL : GSG 150-360 MNFR NAME & ADDRESS : SULZER PUMPS INDIA LIMITED EQUIPMENT LOCATION : DHT PROJECT NAME : DHT TAG NO : 151P101A/B SERIAL NO : 534555 & 534556 DRAWING NO : SPI 100197901-0010 OLD MATERIAL CODE : 31.80.99.021.8,",MIRA_BPCL_equipment_material_corpus_FINAL_with_org(2),1,1
BPCL,Bharat Petroleum Corporation Limited,31.28.53.022.5,SHORT DESCRIPTION : SPLIT RING;MACHINED ; MD,pump,,PC,,,,,,,,,501.03,GR F6NM; NACE;LT; CU<0.3%; UTS 780 - 980 MPA; YS > 685 MPA SPLIT RING;MACHINED;MD PART NO : 501.03DRG NO : SPI 100197901-0010 MOC : GR F6NM; NACE;LT; CU<0.3%; UTS 780 - 980 MPA; YS > 685 MPA,,GSG 150-360 MNFR NAME & ADDRESS : SULZER PUMPS INDIA LIMITED EQUIPMENT,DHT,DHT,,,,,,52,"Organization: BPCL | Location: DHT | Item: SHORT DESCRIPTION : SPLIT RING;MACHINED ; MD | Type: pump | Material Code: 31.28.53.022.5 | Part Number: 501.03 | MOC: GR F6NM; NACE;LT; CU<0.3%; UTS 780 - 980 MPA; YS > 685 MPA SPLIT RING;MACHINED;MD PART NO : 501.03DRG NO : SPI 100197901-0010 MOC : GR F6NM; NACE;LT; CU<0.3%; UTS 780 - 980 MPA; YS > 685 MPA | Model: GSG 150-360 MNFR NAME & ADDRESS : SULZER PUMPS INDIA LIMITED EQUIPMENT | Tag No: 151P101A/B | Drawing No: SPI 100197901-0010 | Project: DHT | Details: PART NUMBER : 501.03 MATGRP : 31 UOM : PC MATERIAL OF CONSTRUCTION : GR F6NM; NACE;LT; CU<0.3%; UTS 780 - 980 MPA; YS > 685 MPA SPLIT RING;MACHINED;MD PART NO : 501.03DRG NO : SPI 100197901-0010 MOC : GR F6NM; NACE;LT; CU<0.3%; UTS 780 - 980 MPA; YS > 685 MPA EQUIPMENT DETAILS : FEED PUMP EQUIPMENT MODEL : GSG 150-360 MNFR NAME & ADDRESS : SULZER PUMPS INDIA LIMITED EQUIPMENT LOCATION : DHT PROJECT NAME : DHT TAG NO : 151P101A/B SERIAL NO : 534555 & 534556 DRAWING NO : SPI 100197901-0010 OLD MATERIAL CODE : 31.80.99.030.8,",MIRA_BPCL_equipment_material_corpus_FINAL_with_org(2),1,1
BPCL,Bharat Petroleum Corporation Limited,31.28.53.026.5,"SHORT DESCRIPTION : GASKET , FOR SULZER",gasket/seal,,PC,,,,,,,,,400.23,PTFE 95A GASKET PART NO : 400.23DRG NO : SPI 100197901-0010 MOC : PTFE 95A,,GSG 150-360 MNFR NAME & ADDRESS : SULZER PUMPS INDIA LIMITED EQUIPMENT,DHT,DHT,,,,,,54,"Organization: BPCL | Location: DHT | Item: SHORT DESCRIPTION : GASKET , FOR SULZER | Type: gasket/seal | Material Code: 31.28.53.026.5 | Part Number: 400.23 | MOC: PTFE 95A GASKET PART NO : 400.23DRG NO : SPI 100197901-0010 MOC : PTFE 95A | Model: GSG 150-360 MNFR NAME & ADDRESS : SULZER PUMPS INDIA LIMITED EQUIPMENT | Tag No: 151P101A/B | Drawing No: SPI 100197901-0010 | Project: DHT | Details: PART NUMBER : 400.23 MATGRP : 31 UOM : PC MATERIAL OF CONSTRUCTION : PTFE 95A GASKET PART NO : 400.23DRG NO : SPI 100197901-0010 MOC : PTFE 95A REMARK : NILOLD MESC: 31.80.99.034.8 EQUIPMENT DETAILS : FEED PUMP EQUIPMENT MODEL : GSG 150-360 MNFR NAME & ADDRESS : SULZER PUMPS INDIA LIMITED EQUIPMENT LOCATION : DHT PROJECT NAME : DHT TAG NO : 151P101A/B SERIAL NO : 534555 & 534556 DRAWING NO : SPI 100197901-0010 OLD MATERIAL CODE : 31.80.99.034.8,",MIRA_BPCL_equipment_material_corpus_FINAL_with_org(2),1,1
BPCL,Bharat Petroleum Corporation Limited,31.28.53.034.5,SHORT DESCRIPTION : SPLIT RING; MACHINED; GSG,pump,,PC,,,,,,,,,501.02,GR F6NM SPLIT RING;MACHINED;GSG PART NO : 501.02DRG NO : SPI 100197901-0010 MOC : GR F6NM,,GSG 150-360 MNFR NAME & ADDRESS : SULZER PUMPS INDIA LIMITED EQUIPMENT,DHT,DHT,,,,,,57,"Organization: BPCL | Location: DHT | Item: SHORT DESCRIPTION : SPLIT RING; MACHINED; GSG | Type: pump | Material Code: 31.28.53.034.5 | Part Number: 501.02 | MOC: GR F6NM SPLIT RING;MACHINED;GSG PART NO : 501.02DRG NO : SPI 100197901-0010 MOC : GR F6NM | Model: GSG 150-360 MNFR NAME & ADDRESS : SULZER PUMPS INDIA LIMITED EQUIPMENT | Tag No: 151P101A/B | Drawing No: SPI 100197901-0010 | Project: DHT | Details: PART NUMBER : 501.02 MATGRP : 31 UOM : PC MATERIAL OF CONSTRUCTION : GR F6NM SPLIT RING;MACHINED;GSG PART NO : 501.02DRG NO : SPI 100197901-0010 MOC : GR F6NM REMARK : NILOLD MESC: 31.80.99.042.8 EQUIPMENT DETAILS : FEED PUMP EQUIPMENT MODEL : GSG 150-360 MNFR NAME & ADDRESS : SULZER PUMPS INDIA LIMITED EQUIPMENT LOCATION : DHT PROJECT NAME : DHT TAG NO : 151P101A/B SERIAL NO : 534555 & 534556 DRAWING NO : SPI 100197901-0010 OLD MATERIAL CODE : 31.80.99.042.8,",MIRA_BPCL_equipment_material_corpus_FINAL_with_org(2),1,1
BPCL,Bharat Petroleum Corporation Limited,31.28.91.002.5,SHORT DESCRIPTION : BEARING COOLING TEE PIECE,bearing,,ST,,,,,,,,,2,"BRASS BEARING COOLING TEE PIECE . MOC - BRASS, MAKE - SULZER. PUMP: 144P-138A/B,",,"GSG 80-260/6, SERIAL NO:514433 / 514434. STOCK FORM NO. 22719 EQUIPMENT DETAILS : 144P138A/B - SLOP DISTILLATE EQUIPMENT MODEL : MODEL NO.-SG 80-260/6 . SERIAL NO.-514433/514434 EQUIPMENT MNFR NAME : SULZER EQUIPMENT",CDU4,,,,,,,109,"Organization: BPCL | Location: CDU4 | Item: SHORT DESCRIPTION : BEARING COOLING TEE PIECE | Type: bearing | Material Code: 31.28.91.002.5 | Part Number: 2 | MOC: BRASS BEARING COOLING TEE PIECE . MOC - BRASS, MAKE - SULZER. PUMP: 144P-138A/B, | Model: GSG 80-260/6, SERIAL NO:514433 / 514434. STOCK FORM NO. 22719 EQUIPMENT DETAILS : 144P138A/B - SLOP DISTILLATE EQUIPMENT MODEL : MODEL NO.-SG 80-260/6 . SERIAL NO.-514433/514434 EQUIPMENT MNFR NAME : SULZER EQUIPMENT | Tag No: 144P138A/B - SLOP DISTILLATE | Serial No: 514433 / 514434. STOCK FORM NO. 22719 EQUIPMENT DETAILS : 144P138A/B - SLOP DISTILLATE EQUIPMENT MODEL : MODEL NO.-SG 80-260/6 . SERIAL NO.-514433/514434 EQUIPMENT MNFR NAME : SULZER EQUIPMENT | Details: PART NUMBER : 2 MATGRP : 31 UOM : ST MATERIAL OF CONSTRUCTION : BRASS BEARING COOLING TEE PIECE . MOC - BRASS, MAKE - SULZER. PUMP: 144P-138A/B, MODEL :GSG 80-260/6, SERIAL NO:514433 / 514434. STOCK FORM NO. 22719 EQUIPMENT DETAILS : 144P138A/B - SLOP DISTILLATE EQUIPMENT MODEL : MODEL NO.-SG 80-260/6 . SERIAL NO.-514433/514434 EQUIPMENT MNFR NAME : SULZER EQUIPMENT LOCATION : CDU4 TAG NO : 144P138A/B - SLOP DISTILLATE SERIAL NO : 144P138A/B - SLOP DISTILLATE OLD MATERIAL CODE : 31.85.99.172.8",MIRA_BPCL_equipment_material_corpus_FINAL_with_org(2),1,1
BPCL,Bharat Petroleum Corporation Limited,31.28.04.753.5,SHAFT WITH KEYS AND LOCK NUTS,pump,,,,,,,,,,,501,EN-19,,CC-40-250,AROMATICS RECOVERY UNIT,,,,,,,6,Organization: BPCL | Location: AROMATICS RECOVERY UNIT | Item: SHAFT WITH KEYS AND LOCK NUTS | Type: pump | Material Code: 31.28.04.753.5 | Part Number: 501 | MOC: EN-19 | Model: CC-40-250 | Serial No: 6253/54 | Drawing No: CS/260/3/82-83/R1 FOR KHIMLINE PUMP MODEL:CC-40-250 SL.NO:6253/54 | Details: MOC:EN-19 PN:501 EIL DW.NO:CS/260/3/82-83/R1 FOR KHIMLINE PUMP MODEL:CC-40-250 SL.NO:6253/54 LOCATION:AROMATICS RECOVERY UNIT TAG NO:070-P-208-A/B,MIRA_BPCL_equipment_material_corpus_FINAL_with_org(2),1,1
BPCL,Bharat Petroleum Corporation Limited,31.28.52.006.5,SHORT DESCRIPTION : SPACER RING OUTRER,pump,,PC,,,,,,,,,ARTICLE NO:104063616500,GR 080M40 (EN8) SPACER RING (OUTRER) SUPPLIERS PART NO: 504.03 ARTICLE NO:104063616500 BPCL STOCK FORM NO : 22306 N,,ZF 150-4400 MNFR NAME & ADDRESS : SULZER PUMPS INDIA LIMITED EQUIPMENT,DHT,DHT,,,,,,40,Organization: BPCL | Location: DHT | Item: SHORT DESCRIPTION : SPACER RING OUTRER | Type: pump | Material Code: 31.28.52.006.5 | Part Number: ARTICLE NO:104063616500 | MOC: GR 080M40 (EN8) SPACER RING (OUTRER) SUPPLIERS PART NO: 504.03 ARTICLE NO:104063616500 BPCL STOCK FORM NO : 22306 N | Model: ZF 150-4400 MNFR NAME & ADDRESS : SULZER PUMPS INDIA LIMITED EQUIPMENT | Tag No: 151P201A/B | Project: DHT | Details: PART NUMBER : ARTICLE NO:104063616500 MATGRP : 31 UOM : PC MATERIAL OF CONSTRUCTION : GR 080M40 (EN8) SPACER RING (OUTRER) SUPPLIERS PART NO: 504.03 ARTICLE NO:104063616500 BPCL STOCK FORM NO : 22306 N EQUIPMENT DETAILS : DIESEL PRODUCT PUMPS EQUIPMENT MODEL : ZF 150-4400 MNFR NAME & ADDRESS : SULZER PUMPS INDIA LIMITED EQUIPMENT LOCATION : DHT PROJECT NAME : DHT TAG NO : 151P201A/B SERIAL NO : Q/0100213445-0010(577140) & Q/0100213445-0020(577141),MIRA_BPCL_equipment_material_corpus_FINAL_with_org(2),1,1
BPCL,Bharat Petroleum Corporation Limited,31.28.52.007.5,SHORT DESCRIPTION : SPACER RING (INNER),pump,,PC,,,,,,,,,ARTICLE NO:104063615500,GR 080M40 (EN8) SPACER RING (INNER) SUPPLIERS PART NO: 504.02 ARTICLE NO:104063615500 BPCL STOCK FORM NO : 22306 NI,,ZF 150-4400 MNFR NAME & ADDRESS : SULZER PUMPS INDIA LIMITED EQUIPMENT,DHT,DHT,,,,,,40,Organization: BPCL | Location: DHT | Item: SHORT DESCRIPTION : SPACER RING (INNER) | Type: pump | Material Code: 31.28.52.007.5 | Part Number: ARTICLE NO:104063615500 | MOC: GR 080M40 (EN8) SPACER RING (INNER) SUPPLIERS PART NO: 504.02 ARTICLE NO:104063615500 BPCL STOCK FORM NO : 22306 NI | Model: ZF 150-4400 MNFR NAME & ADDRESS : SULZER PUMPS INDIA LIMITED EQUIPMENT | Tag No: 151P201A/B | Project: DHT | Details: PART NUMBER : ARTICLE NO:104063615500 MATGRP : 31 UOM : PC MATERIAL OF CONSTRUCTION : GR 080M40 (EN8) SPACER RING (INNER) SUPPLIERS PART NO: 504.02 ARTICLE NO:104063615500 BPCL STOCK FORM NO : 22306 NI EQUIPMENT DETAILS : DIESEL PRODUCT PUMPS EQUIPMENT MODEL : ZF 150-4400 MNFR NAME & ADDRESS : SULZER PUMPS INDIA LIMITED EQUIPMENT LOCATION : DHT PROJECT NAME : DHT TAG NO : 151P201A/B SERIAL NO : Q/0100213445-0010(577140) & Q/0100213445-0020(577141),MIRA_BPCL_equipment_material_corpus_FINAL_with_org(2),1,1
BPCL,Bharat Petroleum Corporation Limited,31.28.52.010.5,SHORT DESCRIPTION : STATIONARY RING; MACHINED;150-400,pump,,PC,,,,,,,,,ARTICLE NO :104064200507,GR CA6NM; SOFT NITRIDE; NACE STATIONARY RING;MACHINED;150-400 SUPPLIERS PART NO: 502.02 ARTICLE NO:104064200507 BPCL STOCK FORM NO : 22306,,ZF 150-4400 MNFR NAME & ADDRESS : SULZER PUMPS INDIA LIMITED EQUIPMENT,DHT,DHT,,,,,,42,Organization: BPCL | Location: DHT | Item: SHORT DESCRIPTION : STATIONARY RING; MACHINED;150-400 | Type: pump | Material Code: 31.28.52.010.5 | Part Number: ARTICLE NO :104064200507 | MOC: GR CA6NM; SOFT NITRIDE; NACE STATIONARY RING;MACHINED;150-400 SUPPLIERS PART NO: 502.02 ARTICLE NO:104064200507 BPCL STOCK FORM NO : 22306 | Model: ZF 150-4400 MNFR NAME & ADDRESS : SULZER PUMPS INDIA LIMITED EQUIPMENT | Tag No: 151P201A/B | Project: DHT | Details: PART NUMBER : ARTICLE NO :104064200507 MATGRP : 31 UOM : PC MATERIAL OF CONSTRUCTION : GR CA6NM; SOFT NITRIDE; NACE STATIONARY RING;MACHINED;150-400 SUPPLIERS PART NO: 502.02 ARTICLE NO:104064200507 BPCL STOCK FORM NO : 22306 EQUIPMENT DETAILS : DIESEL PRODUCT PUMPS EQUIPMENT MODEL : ZF 150-4400 MNFR NAME & ADDRESS : SULZER PUMPS INDIA LIMITED EQUIPMENT LOCATION : DHT PROJECT NAME : DHT TAG NO : 151P201A/B SERIAL NO : Q/0100213445-0010(577140) & Q/0100213445-0020(577141),MIRA_BPCL_equipment_material_corpus_FINAL_with_org(2),1,1
BPCL,Bharat Petroleum Corporation Limited,31.28.52.012.5,SHORT DESCRIPTION : IMPELLER NUT LK-4,impeller,,PC,,,,,,,,,ARTICLE NO:104065670514,ASTM A479 TYPE 316L CONDITION A NACE COMPLIANT IMPELLER NUT LK-4 SUPPLIERS PART NO:922.01 ARTICLE NO:104065670514 BPCL STOCK FORM NO : 22306 NIL N,,ZF 150-4400 MNFR NAME & ADDRESS : SULZER PUMPS INDIA LIMITED EQUIPMENT,DHT,DHT,,,,,,42,Organization: BPCL | Location: DHT | Item: SHORT DESCRIPTION : IMPELLER NUT LK-4 | Type: impeller | Material Code: 31.28.52.012.5 | Part Number: ARTICLE NO:104065670514 | MOC: ASTM A479 TYPE 316L CONDITION A NACE COMPLIANT IMPELLER NUT LK-4 SUPPLIERS PART NO:922.01 ARTICLE NO:104065670514 BPCL STOCK FORM NO : 22306 NIL N | Model: ZF 150-4400 MNFR NAME & ADDRESS : SULZER PUMPS INDIA LIMITED EQUIPMENT | Tag No: 151P201A/B | Project: DHT | Details: PART NUMBER : ARTICLE NO:104065670514 MATGRP : 31 UOM : PC MATERIAL OF CONSTRUCTION : ASTM A479 TYPE 316L CONDITION A NACE COMPLIANT IMPELLER NUT LK-4 SUPPLIERS PART NO:922.01 ARTICLE NO:104065670514 BPCL STOCK FORM NO : 22306 NIL N EQUIPMENT DETAILS : DIESEL PRODUCT PUMPS EQUIPMENT MODEL : ZF 150-4400 MNFR NAME & ADDRESS : SULZER PUMPS INDIA LIMITED EQUIPMENT LOCATION : DHT PROJECT NAME : DHT TAG NO : 151P201A/B SERIAL NO : Q/0100213445-0010(577140) & Q/0100213445-0020(577141),MIRA_BPCL_equipment_material_corpus_FINAL_with_org(2),1,1
BPCL,Bharat Petroleum Corporation Limited,31.28.53.006.5,"SHORT DESCRIPTION : RING , SULZER",pump,,PC,,,,,,,,,500.01,PTFE/GRAFITE RING PART NO : 500.01DRG NO : SPI 100197901-0010 MOC : PTFE/GRAFITE,,GSG 150-360 MNFR NAME & ADDRESS : SULZER PUMPS INDIA LIMITED EQUIPMENT,DHT,DHT,,,,,,45,"Organization: BPCL | Location: DHT | Item: SHORT DESCRIPTION : RING , SULZER | Type: pump | Material Code: 31.28.53.006.5 | Part Number: 500.01 | MOC: PTFE/GRAFITE RING PART NO : 500.01DRG NO : SPI 100197901-0010 MOC : PTFE/GRAFITE | Model: GSG 150-360 MNFR NAME & ADDRESS : SULZER PUMPS INDIA LIMITED EQUIPMENT | Tag No: 151P101A/B | Drawing No: SPI 100197901-0010 | Project: DHT | Details: PART NUMBER : 500.01 MATGRP : 31 UOM : PC MATERIAL OF CONSTRUCTION : PTFE/GRAFITE RING PART NO : 500.01DRG NO : SPI 100197901-0010 MOC : PTFE/GRAFITE REMARK : NILOLD MESC: 31.80.99.014.8 EQUIPMENT DETAILS : FEED PUMP EQUIPMENT MODEL : GSG 150-360 MNFR NAME & ADDRESS : SULZER PUMPS INDIA LIMITED EQUIPMENT LOCATION : DHT PROJECT NAME : DHT TAG NO : 151P101A/B SERIAL NO : 534555 & 534556 DRAWING NO : SPI 100197901-0010 OLD MATERIAL CODE : 31.80.99.014.8,",MIRA_BPCL_equipment_material_corpus_FINAL_with_org(2),1,1
BPCL,Bharat Petroleum Corporation Limited,31.28.53.007.5,"SHORT DESCRIPTION : SPACER SLEEVE;MACHINED ,SULZER",pump,,PC,,,,,,,,,525.12,GR CA6NM CL B; NACE;LT; < 255 HB SPACER SLEEVE;MACHINED PART NO : 525.12DRG NO : SPI 100197901-0010 MOC : GR CA6NM CL B; NACE;LT; < 255 HB,,GSG 150-360 MNFR NAME & ADDRESS : SULZER PUMPS INDIA LIMITED EQUIPMENT,DHT,DHT,,,,,,46,"Organization: BPCL | Location: DHT | Item: SHORT DESCRIPTION : SPACER SLEEVE;MACHINED ,SULZER | Type: pump | Material Code: 31.28.53.007.5 | Part Number: 525.12 | MOC: GR CA6NM CL B; NACE;LT; < 255 HB SPACER SLEEVE;MACHINED PART NO : 525.12DRG NO : SPI 100197901-0010 MOC : GR CA6NM CL B; NACE;LT; < 255 HB | Model: GSG 150-360 MNFR NAME & ADDRESS : SULZER PUMPS INDIA LIMITED EQUIPMENT | Tag No: 151P101A/B | Drawing No: SPI 100197901-0010 | Project: DHT | Details: PART NUMBER : 525.12 MATGRP : 31 UOM : PC MATERIAL OF CONSTRUCTION : GR CA6NM CL B; NACE;LT; < 255 HB SPACER SLEEVE;MACHINED PART NO : 525.12DRG NO : SPI 100197901-0010 MOC : GR CA6NM CL B; NACE;LT; < 255 HB REMARK : NILOLD MESC: 31.8 EQUIPMENT DETAILS : FEED PUMP EQUIPMENT MODEL : GSG 150-360 MNFR NAME & ADDRESS : SULZER PUMPS INDIA LIMITED EQUIPMENT LOCATION : DHT PROJECT NAME : DHT TAG NO : 151P101A/B SERIAL NO : 534555 & 534556 DRAWING NO : SPI 100197901-0010 OLD MATERIAL CODE : 31.80.99.015.8,",MIRA_BPCL_equipment_material_corpus_FINAL_with_org(2),1,1
BPCL,Bharat Petroleum Corporation Limited,31.28.53.011.5,"SHORT DESCRIPTION : GASKET , SULZER",gasket/seal,,PC,,,,,,,,,400.05,SYNTHETIC FIBER GASKET PART NO : 400.05DRG NO : SPI 100197901-0010 MOC : SYNTHETIC FIBER,,GSG 150-360 MNFR NAME & ADDRESS : SULZER PUMPS INDIA LIMITED EQUIPMENT,DHT,DHT,,,,,,47,"Organization: BPCL | Location: DHT | Item: SHORT DESCRIPTION : GASKET , SULZER | Type: gasket/seal | Material Code: 31.28.53.011.5 | Part Number: 400.05 | MOC: SYNTHETIC FIBER GASKET PART NO : 400.05DRG NO : SPI 100197901-0010 MOC : SYNTHETIC FIBER | Model: GSG 150-360 MNFR NAME & ADDRESS : SULZER PUMPS INDIA LIMITED EQUIPMENT | Tag No: 151P101A/B | Drawing No: SPI 100197901-0010 | Project: DHT | Details: PART NUMBER : 400.05 MATGRP : 31 UOM : PC MATERIAL OF CONSTRUCTION : SYNTHETIC FIBER GASKET PART NO : 400.05DRG NO : SPI 100197901-0010 MOC : SYNTHETIC FIBER REMARK : NILOLD MESC: 31.80.99.019.8 EQUIPMENT DETAILS : FEED PUMP EQUIPMENT MODEL : GSG 150-360 MNFR NAME & ADDRESS : SULZER PUMPS INDIA LIMITED EQUIPMENT LOCATION : DHT PROJECT NAME : DHT TAG NO : 151P101A/B SERIAL NO : 534555 & 534556 DRAWING NO : SPI 100197901-0010 OLD MATERIAL CODE : 31.80.99.019.8,",MIRA_BPCL_equipment_material_corpus_FINAL_with_org(2),1,1
BPCL,Bharat Petroleum Corporation Limited,31.28.53.012.5,"SHORT DESCRIPTION : GASKET , SULZER",gasket/seal,,PC,,,,,,,,,400.02,WS 3822 GASKET PART NO : 400.02DRG NO : SPI 100197901-0010 MOC : WS 3822,,GSG 150-360 MNFR NAME & ADDRESS : SULZER PUMPS INDIA LIMITED EQUIPMENT,DHT,DHT,,,,,,48,"Organization: BPCL | Location: DHT | Item: SHORT DESCRIPTION : GASKET , SULZER | Type: gasket/seal | Material Code: 31.28.53.012.5 | Part Number: 400.02 | MOC: WS 3822 GASKET PART NO : 400.02DRG NO : SPI 100197901-0010 MOC : WS 3822 | Model: GSG 150-360 MNFR NAME & ADDRESS : SULZER PUMPS INDIA LIMITED EQUIPMENT | Tag No: 151P101A/B | Drawing No: SPI 100197901-0010 | Project: DHT | Details: PART NUMBER : 400.02 MATGRP : 31 UOM : PC MATERIAL OF CONSTRUCTION : WS 3822 GASKET PART NO : 400.02DRG NO : SPI 100197901-0010 MOC : WS 3822 REMARK : NILOLD MESC: 31.80.99.020.8 EQUIPMENT DETAILS : FEED PUMP EQUIPMENT MODEL : GSG 150-360 MNFR NAME & ADDRESS : SULZER PUMPS INDIA LIMITED EQUIPMENT LOCATION : DHT PROJECT NAME : DHT TAG NO : 151P101A/B SERIAL NO : 534555 & 534556 DRAWING NO : SPI 100197901-0010 OLD MATERIAL CODE : 31.80.99.020.8,",MIRA_BPCL_equipment_material_corpus_FINAL_with_org(2),1,1
BPCL,Bharat Petroleum Corporation Limited,31.28.53.014.5,SHORT DESCRIPTION : GASKET;SPIRAL WOUND;SPZ NG,gasket/seal,,PC,,,,,,,,,400.07,316L/GRAPHITE GASKET;SPIRAL WOUND;SPZ NG PART NO : 400.07DRG NO : SPI 100197901-0010 MOC : 316L/GRAPHITE,,GSG 150-360 MNFR NAME & ADDRESS : SULZER PUMPS INDIA LIMITED EQUIPMENT,DHT,DHT,,,,,,49,"Organization: BPCL | Location: DHT | Item: SHORT DESCRIPTION : GASKET;SPIRAL WOUND;SPZ NG | Type: gasket/seal | Material Code: 31.28.53.014.5 | Part Number: 400.07 | MOC: 316L/GRAPHITE GASKET;SPIRAL WOUND;SPZ NG PART NO : 400.07DRG NO : SPI 100197901-0010 MOC : 316L/GRAPHITE | Model: GSG 150-360 MNFR NAME & ADDRESS : SULZER PUMPS INDIA LIMITED EQUIPMENT | Tag No: 151P101A/B | Drawing No: SPI 100197901-0010 | Project: DHT | Details: PART NUMBER : 400.07 MATGRP : 31 UOM : PC MATERIAL OF CONSTRUCTION : 316L/GRAPHITE GASKET;SPIRAL WOUND;SPZ NG PART NO : 400.07DRG NO : SPI 100197901-0010 MOC : 316L/GRAPHITE REMARK : NILOLD MESC: 31.80.99.022.8 EQUIPMENT DETAILS : FEED PUMP EQUIPMENT MODEL : GSG 150-360 MNFR NAME & ADDRESS : SULZER PUMPS INDIA LIMITED EQUIPMENT LOCATION : DHT PROJECT NAME : DHT TAG NO : 151P101A/B SERIAL NO : 534555 & 534556 DRAWING NO : SPI 100197901-0010 OLD MATERIAL CODE : 31.80.99.022.8,",MIRA_BPCL_equipment_material_corpus_FINAL_with_org(2),1,1
BPCL,Bharat Petroleum Corporation Limited,31.28.53.016.5,SHORT DESCRIPTION : BALANCE DRUM BUSHING;MACHINED,pump,,PC,,,,,,,,,605.01,GR CA40; SOFT NITRIDE; 320 - 350HB; > 600HV; BALANCE DRUM BUSHING;MACHINED;GSG;150-36 PART NO : 605.01DRG NO : SPI 100197901-0010 MOC : GR CA40; SOFT NITRIDE; 320 - 350HB; > 600,,GSG 150-360 MNFR NAME & ADDRESS : SULZER PUMPS INDIA LIMITED EQUIPMENT,DHT,DHT,,,,,,49,"Organization: BPCL | Location: DHT | Item: SHORT DESCRIPTION : BALANCE DRUM BUSHING;MACHINED | Type: pump | Material Code: 31.28.53.016.5 | Part Number: 605.01 | MOC: GR CA40; SOFT NITRIDE; 320 - 350HB; > 600HV; BALANCE DRUM BUSHING;MACHINED;GSG;150-36 PART NO : 605.01DRG NO : SPI 100197901-0010 MOC : GR CA40; SOFT NITRIDE; 320 - 350HB; > 600 | Model: GSG 150-360 MNFR NAME & ADDRESS : SULZER PUMPS INDIA LIMITED EQUIPMENT | Tag No: 151P101A/B | Drawing No: SPI 100197901-0010 | Project: DHT | Details: PART NUMBER : 605.01 MATGRP : 31 UOM : PC MATERIAL OF CONSTRUCTION : GR CA40; SOFT NITRIDE; 320 - 350HB; > 600HV; BALANCE DRUM BUSHING;MACHINED;GSG;150-36 PART NO : 605.01DRG NO : SPI 100197901-0010 MOC : GR CA40; SOFT NITRIDE; 320 - 350HB; > 600 EQUIPMENT DETAILS : FEED PUMP EQUIPMENT MODEL : GSG 150-360 MNFR NAME & ADDRESS : SULZER PUMPS INDIA LIMITED EQUIPMENT LOCATION : DHT PROJECT NAME : DHT TAG NO : 151P101A/B SERIAL NO : 534555 & 534556 DRAWING NO : SPI 100197901-0010 OLD MATERIAL CODE : 31.80.99.024.8,",MIRA_BPCL_equipment_material_corpus_FINAL_with_org(2),1,1
BPCL,Bharat Petroleum Corporation Limited,31.28.53.017.5,"SHORT DESCRIPTION : THRUST COLLAR;MACHINED, SULZER",pump,,PC,,,,,,,,,384.01,BS970 GR 709M40 (EN19) THRUST COLLAR;MACHINED PART NO : 384.01DRG NO : SPI 100197901-0010 MOC : BS970 GR 709M40 (EN19),,GSG 150-360 MNFR NAME & ADDRESS : SULZER PUMPS INDIA LIMITED EQUIPMENT,DHT,DHT,,,,,,50,"Organization: BPCL | Location: DHT | Item: SHORT DESCRIPTION : THRUST COLLAR;MACHINED, SULZER | Type: pump | Material Code: 31.28.53.017.5 | Part Number: 384.01 | MOC: BS970 GR 709M40 (EN19) THRUST COLLAR;MACHINED PART NO : 384.01DRG NO : SPI 100197901-0010 MOC : BS970 GR 709M40 (EN19) | Model: GSG 150-360 MNFR NAME & ADDRESS : SULZER PUMPS INDIA LIMITED EQUIPMENT | Tag No: 151P101A/B | Drawing No: SPI 100197901-0010 | Project: DHT | Details: PART NUMBER : 384.01 MATGRP : 31 UOM : PC MATERIAL OF CONSTRUCTION : BS970 GR 709M40 (EN19) THRUST COLLAR;MACHINED PART NO : 384.01DRG NO : SPI 100197901-0010 MOC : BS970 GR 709M40 (EN19) REMARK : NILOLD MESC: 31.80.99.025.8 EQUIPMENT DETAILS : FEED PUMP EQUIPMENT MODEL : GSG 150-360 MNFR NAME & ADDRESS : SULZER PUMPS INDIA LIMITED EQUIPMENT LOCATION : DHT PROJECT NAME : DHT TAG NO : 151P101A/B SERIAL NO : 534555 & 534556 DRAWING NO : SPI 100197901-0010 OLD MATERIAL CODE : 31.80.99.025.8,",MIRA_BPCL_equipment_material_corpus_FINAL_with_org(2),1,1
BPCL,Bharat Petroleum Corporation Limited,31.28.53.018.5,"SHORT DESCRIPTION : SLEEVE COUPLING, SULZER",pump,,PC,,,,,,,,,849.02,"CL BB, AISI 4140 HT SR 205-269HB (15-28 RC) SLEEVE COUPLING PART NO : 849.02DRG NO : SPI 100197901-0010 MOC : CL BB, AISI 4140 HT SR 205-269HB (15-28 RC)",,GSG 150-360 MNFR NAME & ADDRESS : SULZER PUMPS INDIA LIMITED EQUIPMENT,DHT,DHT,,,,,,50,"Organization: BPCL | Location: DHT | Item: SHORT DESCRIPTION : SLEEVE COUPLING, SULZER | Type: pump | Material Code: 31.28.53.018.5 | Part Number: 849.02 | MOC: CL BB, AISI 4140 HT SR 205-269HB (15-28 RC) SLEEVE COUPLING PART NO : 849.02DRG NO : SPI 100197901-0010 MOC : CL BB, AISI 4140 HT SR 205-269HB (15-28 RC) | Model: GSG 150-360 MNFR NAME & ADDRESS : SULZER PUMPS INDIA LIMITED EQUIPMENT | Tag No: 151P101A/B | Drawing No: SPI 100197901-0010 | Project: DHT | Details: PART NUMBER : 849.02 MATGRP : 31 UOM : PC MATERIAL OF CONSTRUCTION : CL BB, AISI 4140 HT SR 205-269HB (15-28 RC) SLEEVE COUPLING PART NO : 849.02DRG NO : SPI 100197901-0010 MOC : CL BB, AISI 4140 HT SR 205-269HB (15-28 RC) REMARK : NILOLD MESC: EQUIPMENT DETAILS : FEED PUMP EQUIPMENT MODEL : GSG 150-360 MNFR NAME & ADDRESS : SULZER PUMPS INDIA LIMITED EQUIPMENT LOCATION : DHT PROJECT NAME : DHT TAG NO : 151P101A/B SERIAL NO : 534555 & 534556 DRAWING NO : SPI 100197901-0010 OLD MATERIAL CODE : 31.80.99.026.8,",MIRA_BPCL_equipment_material_corpus_FINAL_with_org(2),1,1
BPCL,Bharat Petroleum Corporation Limited,31.28.53.020.5,SHORT DESCRIPTION : STATIONARY RING ;MACH,pump,,PC,,,,,,,,,502.06,GR CA40; SOFT NITRIDE; 320 - 350HB; > 600HV; STATIONARY RING;MACH PART NO : 502.06DRG NO : SPI 100197901-0010 MOC : GR CA40; SOFT NITRIDE; 320 - 350HB; > 600HV;,,GSG 150-360 MNFR NAME & ADDRESS : SULZER PUMPS INDIA LIMITED EQUIPMENT,DHT,DHT,,,,,,51,"Organization: BPCL | Location: DHT | Item: SHORT DESCRIPTION : STATIONARY RING ;MACH | Type: pump | Material Code: 31.28.53.020.5 | Part Number: 502.06 | MOC: GR CA40; SOFT NITRIDE; 320 - 350HB; > 600HV; STATIONARY RING;MACH PART NO : 502.06DRG NO : SPI 100197901-0010 MOC : GR CA40; SOFT NITRIDE; 320 - 350HB; > 600HV; | Model: GSG 150-360 MNFR NAME & ADDRESS : SULZER PUMPS INDIA LIMITED EQUIPMENT | Tag No: 151P101A/B | Drawing No: SPI 100197901-0010 | Project: DHT | Details: PART NUMBER : 502.06 MATGRP : 31 UOM : PC MATERIAL OF CONSTRUCTION : GR CA40; SOFT NITRIDE; 320 - 350HB; > 600HV; STATIONARY RING;MACH PART NO : 502.06DRG NO : SPI 100197901-0010 MOC : GR CA40; SOFT NITRIDE; 320 - 350HB; > 600HV; REMARK : NILOLD EQUIPMENT DETAILS : FEED PUMP EQUIPMENT MODEL : GSG 150-360 MNFR NAME & ADDRESS : SULZER PUMPS INDIA LIMITED EQUIPMENT LOCATION : DHT PROJECT NAME : DHT TAG NO : 151P101A/B SERIAL NO : 534555 & 534556 DRAWING NO : SPI 100197901-0010 OLD MATERIAL CODE : 31.80.99.028.8,",MIRA_BPCL_equipment_material_corpus_FINAL_with_org(2),1,1
BPCL,Bharat Petroleum Corporation Limited,31.28.53.021.5,SHORT DESCRIPTION : SPLIT RING;MACHINED; MD,pump,,PC,,,,,,,,,501.01,GR F6NM; NACE;LT; CU<0.3%; UTS 780 - 980 MPA; YS > 685 MPA SPLIT RING;MACHINED;MD PART NO : 501.01DRG NO : SPI 100197901-0010 MOC : GR F6NM; NACE;LT; CU<0.3%; UTS 780 - 980 MPA; YS > 685 MPA,,GSG 150-360 MNFR NAME & ADDRESS : SULZER PUMPS INDIA LIMITED EQUIPMENT,DHT,DHT,,,,,,51,"Organization: BPCL | Location: DHT | Item: SHORT DESCRIPTION : SPLIT RING;MACHINED; MD | Type: pump | Material Code: 31.28.53.021.5 | Part Number: 501.01 | MOC: GR F6NM; NACE;LT; CU<0.3%; UTS 780 - 980 MPA; YS > 685 MPA SPLIT RING;MACHINED;MD PART NO : 501.01DRG NO : SPI 100197901-0010 MOC : GR F6NM; NACE;LT; CU<0.3%; UTS 780 - 980 MPA; YS > 685 MPA | Model: GSG 150-360 MNFR NAME & ADDRESS : SULZER PUMPS INDIA LIMITED EQUIPMENT | Tag No: 151P101A/B | Drawing No: SPI 100197901-0010 | Project: DHT | Details: PART NUMBER : 501.01 MATGRP : 31 UOM : PC MATERIAL OF CONSTRUCTION : GR F6NM; NACE;LT; CU<0.3%; UTS 780 - 980 MPA; YS > 685 MPA SPLIT RING;MACHINED;MD PART NO : 501.01DRG NO : SPI 100197901-0010 MOC : GR F6NM; NACE;LT; CU<0.3%; UTS 780 - 980 MPA; YS > 685 MPA EQUIPMENT DETAILS : FEED PUMP EQUIPMENT MODEL : GSG 150-360 MNFR NAME & ADDRESS : SULZER PUMPS INDIA LIMITED EQUIPMENT LOCATION : DHT PROJECT NAME : DHT TAG NO : 151P101A/B SERIAL NO : 534555 & 534556 DRAWING NO : SPI 100197901-0010 OLD MATERIAL CODE : 31.80.99.029.8,",MIRA_BPCL_equipment_material_corpus_FINAL_with_org(2),1,1
BPCL,Bharat Petroleum Corporation Limited,31.28.53.024.5,SHORT DESCRIPTION : BUSHING ; MACHINED,pump,,PC,,,,,,,,,540.03,GR CA40; SOFT NITRIDE; 320 - 350HB; > 600HV; BUSHING;MACHINED PART NO : 540.03DRG NO : SPI 100197901-0010 MOC : GR CA40; SOFT NITRIDE; 320 - 350HB; > 600HV;,,GSG 150-360 MNFR NAME & ADDRESS : SULZER PUMPS INDIA LIMITED EQUIPMENT,DHT,DHT,,,,,,53,"Organization: BPCL | Location: DHT | Item: SHORT DESCRIPTION : BUSHING ; MACHINED | Type: pump | Material Code: 31.28.53.024.5 | Part Number: 540.03 | MOC: GR CA40; SOFT NITRIDE; 320 - 350HB; > 600HV; BUSHING;MACHINED PART NO : 540.03DRG NO : SPI 100197901-0010 MOC : GR CA40; SOFT NITRIDE; 320 - 350HB; > 600HV; | Model: GSG 150-360 MNFR NAME & ADDRESS : SULZER PUMPS INDIA LIMITED EQUIPMENT | Tag No: 151P101A/B | Drawing No: SPI 100197901-0010 | Project: DHT | Details: PART NUMBER : 540.03 MATGRP : 31 UOM : PC MATERIAL OF CONSTRUCTION : GR CA40; SOFT NITRIDE; 320 - 350HB; > 600HV; BUSHING;MACHINED PART NO : 540.03DRG NO : SPI 100197901-0010 MOC : GR CA40; SOFT NITRIDE; 320 - 350HB; > 600HV; REMARK : NILOLD MESC EQUIPMENT DETAILS : FEED PUMP EQUIPMENT MODEL : GSG 150-360 MNFR NAME & ADDRESS : SULZER PUMPS INDIA LIMITED EQUIPMENT LOCATION : DHT PROJECT NAME : DHT TAG NO : 151P101A/B SERIAL NO : 534555 & 534556 DRAWING NO : SPI 100197901-0010 OLD MATERIAL CODE : 31.80.99.032.8,",MIRA_BPCL_equipment_material_corpus_FINAL_with_org(2),1,1
BPCL,Bharat Petroleum Corporation Limited,31.28.53.028.5,"SHORT DESCRIPTION : THROTTLE RING;MACHINED, SULZER",pump,,PC,,,,,,,,,516.02,GR 080M40 (EN8) THROTTLE RING;MACHINED PART NO : 516.02DRG NO : SPI 100197901-0010 MOC : GR 080M40 (EN8),,GSG 150-360 MNFR NAME & ADDRESS : SULZER PUMPS INDIA LIMITED EQUIPMENT,DHT,DHT,,,,,,54,"Organization: BPCL | Location: DHT | Item: SHORT DESCRIPTION : THROTTLE RING;MACHINED, SULZER | Type: pump | Material Code: 31.28.53.028.5 | Part Number: 516.02 | MOC: GR 080M40 (EN8) THROTTLE RING;MACHINED PART NO : 516.02DRG NO : SPI 100197901-0010 MOC : GR 080M40 (EN8) | Model: GSG 150-360 MNFR NAME & ADDRESS : SULZER PUMPS INDIA LIMITED EQUIPMENT | Tag No: 151P101A/B | Drawing No: SPI 100197901-0010 | Project: DHT | Details: PART NUMBER : 516.02 MATGRP : 31 UOM : PC MATERIAL OF CONSTRUCTION : GR 080M40 (EN8) THROTTLE RING;MACHINED PART NO : 516.02DRG NO : SPI 100197901-0010 MOC : GR 080M40 (EN8) REMARK : NILOLD MESC: 31.80.99.036.8 EQUIPMENT DETAILS : FEED PUMP EQUIPMENT MODEL : GSG 150-360 MNFR NAME & ADDRESS : SULZER PUMPS INDIA LIMITED EQUIPMENT LOCATION : DHT PROJECT NAME : DHT TAG NO : 151P101A/B SERIAL NO : 534555 & 534556 DRAWING NO : SPI 100197901-0010 OLD MATERIAL CODE : 31.80.99.036.8,",MIRA_BPCL_equipment_material_corpus_FINAL_with_org(2),1,1
BPCL,Bharat Petroleum Corporation Limited,31.28.53.030.5,SHORT DESCRIPTION : SPACER RING; MACHINED,pump,,PC,,,,,,,,,504.05,TYPE 420 (MOD) 255 HB MAX SPACER RING;MACHINED PART NO : 504.05DRG NO : SPI 100197901-0010 MOC : TYPE 420 (MOD) 255 HB MAX,,GSG 150-360 MNFR NAME & ADDRESS : SULZER PUMPS INDIA LIMITED EQUIPMENT,DHT,DHT,,,,,,55,"Organization: BPCL | Location: DHT | Item: SHORT DESCRIPTION : SPACER RING; MACHINED | Type: pump | Material Code: 31.28.53.030.5 | Part Number: 504.05 | MOC: TYPE 420 (MOD) 255 HB MAX SPACER RING;MACHINED PART NO : 504.05DRG NO : SPI 100197901-0010 MOC : TYPE 420 (MOD) 255 HB MAX | Model: GSG 150-360 MNFR NAME & ADDRESS : SULZER PUMPS INDIA LIMITED EQUIPMENT | Tag No: 151P101A/B | Drawing No: SPI 100197901-0010 | Project: DHT | Details: PART NUMBER : 504.05 MATGRP : 31 UOM : PC MATERIAL OF CONSTRUCTION : TYPE 420 (MOD) 255 HB MAX SPACER RING;MACHINED PART NO : 504.05DRG NO : SPI 100197901-0010 MOC : TYPE 420 (MOD) 255 HB MAX REMARK : NILOLD MESC: 31.80.99.038. EQUIPMENT DETAILS : FEED PUMP EQUIPMENT MODEL : GSG 150-360 MNFR NAME & ADDRESS : SULZER PUMPS INDIA LIMITED EQUIPMENT LOCATION : DHT PROJECT NAME : DHT TAG NO : 151P101A/B SERIAL NO : 534555 & 534556 DRAWING NO : SPI 100197901-0010 OLD MATERIAL CODE : 31.80.99.038.8,",MIRA_BPCL_equipment_material_corpus_FINAL_with_org(2),1,1
BPCL,Bharat Petroleum Corporation Limited,31.28.53.031.5,SHORT DESCRIPTION : STATIONARY RING; MACH,pump,,PC,,,,,,,,,502.07,GR CA40; SOFT NITRIDE; 320 - 350HB; > 600HV; STATIONARY RING;MACH PART NO : 502.07DRG NO : SPI 100197901-0010 MOC : GR CA40; SOFT NITRIDE; 320 - 350HB; > 600HV;,,GSG 150-360 MNFR NAME & ADDRESS : SULZER PUMPS INDIA LIMITED EQUIPMENT,DHT,DHT,,,,,,56,"Organization: BPCL | Location: DHT | Item: SHORT DESCRIPTION : STATIONARY RING; MACH | Type: pump | Material Code: 31.28.53.031.5 | Part Number: 502.07 | MOC: GR CA40; SOFT NITRIDE; 320 - 350HB; > 600HV; STATIONARY RING;MACH PART NO : 502.07DRG NO : SPI 100197901-0010 MOC : GR CA40; SOFT NITRIDE; 320 - 350HB; > 600HV; | Model: GSG 150-360 MNFR NAME & ADDRESS : SULZER PUMPS INDIA LIMITED EQUIPMENT | Tag No: 151P101A/B | Drawing No: SPI 100197901-0010 | Project: DHT | Details: PART NUMBER : 502.07 MATGRP : 31 UOM : PC MATERIAL OF CONSTRUCTION : GR CA40; SOFT NITRIDE; 320 - 350HB; > 600HV; STATIONARY RING;MACH PART NO : 502.07DRG NO : SPI 100197901-0010 MOC : GR CA40; SOFT NITRIDE; 320 - 350HB; > 600HV; REMARK : NILOLD EQUIPMENT DETAILS : FEED PUMP EQUIPMENT MODEL : GSG 150-360 MNFR NAME & ADDRESS : SULZER PUMPS INDIA LIMITED EQUIPMENT LOCATION : DHT PROJECT NAME : DHT TAG NO : 151P101A/B SERIAL NO : 534555 & 534556 DRAWING NO : SPI 100197901-0010 OLD MATERIAL CODE : 31.80.99.039.8,",MIRA_BPCL_equipment_material_corpus_FINAL_with_org(2),1,1
BPCL,Bharat Petroleum Corporation Limited,31.28.53.033.5,SHORT DESCRIPTION : SPACER SLEEVE; MACHINED,pump,,PC,,,,,,,,,525.03,GR CA6NM CL B; NACE;LT; < 255 HB SPACER SLEEVE;MACHINED PART NO : 525.03DRG NO : SPI 100197901-0010 MOC : GR CA6NM CL B; NACE;LT; < 255 HB,,GSG 150-360 MNFR NAME & ADDRESS : SULZER PUMPS INDIA LIMITED EQUIPMENT,DHT,DHT,,,,,,56,"Organization: BPCL | Location: DHT | Item: SHORT DESCRIPTION : SPACER SLEEVE; MACHINED | Type: pump | Material Code: 31.28.53.033.5 | Part Number: 525.03 | MOC: GR CA6NM CL B; NACE;LT; < 255 HB SPACER SLEEVE;MACHINED PART NO : 525.03DRG NO : SPI 100197901-0010 MOC : GR CA6NM CL B; NACE;LT; < 255 HB | Model: GSG 150-360 MNFR NAME & ADDRESS : SULZER PUMPS INDIA LIMITED EQUIPMENT | Tag No: 151P101A/B | Drawing No: SPI 100197901-0010 | Project: DHT | Details: PART NUMBER : 525.03 MATGRP : 31 UOM : PC MATERIAL OF CONSTRUCTION : GR CA6NM CL B; NACE;LT; < 255 HB SPACER SLEEVE;MACHINED PART NO : 525.03DRG NO : SPI 100197901-0010 MOC : GR CA6NM CL B; NACE;LT; < 255 HB REMARK : NILOLD MESC: 31.8 EQUIPMENT DETAILS : FEED PUMP EQUIPMENT MODEL : GSG 150-360 MNFR NAME & ADDRESS : SULZER PUMPS INDIA LIMITED EQUIPMENT LOCATION : DHT PROJECT NAME : DHT TAG NO : 151P101A/B SERIAL NO : 534555 & 534556 DRAWING NO : SPI 100197901-0010 OLD MATERIAL CODE : 31.80.99.041.8,",MIRA_BPCL_equipment_material_corpus_FINAL_with_org(2),1,1
BPCL,Bharat Petroleum Corporation Limited,31.28.53.038.5,"SHORT DESCRIPTION : SLEEVE ; MACHINED,",pump,,PC,,,,,,,,,520.01,GR CA6NM CL B; NACE;LT; < 255 HB SLEEVE;MACHINED PART NO : 520.01DRG NO : SPI 100197901-0010 MOC : GR CA6NM CL B; NACE;LT; < 255 HB,,GSG 150-360 MNFR NAME & ADDRESS : SULZER PUMPS INDIA LIMITED EQUIPMENT,DHT,DHT,,,,,,58,"Organization: BPCL | Location: DHT | Item: SHORT DESCRIPTION : SLEEVE ; MACHINED, | Type: pump | Material Code: 31.28.53.038.5 | Part Number: 520.01 | MOC: GR CA6NM CL B; NACE;LT; < 255 HB SLEEVE;MACHINED PART NO : 520.01DRG NO : SPI 100197901-0010 MOC : GR CA6NM CL B; NACE;LT; < 255 HB | Model: GSG 150-360 MNFR NAME & ADDRESS : SULZER PUMPS INDIA LIMITED EQUIPMENT | Tag No: 151P101A/B | Drawing No: SPI 100197901-0010 | Project: DHT | Details: PART NUMBER : 520.01 MATGRP : 31 UOM : PC MATERIAL OF CONSTRUCTION : GR CA6NM CL B; NACE;LT; < 255 HB SLEEVE;MACHINED PART NO : 520.01DRG NO : SPI 100197901-0010 MOC : GR CA6NM CL B; NACE;LT; < 255 HB REMARK : NILOLD MESC: 31.80.99.04 EQUIPMENT DETAILS : FEED PUMP EQUIPMENT MODEL : GSG 150-360 MNFR NAME & ADDRESS : SULZER PUMPS INDIA LIMITED EQUIPMENT LOCATION : DHT PROJECT NAME : DHT TAG NO : 151P101A/B SERIAL NO : 534555 & 534556 DRAWING NO : SPI 100197901-0010 OLD MATERIAL CODE : 31.80.99.046.8,",MIRA_BPCL_equipment_material_corpus_FINAL_with_org(2),1,1
BPCL,Bharat Petroleum Corporation Limited,31.28.53.039.5,"SHORT DESCRIPTION : IMPELLER , SULZER",impeller,,PC,,,,,,,,,230.06,"GR CA6NM CL B, NACE COMPLIANT IMPELLER PART NO : 230.06DRG NO : SPI 100197901-0010 MOC : GR CA6NM CL B, NACE COMPLIANT",,GSG 150-360 MNFR NAME & ADDRESS : SULZER PUMPS INDIA LIMITED EQUIPMENT,DHT,DHT,,,,,,59,"Organization: BPCL | Location: DHT | Item: SHORT DESCRIPTION : IMPELLER , SULZER | Type: impeller | Material Code: 31.28.53.039.5 | Part Number: 230.06 | MOC: GR CA6NM CL B, NACE COMPLIANT IMPELLER PART NO : 230.06DRG NO : SPI 100197901-0010 MOC : GR CA6NM CL B, NACE COMPLIANT | Model: GSG 150-360 MNFR NAME & ADDRESS : SULZER PUMPS INDIA LIMITED EQUIPMENT | Tag No: 151P101A/B | Drawing No: SPI 100197901-0010 | Project: DHT | Details: PART NUMBER : 230.06 MATGRP : 31 UOM : PC MATERIAL OF CONSTRUCTION : GR CA6NM CL B, NACE COMPLIANT IMPELLER PART NO : 230.06DRG NO : SPI 100197901-0010 MOC : GR CA6NM CL B, NACE COMPLIANT REMARK : NILOLD MESC: 31.80.99.047.8 EQUIPMENT DETAILS : FEED PUMP EQUIPMENT MODEL : GSG 150-360 MNFR NAME & ADDRESS : SULZER PUMPS INDIA LIMITED EQUIPMENT LOCATION : DHT PROJECT NAME : DHT TAG NO : 151P101A/B SERIAL NO : 534555 & 534556 DRAWING NO : SPI 100197901-0010 OLD MATERIAL CODE : 31.80.99.047.8,",MIRA_BPCL_equipment_material_corpus_FINAL_with_org(2),1,1
BPCL,Bharat Petroleum Corporation Limited,31.28.53.040.5,"SHORT DESCRIPTION : IMPELLER , SULZER",impeller,,PC,,,,,,,,,230.07,"GR CA6NM CL B, NACE COMPLIANT IMPELLER PART NO : 230.07DRG NO : SPI 100197901-0010 MOC : GR CA6NM CL B, NACE COMPLIANT",,GSG 150-360 MNFR NAME & ADDRESS : SULZER PUMPS INDIA LIMITED EQUIPMENT,DHT,DHT,,,,,,59,"Organization: BPCL | Location: DHT | Item: SHORT DESCRIPTION : IMPELLER , SULZER | Type: impeller | Material Code: 31.28.53.040.5 | Part Number: 230.07 | MOC: GR CA6NM CL B, NACE COMPLIANT IMPELLER PART NO : 230.07DRG NO : SPI 100197901-0010 MOC : GR CA6NM CL B, NACE COMPLIANT | Model: GSG 150-360 MNFR NAME & ADDRESS : SULZER PUMPS INDIA LIMITED EQUIPMENT | Tag No: 151P101A/B | Drawing No: SPI 100197901-0010 | Project: DHT | Details: PART NUMBER : 230.07 MATGRP : 31 UOM : PC MATERIAL OF CONSTRUCTION : GR CA6NM CL B, NACE COMPLIANT IMPELLER PART NO : 230.07DRG NO : SPI 100197901-0010 MOC : GR CA6NM CL B, NACE COMPLIANT REMARK : NILOLD MESC: 31.80.99.048.8 EQUIPMENT DETAILS : FEED PUMP EQUIPMENT MODEL : GSG 150-360 MNFR NAME & ADDRESS : SULZER PUMPS INDIA LIMITED EQUIPMENT LOCATION : DHT PROJECT NAME : DHT TAG NO : 151P101A/B SERIAL NO : 534555 & 534556 DRAWING NO : SPI 100197901-0010 OLD MATERIAL CODE : 31.80.99.048.8,",MIRA_BPCL_equipment_material_corpus_FINAL_with_org(2),1,1
BPCL,Bharat Petroleum Corporation Limited,31.28.53.041.5,SHORT DESCRIPTION : IMPELLER ; SULZER,impeller,,PC,,,,,,,,,230.08,"GR CA6NM CL B, NACE COMPLIANT IMPELLER PART NO : 230.08DRG NO : SPI 100197901-0010 MOC : GR CA6NM CL B, NACE COMPLIANT",,GSG 150-360 MNFR NAME & ADDRESS : SULZER PUMPS INDIA LIMITED EQUIPMENT,DHT,DHT,,,,,,60,"Organization: BPCL | Location: DHT | Item: SHORT DESCRIPTION : IMPELLER ; SULZER | Type: impeller | Material Code: 31.28.53.041.5 | Part Number: 230.08 | MOC: GR CA6NM CL B, NACE COMPLIANT IMPELLER PART NO : 230.08DRG NO : SPI 100197901-0010 MOC : GR CA6NM CL B, NACE COMPLIANT | Model: GSG 150-360 MNFR NAME & ADDRESS : SULZER PUMPS INDIA LIMITED EQUIPMENT | Tag No: 151P101A/B | Drawing No: SPI 100197901-0010 | Project: DHT | Details: PART NUMBER : 230.08 MATGRP : 31 UOM : PC MATERIAL OF CONSTRUCTION : GR CA6NM CL B, NACE COMPLIANT IMPELLER PART NO : 230.08DRG NO : SPI 100197901-0010 MOC : GR CA6NM CL B, NACE COMPLIANT REMARK : NILOLD MESC: 31.80.99.049.8 EQUIPMENT DETAILS : FEED PUMP EQUIPMENT MODEL : GSG 150-360 MNFR NAME & ADDRESS : SULZER PUMPS INDIA LIMITED EQUIPMENT LOCATION : DHT PROJECT NAME : DHT TAG NO : 151P101A/B SERIAL NO : 534555 & 534556 DRAWING NO : SPI 100197901-0010 OLD MATERIAL CODE : 31.80.99.049.8,",MIRA_BPCL_equipment_material_corpus_FINAL_with_org(2),1,1
BPCL,Bharat Petroleum Corporation Limited,31.28.53.042.5,"SHORT DESCRIPTION : IMPELLER , SULZER",impeller,,PC,,,,,,,,,230.09,"GR CA6NM CL B, NACE COMPLIANT IMPELLER PART NO : 230.09DRG NO : SPI 100197901-0010 MOC : GR CA6NM CL B, NACE COMPLIANT",,GSG 150-360 MNFR NAME & ADDRESS : SULZER PUMPS INDIA LIMITED EQUIPMENT,DHT,DHT,,,,,,60,"Organization: BPCL | Location: DHT | Item: SHORT DESCRIPTION : IMPELLER , SULZER | Type: impeller | Material Code: 31.28.53.042.5 | Part Number: 230.09 | MOC: GR CA6NM CL B, NACE COMPLIANT IMPELLER PART NO : 230.09DRG NO : SPI 100197901-0010 MOC : GR CA6NM CL B, NACE COMPLIANT | Model: GSG 150-360 MNFR NAME & ADDRESS : SULZER PUMPS INDIA LIMITED EQUIPMENT | Tag No: 151P101A/B | Drawing No: SPI 100197901-0010 | Project: DHT | Details: PART NUMBER : 230.09 MATGRP : 31 UOM : PC MATERIAL OF CONSTRUCTION : GR CA6NM CL B, NACE COMPLIANT IMPELLER PART NO : 230.09DRG NO : SPI 100197901-0010 MOC : GR CA6NM CL B, NACE COMPLIANT REMARK : NILOLD MESC: 31.80.99.050.8 EQUIPMENT DETAILS : FEED PUMP EQUIPMENT MODEL : GSG 150-360 MNFR NAME & ADDRESS : SULZER PUMPS INDIA LIMITED EQUIPMENT LOCATION : DHT PROJECT NAME : DHT TAG NO : 151P101A/B SERIAL NO : 534555 & 534556 DRAWING NO : SPI 100197901-0010 OLD MATERIAL CODE : 31.80.99.050.8,",MIRA_BPCL_equipment_material_corpus_FINAL_with_org(2),1,1
BPCL,Bharat Petroleum Corporation Limited,31.28.53.044.5,"SHORT DESCRIPTION : BALANCE DRUM, SULZER",pump,,PC,,,,,,,,,603.01,GR CA40; 240 TO 270 HB BALANCE DRUM PART NO : 603.01DRG NO : SPI 100197901-0010 MOC : GR CA40; 240 TO 270 HB,,GSG 150-360 MNFR NAME & ADDRESS : SULZER PUMPS INDIA LIMITED EQUIPMENT,DHT,DHT,,,,,,61,"Organization: BPCL | Location: DHT | Item: SHORT DESCRIPTION : BALANCE DRUM, SULZER | Type: pump | Material Code: 31.28.53.044.5 | Part Number: 603.01 | MOC: GR CA40; 240 TO 270 HB BALANCE DRUM PART NO : 603.01DRG NO : SPI 100197901-0010 MOC : GR CA40; 240 TO 270 HB | Model: GSG 150-360 MNFR NAME & ADDRESS : SULZER PUMPS INDIA LIMITED EQUIPMENT | Tag No: 151P101A/B | Drawing No: SPI 100197901-0010 | Project: DHT | Details: PART NUMBER : 603.01 MATGRP : 31 UOM : PC MATERIAL OF CONSTRUCTION : GR CA40; 240 TO 270 HB BALANCE DRUM PART NO : 603.01DRG NO : SPI 100197901-0010 MOC : GR CA40; 240 TO 270 HB REMARK : NILOLD MESC: 31.80.99.052.8 EQUIPMENT DETAILS : FEED PUMP EQUIPMENT MODEL : GSG 150-360 MNFR NAME & ADDRESS : SULZER PUMPS INDIA LIMITED EQUIPMENT LOCATION : DHT PROJECT NAME : DHT TAG NO : 151P101A/B SERIAL NO : 534555 & 534556 DRAWING NO : SPI 100197901-0010 OLD MATERIAL CODE : 31.80.99.052.8,",MIRA_BPCL_equipment_material_corpus_FINAL_with_org(2),1,1
BPCL,Bharat Petroleum Corporation Limited,31.28.53.045.5,"SHORT DESCRIPTION : THRUST BEARING; SARTORIUS,",bearing,,PC,,,,,,,,,314.01,1.0401; TEGOSTAR738 THRUST BEARING;SARTORIUS PART NO : 314.01DRG NO : SPI 100197901-0010 MOC : 1.0401; TEGOSTAR738,,GSG 150-360 MNFR NAME & ADDRESS : SULZER PUMPS INDIA LIMITED EQUIPMENT,DHT,DHT,,,,,,61,"Organization: BPCL | Location: DHT | Item: SHORT DESCRIPTION : THRUST BEARING; SARTORIUS, | Type: bearing | Material Code: 31.28.53.045.5 | Part Number: 314.01 | MOC: 1.0401; TEGOSTAR738 THRUST BEARING;SARTORIUS PART NO : 314.01DRG NO : SPI 100197901-0010 MOC : 1.0401; TEGOSTAR738 | Model: GSG 150-360 MNFR NAME & ADDRESS : SULZER PUMPS INDIA LIMITED EQUIPMENT | Tag No: 151P101A/B | Drawing No: SPI 100197901-0010 | Project: DHT | Details: PART NUMBER : 314.01 MATGRP : 31 UOM : PC MATERIAL OF CONSTRUCTION : 1.0401; TEGOSTAR738 THRUST BEARING;SARTORIUS PART NO : 314.01DRG NO : SPI 100197901-0010 MOC : 1.0401; TEGOSTAR738 REMARK : NILOLD MESC: 31.80.99.053.8 EQUIPMENT DETAILS : FEED PUMP EQUIPMENT MODEL : GSG 150-360 MNFR NAME & ADDRESS : SULZER PUMPS INDIA LIMITED EQUIPMENT LOCATION : DHT PROJECT NAME : DHT TAG NO : 151P101A/B SERIAL NO : 534555 & 534556 DRAWING NO : SPI 100197901-0010 OLD MATERIAL CODE : 31.80.99.053.8,",MIRA_BPCL_equipment_material_corpus_FINAL_with_org(2),1,1
BPCL,Bharat Petroleum Corporation Limited,31.58.15.171.5,IMPELLER BACK WEAR RING (INTERSTAGE SLEEVE),impeller,,,,,,,,,,,605.01,ASTM A743 GR CA40 WNT(240-270 BHN) SPARES,,GSG 100-300/6,,,,,,,,136,Organization: BPCL | Item: IMPELLER BACK WEAR RING (INTERSTAGE SLEEVE) | Type: impeller | Material Code: 31.58.15.171.5 | Part Number: 605.01 | MOC: ASTM A743 GR CA40 WNT(240-270 BHN) SPARES | Model: GSG 100-300/6 | Tag No: 140P001 A/B | Serial No: 474943/44 | Details: PN : 605.01 MOC : ASTM A743 GR CA40 WNT(240-270 BHN) SPARES FOR CENTRIFUGAL PUMP PUMP MANAFACTURER : SULZER PUMPS INDIA LTD. MODEL : GSG 100-300/6 TAG NO. : 140P001 A/B SERIAL NO : 474943/44 LOCATION : CCR,MIRA_BPCL_equipment_material_corpus_FINAL_with_org(2),1,1
BPCL,Bharat Petroleum Corporation Limited,31.58.15.905.5,IMPELLER BACK WEAR RING (INTERSTAGE SLEEVE),impeller,,,,,,,,,,,503.03,ASTM A743 GR CA40WNT SPARES,,GSG 100-300/6,,,,,,,,142,Organization: BPCL | Item: IMPELLER BACK WEAR RING (INTERSTAGE SLEEVE) | Type: impeller | Material Code: 31.58.15.905.5 | Part Number: 503.03 | MOC: ASTM A743 GR CA40WNT SPARES | Model: GSG 100-300/6 | Tag No: 140P001 A/B | Serial No: 474943/44 | Details: PN : 503.03 MOC : ASTM A743 GR CA40WNT SPARES FOR CENTRIFUGAL PUMP PUMP MANAFACTURER : SULZER PUMPS INDIA LTD. MODEL : GSG 100-300/6 TAG NO. : 140P001 A/B SERIAL NO : 474943/44 LOCATION : CCR,MIRA_BPCL_equipment_material_corpus_FINAL_with_org(2),1,1
BPCL,Bharat Petroleum Corporation Limited,31.58.85.727.5,SHAFT WITH KEYS AND LOCK NUTS,pump,,,,,,,,,,,210.01,DUPLEX STEEL,,ZF 150-3315,,,,,,,,214,Organization: BPCL | Item: SHAFT WITH KEYS AND LOCK NUTS | Type: pump | Material Code: 31.58.85.727.5 | Part Number: 210.01 | MOC: DUPLEX STEEL | Model: ZF 150-3315 | Tag No: 137 P 803A/B DW. NO. : CS 021923312 | Serial No: 103100-01/02 | Details: PN: 210.01 MOC : DUPLEX STEEL FOR SULZER PUMPS INDIA LTD. MODEL : ZF 150-3315 SL.NO : 103100-01/02 TAG NO. : 137 P 803A/B DW. NO. : CS 021923312 LOCATION: ARU-RMP,MIRA_BPCL_equipment_material_corpus_FINAL_with_org(2),1,1
BPCL,Bharat Petroleum Corporation Limited,31.58.87.726.5,SHAFT WITH KEYS AND LOCK NUTS,pump,,,,,,,,,,,210.01,A-20 (BAR),,ZF 150-3400,,,,,,,,219,Organization: BPCL | Item: SHAFT WITH KEYS AND LOCK NUTS | Type: pump | Material Code: 31.58.87.726.5 | Part Number: 210.01 | MOC: A-20 (BAR) | Model: ZF 150-3400 | Tag No: 136 P 704 A/B DW. NO. : CS 021923309 | Serial No: 103097-01/02 | Details: PN: 210.01 MOC : A-20 (BAR) FOR SULZER PUMPS INDIA LTD. MODEL : ZF 150-3400 SL.NO : 103097-01/02 TAG NO. : 136 P 704 A/B DW. NO. : CS 021923309 LOCATION: SWS II-RMP,MIRA_BPCL_equipment_material_corpus_FINAL_with_org(2),1,1
BPCL,Bharat Petroleum Corporation Limited,31.58.87.727.5,SHAFT WITH KEYS AND LOCK NUTS,pump,,,,,,,,,,,210.01,SS 410,,ZF 150-3400,,,,,,,,220,Organization: BPCL | Item: SHAFT WITH KEYS AND LOCK NUTS | Type: pump | Material Code: 31.58.87.727.5 | Part Number: 210.01 | MOC: SS 410 | Model: ZF 150-3400 | Tag No: 132 P 233 A/B DW. NO. : CS 022915107 | Serial No: 103341 | Details: PN: 210.01 MOC : SS 410 FOR SULZER PUMPS INDIA LTD. MODEL : ZF 150-3400 SL.NO : 103341 TAG NO. : 132 P 233 A/B DW. NO. : CS 022915107 LOCATION: HYDROCRACKER UNIT-RMP,MIRA_BPCL_equipment_material_corpus_FINAL_with_org(2),1,1
BPCL,Bharat Petroleum Corporation Limited,31.58.88.726.5,SHAFT WITH KEYS AND LOCK NUTS,pump,,,,,,,,,,,210.01,DUPLEX STEEL,,ZF 200-4500,,,,,,,,223,Organization: BPCL | Item: SHAFT WITH KEYS AND LOCK NUTS | Type: pump | Material Code: 31.58.88.726.5 | Part Number: 210.01 | MOC: DUPLEX STEEL | Model: ZF 200-4500 | Tag No: 137 P 801A/B DW. NO. : CS 021923310 | Serial No: 103098-01/02 | Details: PN: 210.01 MOC : DUPLEX STEEL FOR SULZER PUMPS INDIA LTD. MODEL : ZF 200-4500 SL.NO : 103098-01/02 TAG NO. : 137 P 801A/B DW. NO. : CS 021923310 LOCATION: ARU-RMP,MIRA_BPCL_equipment_material_corpus_FINAL_with_org(2),1,1
BPCL,Bharat Petroleum Corporation Limited,31.58.90.726.5,SHAFT WITH KEYS AND LOCK NUTS,pump,,,,,,,,,,,210.01,SS316L,,ZF 200-5560,,,,,,,,227,Organization: BPCL | Item: SHAFT WITH KEYS AND LOCK NUTS | Type: pump | Material Code: 31.58.90.726.5 | Part Number: 210.01 | MOC: SS316L | Model: ZF 200-5560 | Tag No: 137 P 808 A/B DW. NO. : CS 021923314 | Serial No: 103102-01/02 | Details: PN: 210.01 MOC : SS316L FOR SULZER PUMPS INDIA LTD. MODEL : ZF 200-5560 SL.NO : 103102-01/02 TAG NO. : 137 P 808 A/B DW. NO. : CS 021923314 LOCATION: ARU-RMP,MIRA_BPCL_equipment_material_corpus_FINAL_with_org(2),1,1
BPCL,Bharat Petroleum Corporation Limited,31.58.91.726.5,SHAFT WITH KEYS AND LOCK NUTS,pump,,,,,,,,,,,210.01,4140,,ZF 150-4400 SR.NO : 103335,,,,,,,,229,Organization: BPCL | Item: SHAFT WITH KEYS AND LOCK NUTS | Type: pump | Material Code: 31.58.91.726.5 | Part Number: 210.01 | MOC: 4140 | Model: ZF 150-4400 SR.NO : 103335 | Tag No: 132 P 201 A/B DW. NO. : CS 022915101 | Details: PN: 210.01 MOC : 4140 FOR SULZER PUMPS INDIA LTD. MODEL : ZF 150-4400 SR.NO : 103335 TAG NO. : 132 P 201 A/B DW. NO. : CS 022915101 LOCATION : HYDROCRACKER UNIT-RMP,MIRA_BPCL_equipment_material_corpus_FINAL_with_org(2),1,1
BPCL,Bharat Petroleum Corporation Limited,31.58.92.726.5,SHAFT WITH KEYS AND LOCK NUTS,pump,,,,,,,,,,,210.01,4140,,ZF 150-4630 SR.NO : 103344,,,,,,,,231,Organization: BPCL | Item: SHAFT WITH KEYS AND LOCK NUTS | Type: pump | Material Code: 31.58.92.726.5 | Part Number: 210.01 | MOC: 4140 | Model: ZF 150-4630 SR.NO : 103344 | Tag No: 132 P 213 A/B DW. NO. : CS 022915110/R1 | Details: PN: 210.01 MOC : 4140 FOR SULZER PUMPS INDIA LTD. MODEL : ZF 150-4630 SR.NO : 103344 TAG NO. : 132 P 213 A/B DW. NO. : CS 022915110/R1 LOCATION : HYDROCRACKER UNIT-RMP,MIRA_BPCL_equipment_material_corpus_FINAL_with_org(2),1,1
BPCL,Bharat Petroleum Corporation Limited,31.28.52.003.5,SHORT DESCRIPTION : GASKET; SULZER,gasket/seal,,PC,,,,,,,,,ARTICLE NO: 021062129162,316L/GRAPHITE GASKET SUPPLIERS PART NO: 400.10 ARTICLE NO: 021062129162 BPCL STOCK FORM NO : 22306 NIL,,ZF 150-4400 MNFR NAME & ADDRESS : SULZER PUMPS INDIA LIMITED EQUIPMENT,DHT,DHT,,,,,,39,Organization: BPCL | Location: DHT | Item: SHORT DESCRIPTION : GASKET; SULZER | Type: gasket/seal | Material Code: 31.28.52.003.5 | Part Number: ARTICLE NO: 021062129162 | MOC: 316L/GRAPHITE GASKET SUPPLIERS PART NO: 400.10 ARTICLE NO: 021062129162 BPCL STOCK FORM NO : 22306 NIL | Model: ZF 150-4400 MNFR NAME & ADDRESS : SULZER PUMPS INDIA LIMITED EQUIPMENT | Tag No: 151P201A/B | Project: DHT | Details: PART NUMBER : ARTICLE NO: 021062129162 MATGRP : 31 UOM : PC MATERIAL OF CONSTRUCTION : 316L/GRAPHITE GASKET SUPPLIERS PART NO: 400.10 ARTICLE NO: 021062129162 BPCL STOCK FORM NO : 22306 NIL EQUIPMENT DETAILS : DIESEL PRODUCT PUMPS EQUIPMENT MODEL : ZF 150-4400 MNFR NAME & ADDRESS : SULZER PUMPS INDIA LIMITED EQUIPMENT LOCATION : DHT PROJECT NAME : DHT TAG NO : 151P201A/B SERIAL NO : Q/0100213445-0010(577140) & Q/0100213445-0020(577141),MIRA_BPCL_equipment_material_corpus_FINAL_with_org(2),1,1
BPCL,Bharat Petroleum Corporation Limited,31.28.52.011.5,SHORT DESCRIPTION : STATIONARY RING;MACHINED;150-400,pump,,PC,,,,,,,,,ARTICLE NO:104064200507,GR CA6NM; SOFT NITRIDE; NACE STATIONARY RING;MACHINED;150-400 SUPPLIERS PART NO: 502.01 ARTICLE NO:104064200507 BPCL STOCK FORM NO : 22306,,ZF 150-4400 MNFR NAME & ADDRESS : SULZER PUMPS INDIA LIMITED EQUIPMENT,DHT,DHT,,,,,,42,Organization: BPCL | Location: DHT | Item: SHORT DESCRIPTION : STATIONARY RING;MACHINED;150-400 | Type: pump | Material Code: 31.28.52.011.5 | Part Number: ARTICLE NO:104064200507 | MOC: GR CA6NM; SOFT NITRIDE; NACE STATIONARY RING;MACHINED;150-400 SUPPLIERS PART NO: 502.01 ARTICLE NO:104064200507 BPCL STOCK FORM NO : 22306 | Model: ZF 150-4400 MNFR NAME & ADDRESS : SULZER PUMPS INDIA LIMITED EQUIPMENT | Tag No: 151P201A/B | Project: DHT | Details: PART NUMBER : ARTICLE NO:104064200507 MATGRP : 31 UOM : PC MATERIAL OF CONSTRUCTION : GR CA6NM; SOFT NITRIDE; NACE STATIONARY RING;MACHINED;150-400 SUPPLIERS PART NO: 502.01 ARTICLE NO:104064200507 BPCL STOCK FORM NO : 22306 EQUIPMENT DETAILS : DIESEL PRODUCT PUMPS EQUIPMENT MODEL : ZF 150-4400 MNFR NAME & ADDRESS : SULZER PUMPS INDIA LIMITED EQUIPMENT LOCATION : DHT PROJECT NAME : DHT TAG NO : 151P201A/B SERIAL NO : Q/0100213445-0010(577140) & Q/0100213445-0020(577141),MIRA_BPCL_equipment_material_corpus_FINAL_with_org(2),1,1
BPCL,Bharat Petroleum Corporation Limited,31.28.53.015.5,SHORT DESCRIPTION : GASKET;SPZ NG,gasket/seal,,PC,,,,,,,,,400.12,316L/GRAPHITE GASKET;SPZ NG PART NO : 400.12DRG NO : SPI 100197901-0010 MOC : 316L/GRAPHITE,,GSG 150-360 MNFR NAME & ADDRESS : SULZER PUMPS INDIA LIMITED EQUIPMENT,DHT,DHT,,,,,,49,"Organization: BPCL | Location: DHT | Item: SHORT DESCRIPTION : GASKET;SPZ NG | Type: gasket/seal | Material Code: 31.28.53.015.5 | Part Number: 400.12 | MOC: 316L/GRAPHITE GASKET;SPZ NG PART NO : 400.12DRG NO : SPI 100197901-0010 MOC : 316L/GRAPHITE | Model: GSG 150-360 MNFR NAME & ADDRESS : SULZER PUMPS INDIA LIMITED EQUIPMENT | Tag No: 151P101A/B | Drawing No: SPI 100197901-0010 | Project: DHT | Details: PART NUMBER : 400.12 MATGRP : 31 UOM : PC MATERIAL OF CONSTRUCTION : 316L/GRAPHITE GASKET;SPZ NG PART NO : 400.12DRG NO : SPI 100197901-0010 MOC : 316L/GRAPHITE REMARK : NILOLD MESC: 31.80.99.023.8 EQUIPMENT DETAILS : FEED PUMP EQUIPMENT MODEL : GSG 150-360 MNFR NAME & ADDRESS : SULZER PUMPS INDIA LIMITED EQUIPMENT LOCATION : DHT PROJECT NAME : DHT TAG NO : 151P101A/B SERIAL NO : 534555 & 534556 DRAWING NO : SPI 100197901-0010 OLD MATERIAL CODE : 31.80.99.023.8,",MIRA_BPCL_equipment_material_corpus_FINAL_with_org(2),1,1
BPCL,Bharat Petroleum Corporation Limited,31.28.53.019.5,SHORT DESCRIPTION : IMPELLER RING;MACHINED;SULZER,impeller,,PC,,,,,,,,,503.01,GR CA6NM CL B; NACE;LT; < 255 HB IMPELLER RING;MACHINED;150-360 PART NO : 503.01DRG NO : SPI 100197901-0010 MOC : GR CA6NM CL B; NACE;LT; < 255 HB,,GSG 150-360 MNFR NAME & ADDRESS : SULZER PUMPS INDIA LIMITED EQUIPMENT,DHT,DHT,,,,,,51,"Organization: BPCL | Location: DHT | Item: SHORT DESCRIPTION : IMPELLER RING;MACHINED;SULZER | Type: impeller | Material Code: 31.28.53.019.5 | Part Number: 503.01 | MOC: GR CA6NM CL B; NACE;LT; < 255 HB IMPELLER RING;MACHINED;150-360 PART NO : 503.01DRG NO : SPI 100197901-0010 MOC : GR CA6NM CL B; NACE;LT; < 255 HB | Model: GSG 150-360 MNFR NAME & ADDRESS : SULZER PUMPS INDIA LIMITED EQUIPMENT | Tag No: 151P101A/B | Drawing No: SPI 100197901-0010 | Project: DHT | Details: PART NUMBER : 503.01 MATGRP : 31 UOM : PC MATERIAL OF CONSTRUCTION : GR CA6NM CL B; NACE;LT; < 255 HB IMPELLER RING;MACHINED;150-360 PART NO : 503.01DRG NO : SPI 100197901-0010 MOC : GR CA6NM CL B; NACE;LT; < 255 HB REMARK : NILOLD ME EQUIPMENT DETAILS : FEED PUMP EQUIPMENT MODEL : GSG 150-360 MNFR NAME & ADDRESS : SULZER PUMPS INDIA LIMITED EQUIPMENT LOCATION : DHT PROJECT NAME : DHT TAG NO : 151P101A/B SERIAL NO : 534555 & 534556 DRAWING NO : SPI 100197901-0010 OLD MATERIAL CODE : 31.80.99.027.8,",MIRA_BPCL_equipment_material_corpus_FINAL_with_org(2),1,1
BPCL,Bharat Petroleum Corporation Limited,31.28.53.023.5,SHORT DESCRIPTION : SPLIT RING;MACHINED;MD,pump,,PC,,,,,,,,,501.08,GR F6NM; NACE;LT; CU<0.3%; UTS 780 - 980 MPA; YS > 685 MPA SPLIT RING;MACHINED;MD PART NO : 501.08DRG NO : SPI 100197901-0010 MOC : GR F6NM; NACE;LT; CU<0.3%; UTS 780 - 980 MPA; YS > 685 MPA,,GSG 150-360 MNFR NAME & ADDRESS : SULZER PUMPS INDIA LIMITED EQUIPMENT,DHT,DHT,,,,,,52,"Organization: BPCL | Location: DHT | Item: SHORT DESCRIPTION : SPLIT RING;MACHINED;MD | Type: pump | Material Code: 31.28.53.023.5 | Part Number: 501.08 | MOC: GR F6NM; NACE;LT; CU<0.3%; UTS 780 - 980 MPA; YS > 685 MPA SPLIT RING;MACHINED;MD PART NO : 501.08DRG NO : SPI 100197901-0010 MOC : GR F6NM; NACE;LT; CU<0.3%; UTS 780 - 980 MPA; YS > 685 MPA | Model: GSG 150-360 MNFR NAME & ADDRESS : SULZER PUMPS INDIA LIMITED EQUIPMENT | Tag No: 151P101A/B | Drawing No: SPI 100197901-0010 | Project: DHT | Details: PART NUMBER : 501.08 MATGRP : 31 UOM : PC MATERIAL OF CONSTRUCTION : GR F6NM; NACE;LT; CU<0.3%; UTS 780 - 980 MPA; YS > 685 MPA SPLIT RING;MACHINED;MD PART NO : 501.08DRG NO : SPI 100197901-0010 MOC : GR F6NM; NACE;LT; CU<0.3%; UTS 780 - 980 MPA; YS > 685 MPA EQUIPMENT DETAILS : FEED PUMP EQUIPMENT MODEL : GSG 150-360 MNFR NAME & ADDRESS : SULZER PUMPS INDIA LIMITED EQUIPMENT LOCATION : DHT PROJECT NAME : DHT TAG NO : 151P101A/B SERIAL NO : 534555 & 534556 DRAWING NO : SPI 100197901-0010 OLD MATERIAL CODE : 31.80.99.031.8,",MIRA_BPCL_equipment_material_corpus_FINAL_with_org(2),1,1
BPCL,Bharat Petroleum Corporation Limited,31.28.53.025.5,"SHORT DESCRIPTION : SLEEVE;MACH, SULZER",pump,,PC,,,,,,,,,520.3,TYPE 420 (MOD) 255 HB MAX SLEEVE;MACH PART NO : 520.3DRG NO : SPI 100197901-0010 MOC : TYPE 420 (MOD) 255 HB MAX,,GSG 150-360 MNFR NAME & ADDRESS : SULZER PUMPS INDIA LIMITED EQUIPMENT,DHT,DHT,,,,,,53,"Organization: BPCL | Location: DHT | Item: SHORT DESCRIPTION : SLEEVE;MACH, SULZER | Type: pump | Material Code: 31.28.53.025.5 | Part Number: 520.3 | MOC: TYPE 420 (MOD) 255 HB MAX SLEEVE;MACH PART NO : 520.3DRG NO : SPI 100197901-0010 MOC : TYPE 420 (MOD) 255 HB MAX | Model: GSG 150-360 MNFR NAME & ADDRESS : SULZER PUMPS INDIA LIMITED EQUIPMENT | Tag No: 151P101A/B | Drawing No: SPI 100197901-0010 | Project: DHT | Details: PART NUMBER : 520.3 MATGRP : 31 UOM : PC MATERIAL OF CONSTRUCTION : TYPE 420 (MOD) 255 HB MAX SLEEVE;MACH PART NO : 520.3DRG NO : SPI 100197901-0010 MOC : TYPE 420 (MOD) 255 HB MAX REMARK : NILOLD MESC: 31.80.99.033.8 EQUIPMENT DETAILS : FEED PUMP EQUIPMENT MODEL : GSG 150-360 MNFR NAME & ADDRESS : SULZER PUMPS INDIA LIMITED EQUIPMENT LOCATION : DHT PROJECT NAME : DHT TAG NO : 151P101A/B SERIAL NO : 534555 & 534556 DRAWING NO : SPI 100197901-0010 OLD MATERIAL CODE : 31.80.99.033.8,",MIRA_BPCL_equipment_material_corpus_FINAL_with_org(2),1,1
BPCL,Bharat Petroleum Corporation Limited,31.28.53.027.5,"SHORT DESCRIPTION : GASKET, SULZER",gasket/seal,,PC,,,,,,,,,400.04,PTFE 95A GASKET PART NO : 400.04DRG NO : SPI 100197901-0010 MOC : PTFE 95A,,GSG 150-360 MNFR NAME & ADDRESS : SULZER PUMPS INDIA LIMITED EQUIPMENT,DHT,DHT,,,,,,54,"Organization: BPCL | Location: DHT | Item: SHORT DESCRIPTION : GASKET, SULZER | Type: gasket/seal | Material Code: 31.28.53.027.5 | Part Number: 400.04 | MOC: PTFE 95A GASKET PART NO : 400.04DRG NO : SPI 100197901-0010 MOC : PTFE 95A | Model: GSG 150-360 MNFR NAME & ADDRESS : SULZER PUMPS INDIA LIMITED EQUIPMENT | Tag No: 151P101A/B | Drawing No: SPI 100197901-0010 | Project: DHT | Details: PART NUMBER : 400.04 MATGRP : 31 UOM : PC MATERIAL OF CONSTRUCTION : PTFE 95A GASKET PART NO : 400.04DRG NO : SPI 100197901-0010 MOC : PTFE 95A REMARK : NILOLD MESC: 31.80.99.035.8 EQUIPMENT DETAILS : FEED PUMP EQUIPMENT MODEL : GSG 150-360 MNFR NAME & ADDRESS : SULZER PUMPS INDIA LIMITED EQUIPMENT LOCATION : DHT PROJECT NAME : DHT TAG NO : 151P101A/B SERIAL NO : 534555 & 534556 DRAWING NO : SPI 100197901-0010 OLD MATERIAL CODE : 31.80.99.035.8,",MIRA_BPCL_equipment_material_corpus_FINAL_with_org(2),1,1
BPCL,Bharat Petroleum Corporation Limited,31.28.53.029.5,"SHORT DESCRIPTION : COLLAR;MACHINED, SULZER",pump,,PC,,,,,,,,,506.04,GR 080M40 (EN8) COLLAR;MACHINED PART NO : 506.04DRG NO : SPI 100197901-0010 MOC : GR 080M40 (EN8),,GSG 150-360 MNFR NAME & ADDRESS : SULZER PUMPS INDIA LIMITED EQUIPMENT,DHT,DHT,,,,,,55,"Organization: BPCL | Location: DHT | Item: SHORT DESCRIPTION : COLLAR;MACHINED, SULZER | Type: pump | Material Code: 31.28.53.029.5 | Part Number: 506.04 | MOC: GR 080M40 (EN8) COLLAR;MACHINED PART NO : 506.04DRG NO : SPI 100197901-0010 MOC : GR 080M40 (EN8) | Model: GSG 150-360 MNFR NAME & ADDRESS : SULZER PUMPS INDIA LIMITED EQUIPMENT | Tag No: 151P101A/B | Drawing No: SPI 100197901-0010 | Project: DHT | Details: PART NUMBER : 506.04 MATGRP : 31 UOM : PC MATERIAL OF CONSTRUCTION : GR 080M40 (EN8) COLLAR;MACHINED PART NO : 506.04DRG NO : SPI 100197901-0010 MOC : GR 080M40 (EN8) REMARK : NILOLD MESC: 31.80.99.037.8 EQUIPMENT DETAILS : FEED PUMP EQUIPMENT MODEL : GSG 150-360 MNFR NAME & ADDRESS : SULZER PUMPS INDIA LIMITED EQUIPMENT LOCATION : DHT PROJECT NAME : DHT TAG NO : 151P101A/B SERIAL NO : 534555 & 534556 DRAWING NO : SPI 100197901-0010 OLD MATERIAL CODE : 31.80.99.037.8,",MIRA_BPCL_equipment_material_corpus_FINAL_with_org(2),1,1
BPCL,Bharat Petroleum Corporation Limited,31.28.53.032.5,SHORT DESCRIPTION : SUCTION IMPELLER;MACHINED;GSG,impeller,,PC,,,,,,,,,231.05,"GR CA6NM CL B, NACE COMPLIANT SUCTION IMPELLER;MACHINED;GSG;150-360/1D PART NO : 231.05DRG NO : SPI 100197901-0010 MOC : GR CA6NM CL B, NACE COMPLIANT",,GSG 150-360 MNFR NAME & ADDRESS : SULZER PUMPS INDIA LIMITED EQUIPMENT,DHT,DHT,,,,,,56,"Organization: BPCL | Location: DHT | Item: SHORT DESCRIPTION : SUCTION IMPELLER;MACHINED;GSG | Type: impeller | Material Code: 31.28.53.032.5 | Part Number: 231.05 | MOC: GR CA6NM CL B, NACE COMPLIANT SUCTION IMPELLER;MACHINED;GSG;150-360/1D PART NO : 231.05DRG NO : SPI 100197901-0010 MOC : GR CA6NM CL B, NACE COMPLIANT | Model: GSG 150-360 MNFR NAME & ADDRESS : SULZER PUMPS INDIA LIMITED EQUIPMENT | Tag No: 151P101A/B | Drawing No: SPI 100197901-0010 | Project: DHT | Details: PART NUMBER : 231.05 MATGRP : 31 UOM : PC MATERIAL OF CONSTRUCTION : GR CA6NM CL B, NACE COMPLIANT SUCTION IMPELLER;MACHINED;GSG;150-360/1D PART NO : 231.05DRG NO : SPI 100197901-0010 MOC : GR CA6NM CL B, NACE COMPLIANT REMARK : NI EQUIPMENT DETAILS : FEED PUMP EQUIPMENT MODEL : GSG 150-360 MNFR NAME & ADDRESS : SULZER PUMPS INDIA LIMITED EQUIPMENT LOCATION : DHT PROJECT NAME : DHT TAG NO : 151P101A/B SERIAL NO : 534555 & 534556 DRAWING NO : SPI 100197901-0010 OLD MATERIAL CODE : 31.80.99.040.8,",MIRA_BPCL_equipment_material_corpus_FINAL_with_org(2),1,1
BPCL,Bharat Petroleum Corporation Limited,31.28.53.035.5,SHORT DESCRIPTION : IMPELLER RING;MACHINED;150-360,impeller,,PC,,,,,,,,,503.03,GR CA6NM CL B; NACE;LT; < 255 HB IMPELLER RING;MACHINED;150-360 PART NO : 503.03DRG NO : SPI 100197901-0010 MOC : GR CA6NM CL B; NACE;LT; < 255 HB,,GSG 150-360 MNFR NAME & ADDRESS : SULZER PUMPS INDIA LIMITED EQUIPMENT,DHT,DHT,,,,,,57,"Organization: BPCL | Location: DHT | Item: SHORT DESCRIPTION : IMPELLER RING;MACHINED;150-360 | Type: impeller | Material Code: 31.28.53.035.5 | Part Number: 503.03 | MOC: GR CA6NM CL B; NACE;LT; < 255 HB IMPELLER RING;MACHINED;150-360 PART NO : 503.03DRG NO : SPI 100197901-0010 MOC : GR CA6NM CL B; NACE;LT; < 255 HB | Model: GSG 150-360 MNFR NAME & ADDRESS : SULZER PUMPS INDIA LIMITED EQUIPMENT | Tag No: 151P101A/B | Drawing No: SPI 100197901-0010 | Project: DHT | Details: PART NUMBER : 503.03 MATGRP : 31 UOM : PC MATERIAL OF CONSTRUCTION : GR CA6NM CL B; NACE;LT; < 255 HB IMPELLER RING;MACHINED;150-360 PART NO : 503.03DRG NO : SPI 100197901-0010 MOC : GR CA6NM CL B; NACE;LT; < 255 HB REMARK : NILOLD ME EQUIPMENT DETAILS : FEED PUMP EQUIPMENT MODEL : GSG 150-360 MNFR NAME & ADDRESS : SULZER PUMPS INDIA LIMITED EQUIPMENT LOCATION : DHT PROJECT NAME : DHT TAG NO : 151P101A/B SERIAL NO : 534555 & 534556 DRAWING NO : SPI 100197901-0010 OLD MATERIAL CODE : 31.80.99.043.8,",MIRA_BPCL_equipment_material_corpus_FINAL_with_org(2),1,1
BPCL,Bharat Petroleum Corporation Limited,31.28.53.036.5,SHORT DESCRIPTION : INTERSTAGE BUSHING;MACH;GSG;150-360,pump,,PC,,,,,,,,,541.01,GR CA40; SOFT NITRIDE; 320 - 350HB; > 600HV; INTERSTAGE BUSHING;MACH;GSG;150-360 PART NO : 541.01DRG NO : SPI 100197901-0010 MOC : GR CA40; SOFT NITRIDE; 320 - 350HB; > 600HV; R,,GSG 150-360 MNFR NAME & ADDRESS : SULZER PUMPS INDIA LIMITED EQUIPMENT,DHT,DHT,,,,,,58,"Organization: BPCL | Location: DHT | Item: SHORT DESCRIPTION : INTERSTAGE BUSHING;MACH;GSG;150-360 | Type: pump | Material Code: 31.28.53.036.5 | Part Number: 541.01 | MOC: GR CA40; SOFT NITRIDE; 320 - 350HB; > 600HV; INTERSTAGE BUSHING;MACH;GSG;150-360 PART NO : 541.01DRG NO : SPI 100197901-0010 MOC : GR CA40; SOFT NITRIDE; 320 - 350HB; > 600HV; R | Model: GSG 150-360 MNFR NAME & ADDRESS : SULZER PUMPS INDIA LIMITED EQUIPMENT | Tag No: 151P101A/B | Drawing No: SPI 100197901-0010 | Project: DHT | Details: PART NUMBER : 541.01 MATGRP : 31 UOM : PC MATERIAL OF CONSTRUCTION : GR CA40; SOFT NITRIDE; 320 - 350HB; > 600HV; INTERSTAGE BUSHING;MACH;GSG;150-360 PART NO : 541.01DRG NO : SPI 100197901-0010 MOC : GR CA40; SOFT NITRIDE; 320 - 350HB; > 600HV; R EQUIPMENT DETAILS : FEED PUMP EQUIPMENT MODEL : GSG 150-360 MNFR NAME & ADDRESS : SULZER PUMPS INDIA LIMITED EQUIPMENT LOCATION : DHT PROJECT NAME : DHT TAG NO : 151P101A/B SERIAL NO : 534555 & 534556 DRAWING NO : SPI 100197901-0010 OLD MATERIAL CODE : 31.80.99.044.8,",MIRA_BPCL_equipment_material_corpus_FINAL_with_org(2),1,1
BPCL,Bharat Petroleum Corporation Limited,31.28.53.037.5,SHORT DESCRIPTION : IMPELLER RING;MACHINED;125-330,impeller,,PC,,,,,,,,,503.02,GR CA6NM CL B; NACE;LT; < 255 HB IMPELLER RING;MACHINED;125-330 PART NO : 503.02DRG NO : SPI 100197901-0010 MOC : GR CA6NM CL B; NACE;LT; < 255 HB,,GSG 150-360 MNFR NAME & ADDRESS : SULZER PUMPS INDIA LIMITED EQUIPMENT,DHT,DHT,,,,,,58,"Organization: BPCL | Location: DHT | Item: SHORT DESCRIPTION : IMPELLER RING;MACHINED;125-330 | Type: impeller | Material Code: 31.28.53.037.5 | Part Number: 503.02 | MOC: GR CA6NM CL B; NACE;LT; < 255 HB IMPELLER RING;MACHINED;125-330 PART NO : 503.02DRG NO : SPI 100197901-0010 MOC : GR CA6NM CL B; NACE;LT; < 255 HB | Model: GSG 150-360 MNFR NAME & ADDRESS : SULZER PUMPS INDIA LIMITED EQUIPMENT | Tag No: 151P101A/B | Drawing No: SPI 100197901-0010 | Project: DHT | Details: PART NUMBER : 503.02 MATGRP : 31 UOM : PC MATERIAL OF CONSTRUCTION : GR CA6NM CL B; NACE;LT; < 255 HB IMPELLER RING;MACHINED;125-330 PART NO : 503.02DRG NO : SPI 100197901-0010 MOC : GR CA6NM CL B; NACE;LT; < 255 HB REMARK : NILOLD ME EQUIPMENT DETAILS : FEED PUMP EQUIPMENT MODEL : GSG 150-360 MNFR NAME & ADDRESS : SULZER PUMPS INDIA LIMITED EQUIPMENT LOCATION : DHT PROJECT NAME : DHT TAG NO : 151P101A/B SERIAL NO : 534555 & 534556 DRAWING NO : SPI 100197901-0010 OLD MATERIAL CODE : 31.80.99.045.8,",MIRA_BPCL_equipment_material_corpus_FINAL_with_org(2),1,1
BPCL,Bharat Petroleum Corporation Limited,31.28.53.043.5,"SHORT DESCRIPTION : IMPELLER, SULZER",impeller,,PC,,,,,,,,,230.1,"GR CA6NM CL B, NACE COMPLIANT IMPELLER PART NO : 230.1DRG NO : SPI 100197901-0010 MOC : GR CA6NM CL B, NACE COMPLIANT",,GSG 150-360 MNFR NAME & ADDRESS : SULZER PUMPS INDIA LIMITED EQUIPMENT,DHT,DHT,,,,,,60,"Organization: BPCL | Location: DHT | Item: SHORT DESCRIPTION : IMPELLER, SULZER | Type: impeller | Material Code: 31.28.53.043.5 | Part Number: 230.1 | MOC: GR CA6NM CL B, NACE COMPLIANT IMPELLER PART NO : 230.1DRG NO : SPI 100197901-0010 MOC : GR CA6NM CL B, NACE COMPLIANT | Model: GSG 150-360 MNFR NAME & ADDRESS : SULZER PUMPS INDIA LIMITED EQUIPMENT | Tag No: 151P101A/B | Drawing No: SPI 100197901-0010 | Project: DHT | Details: PART NUMBER : 230.1 MATGRP : 31 UOM : PC MATERIAL OF CONSTRUCTION : GR CA6NM CL B, NACE COMPLIANT IMPELLER PART NO : 230.1DRG NO : SPI 100197901-0010 MOC : GR CA6NM CL B, NACE COMPLIANT REMARK : NILOLD MESC: 31.80.99.051.8 EQUIPMENT DETAILS : FEED PUMP EQUIPMENT MODEL : GSG 150-360 MNFR NAME & ADDRESS : SULZER PUMPS INDIA LIMITED EQUIPMENT LOCATION : DHT PROJECT NAME : DHT TAG NO : 151P101A/B SERIAL NO : 534555 & 534556 DRAWING NO : SPI 100197901-0010 OLD MATERIAL CODE : 31.80.99.051.8,",MIRA_BPCL_equipment_material_corpus_FINAL_with_org(2),1,1
BPCL,Bharat Petroleum Corporation Limited,31.28.84.652.5,IMPELLER WEAR RING 1ST STAGE,impeller,,,,SULZER PUMPS INDIA LTD,,,,,,,503.02 SPARES,,,GSG 50-220D / 7,,,,,,,,89,Organization: BPCL | Item: IMPELLER WEAR RING 1ST STAGE | Type: impeller | Material Code: 31.28.84.652.5 | Part Number: 503.02 SPARES | Model: GSG 50-220D / 7 | Make: SULZER PUMPS INDIA LTD | Tag No: 144P146A/B SR. NO. : 514438/514439 | Details: PN : 503.02 SPARES FOR CENTRIFUGAL PUMP MFR : SULZER PUMPS INDIA LTD MODEL : GSG 50-220D / 7 TAG NO. : 144P146A/B SR. NO. : 514438/514439 LOCATION: CDU4,MIRA_BPCL_equipment_material_corpus_FINAL_with_org(2),1,1
BPCL,Bharat Petroleum Corporation Limited,31.28.84.726.5,SHAFT WITH KEYS AND LOCKNUTS,pump,,,,SULZER PUMPS INDIA LTD,,,,,,,210.05+920.15+931.01+940.01+940.02+940.03+940.04+940.05 SET CONTAINS - PN: 210.05(QTY 1NO)+ 920.15(QTY 2NOS)+931.01(QTY 2NOS)+940.01(QTY 7 NOS) + 940.02(QTY 1NO) + 940.03(QTY 1NO)+940.04(QTY 1NO) + 940.05(QTY 1 NOS) SPARES,,,GSG 50-220D / 7,,,,,,,,90,Organization: BPCL | Item: SHAFT WITH KEYS AND LOCKNUTS | Type: pump | Material Code: 31.28.84.726.5 | Part Number: 210.05+920.15+931.01+940.01+940.02+940.03+940.04+940.05 SET CONTAINS - PN: 210.05(QTY 1NO)+ 920.15(QTY 2NOS)+931.01(QTY 2NOS)+940.01(QTY 7 NOS) + 940.02(QTY 1NO) + 940.03(QTY 1NO)+940.04(QTY 1NO) + 940.05(QTY 1 NOS) SPARES | Model: GSG 50-220D / 7 | Make: SULZER PUMPS INDIA LTD | Tag No: 144P146A/B SR. NO. : 514438/514439 | Details: PN : 210.05+920.15+931.01+940.01+940.02+940.03+940.04+940.05 SET CONTAINS - PN: 210.05(QTY 1NO)+ 920.15(QTY 2NOS)+931.01(QTY 2NOS)+940.01(QTY 7 NOS) + 940.02(QTY 1NO) + 940.03(QTY 1NO)+940.04(QTY 1NO) + 940.05(QTY 1 NOS) SPARES FOR CENTRIFUGAL PUMP MFR : SULZER PUMPS INDIA LTD MODEL : GSG 50-220D / 7 TAG NO. : 144P146A/B SR. NO. : 514438/514439 LOCATION: CDU4,MIRA_BPCL_equipment_material_corpus_FINAL_with_org(2),1,1
BPCL,Bharat Petroleum Corporation Limited,31.28.85.726.5,SHAFT WITH KEYS AND LOCKNUTS,pump,,,,SULZER PUMPS INDIA LTD,,,,,,,210.12+920.15+920.17+931.01+931.02+940.01 + 940.02+940.03+940.04+940.05+940.09 SET CONTAINS - PN: 210.12(QTY 1 NO)+920.15(QTY 1 NO)+ 920.17(QTY 1 NO)+931.01(QTY 1 NO)+ 931.02(QTY 1NO) + 940.01(QTY 4 NOS) + 940.02(QTY 1 NO)+ 940.03(QTY 1 NO)+ 940.04(QTY 1 NO) + 940.05(QTY 1 NO) + 940.09(QTY 1 NO) SPARES,,,GSG 100-300(E)(BD)/4+1D,,,,,,,,94,Organization: BPCL | Item: SHAFT WITH KEYS AND LOCKNUTS | Type: pump | Material Code: 31.28.85.726.5 | Part Number: 210.12+920.15+920.17+931.01+931.02+940.01 + 940.02+940.03+940.04+940.05+940.09 SET CONTAINS - PN: 210.12(QTY 1 NO)+920.15(QTY 1 NO)+ 920.17(QTY 1 NO)+931.01(QTY 1 NO)+ 931.02(QTY 1NO) + 940.01(QTY 4 NOS) + 940.02(QTY 1 NO)+ 940.03(QTY 1 NO)+ 940.04(QTY 1 NO) + 940.05(QTY 1 NO) + 940.09(QTY 1 NO) SPARES | Model: GSG 100-300(E)(BD)/4+1D | Make: SULZER PUMPS INDIA LTD | Tag No: 144P139A/B/C SR. NO. : 514435/514436/514437 | Details: PN : 210.12+920.15+920.17+931.01+931.02+940.01 + 940.02+940.03+940.04+940.05+940.09 SET CONTAINS - PN: 210.12(QTY 1 NO)+920.15(QTY 1 NO)+ 920.17(QTY 1 NO)+931.01(QTY 1 NO)+ 931.02(QTY 1NO) + 940.01(QTY 4 NOS) + 940.02(QTY 1 NO)+ 940.03(QTY 1 NO)+ 940.04(QTY 1 NO) + 940.05(QTY 1 NO) + 940.09(QTY 1 NO) SPARES FOR CENTRIFUGAL PUMP MFR : SULZER PUMPS INDIA LTD MODEL : GSG 100-300(E)(BD)/4+1D TAG NO. : 144P139A/B/C SR. NO. : 514435/514436/514437 LOCATION: CDU4,MIRA_BPCL_equipment_material_corpus_FINAL_with_org(2),1,1
BPCL,Bharat Petroleum Corporation Limited,31.28.86.726.5,SHAFT WITH KEYS AND LOCKNUTS,pump,,,,SULZER PUMPS INDIA LTD,,,,,,,210.02+920.15+931.01+940.01+940.02+940.03+940.05 SET CONTAINS - PN:210.02(QTY 1 NO)+PN:920.15(QTY 2 NOS)+PN:931.01(QTY 2 NOS) + PN:940.01(QTY 7 NOS)+PN:940.02(QTY 2 NOS) + PN:940.03(QTY 1NO) + PN:940.05(QTY 1 NOS) SPARES,,,GSG 50-220/5,,,,,,,,100,Organization: BPCL | Item: SHAFT WITH KEYS AND LOCKNUTS | Type: pump | Material Code: 31.28.86.726.5 | Part Number: 210.02+920.15+931.01+940.01+940.02+940.03+940.05 SET CONTAINS - PN:210.02(QTY 1 NO)+PN:920.15(QTY 2 NOS)+PN:931.01(QTY 2 NOS) + PN:940.01(QTY 7 NOS)+PN:940.02(QTY 2 NOS) + PN:940.03(QTY 1NO) + PN:940.05(QTY 1 NOS) SPARES | Model: GSG 50-220/5 | Make: SULZER PUMPS INDIA LTD | Tag No: 144P155A/B SR. NO. : 519033 / 519034 DW NO : PCS1001407430010 | Drawing No: PCS1001407430010 | Details: PN : 210.02+920.15+931.01+940.01+940.02+940.03+940.05 SET CONTAINS - PN:210.02(QTY 1 NO)+PN:920.15(QTY 2 NOS)+PN:931.01(QTY 2 NOS) + PN:940.01(QTY 7 NOS)+PN:940.02(QTY 2 NOS) + PN:940.03(QTY 1NO) + PN:940.05(QTY 1 NOS) SPARES FOR CENTRIFUGAL PUMP MFR : SULZER PUMPS INDIA LTD MODEL : GSG 50-220/5 TAG NO. : 144P155A/B SR. NO. : 519033 / 519034 DW NO : PCS1001407430010 LOCATION: CDU4,MIRA_BPCL_equipment_material_corpus_FINAL_with_org(2),1,1
BPCL,Bharat Petroleum Corporation Limited,31.58.10.911.5,"CASING WEAR RING, 1ST STAGE",pump,,,,,,,,,,,502.07,CC-50,,GSG 100-300/7,,,,,,,,122,"Organization: BPCL | Item: CASING WEAR RING, 1ST STAGE | Type: pump | Material Code: 31.58.10.911.5 | Part Number: 502.07 | MOC: CC-50 | Model: GSG 100-300/7 | Tag No: 133 P 302 A/B DW. NO. : CS 0250344 | Serial No: 102804-01/02 | Details: PN: 502.07 MOC : CC-50 FOR SULZER PUMPS INDIA LTD. MODEL : GSG 100-300/7 SL.NO : 102804-01/02 TAG NO. : 133 P 302 A/B DW. NO. : CS 0250344 LOCATION: HYDROGEN UNIT-RMP",MIRA_BPCL_equipment_material_corpus_FINAL_with_org(2),1,1
BPCL,Bharat Petroleum Corporation Limited,31.58.15.727.5,SHAFT WITH KEYS & NUTS,pump,,,,,,,,,,,210.12/920.15/ 920.17/931.01/ 931.02/932.01/ 940.04/940.05/ 940.02/940.01/ 940.03,TYPE 420 (MOD) 255 HB MAX SPARES,,GSG 100-300/6,CCR SHAFT WITH KEYS & NUTS PN : 210.12/920.15/ 920.17/931.01/ 931.02/932.01/ 940.04/940.05/ 940.02/940.01/ 940.03 MOC : TYPE 420 (MOD) 255 HB MAX SPARES FOR CENTRIFUGAL PUMP PUMP MANAFACTURER : SULZER PUMPS INDIA LTD. MODEL : GSG 100-300/6,,,,,,,139,Organization: BPCL | Location: CCR SHAFT WITH KEYS & NUTS PN : 210.12/920.15/ 920.17/931.01/ 931.02/932.01/ 940.04/940.05/ 940.02/940.01/ 940.03 MOC : TYPE 420 (MOD) 255 HB MAX SPARES FOR CENTRIFUGAL PUMP PUMP MANAFACTURER : SULZER PUMPS INDIA LTD. MODEL : GSG 100-300/6 | Item: SHAFT WITH KEYS & NUTS | Type: pump | Material Code: 31.58.15.727.5 | Part Number: 210.12/920.15/ 920.17/931.01/ 931.02/932.01/ 940.04/940.05/ 940.02/940.01/ 940.03 | MOC: TYPE 420 (MOD) 255 HB MAX SPARES | Model: GSG 100-300/6 | Tag No: 140P001 A/B | Serial No: 474943/44 | Details: PN : 210.12/920.15/ 920.17/931.01/ 931.02/932.01/ 940.04/940.05/ 940.02/940.01/ 940.03 MOC : TYPE 420 (MOD) 255 HB MAX SPARES FOR CENTRIFUGAL PUMP PUMP MANAFACTURER : SULZER PUMPS INDIA LTD. MODEL : GSG 100-300/6 TAG NO. : 140P001 A/B SERIAL NO : 474943/44 LOCATION : CCR SHAFT WITH KEYS & NUTS PN : 210.12/920.15/ 920.17/931.01/ 931.02/932.01/ 940.04/940.05/ 940.02/940.01/ 940.03 MOC : TYPE 420 (MOD) 255 HB MAX SPARES FOR CENTRIFUGAL PUMP PUMP MANAFACTURER : SULZER PUMPS INDIA LTD. MODEL : GSG 100-300/6 TAG NO. : 140P001 A/B SERIAL NO : 474943/44 LOCATION : CCR,MIRA_BPCL_equipment_material_corpus_FINAL_with_org(2),1,1
BPCL,Bharat Petroleum Corporation Limited,31.58.15.902.5,CASING WEAR RING; I STAGE,pump,,,,,,,,,,,502.07,ASTM A743 GR CA40WNT SPARES,,GSG 100-300/6,,,,,,,,141,Organization: BPCL | Item: CASING WEAR RING; I STAGE | Type: pump | Material Code: 31.58.15.902.5 | Part Number: 502.07 | MOC: ASTM A743 GR CA40WNT SPARES | Model: GSG 100-300/6 | Tag No: 140P001 A/B | Serial No: 474943/44 | Details: PN : 502.07 MOC : ASTM A743 GR CA40WNT SPARES FOR CENTRIFUGAL PUMP PUMP MANAFACTURER : SULZER PUMPS INDIA LTD. MODEL : GSG 100-300/6 TAG NO. : 140P001 A/B SERIAL NO : 474943/44 LOCATION : CCR,MIRA_BPCL_equipment_material_corpus_FINAL_with_org(2),1,1
BPCL,Bharat Petroleum Corporation Limited,31.58.15.904.5,IMPELLER WEAR RING; 1ST STAGE,impeller,,,,,,,,,,,503.02,ASTM A743 GR CA40WNT SPARES,,GSG 100-300/6,,,,,,,,142,Organization: BPCL | Item: IMPELLER WEAR RING; 1ST STAGE | Type: impeller | Material Code: 31.58.15.904.5 | Part Number: 503.02 | MOC: ASTM A743 GR CA40WNT SPARES | Model: GSG 100-300/6 | Tag No: 140P001 A/B | Serial No: 474943/44 | Details: PN : 503.02 MOC : ASTM A743 GR CA40WNT SPARES FOR CENTRIFUGAL PUMP PUMP MANAFACTURER : SULZER PUMPS INDIA LTD. MODEL : GSG 100-300/6 TAG NO. : 140P001 A/B SERIAL NO : 474943/44 LOCATION : CCR,MIRA_BPCL_equipment_material_corpus_FINAL_with_org(2),1,1
BPCL,Bharat Petroleum Corporation Limited,31.58.53.701.5,SHAFT WITH KEYS AND LOCKNUTS,bearing,,,,M/S. SULZER PUMPS INDIA LTD.,,,,,,,210.01+923.01+931.01+940.01+940.03+922.01 SET CONTAINS - SHAFT PN:210.01(QTY:1 NO) + BEARING NUT PN:923.01 (QTY:1 NO) + LOCK WASHER PN:931.01(QTY:1 NO) + KEY PN:940.01(QTY:1 NO) + KEY PN:940.03(QTY:1 NO) + IMPELLER NUT PN:922.01(QTY:1 NO),,,ZF 300-5500,,,,,,,,182,Organization: BPCL | Item: SHAFT WITH KEYS AND LOCKNUTS | Type: bearing | Material Code: 31.58.53.701.5 | Part Number: 210.01+923.01+931.01+940.01+940.03+922.01 SET CONTAINS - SHAFT PN:210.01(QTY:1 NO) + BEARING NUT PN:923.01 (QTY:1 NO) + LOCK WASHER PN:931.01(QTY:1 NO) + KEY PN:940.01(QTY:1 NO) + KEY PN:940.03(QTY:1 NO) + IMPELLER NUT PN:922.01(QTY:1 NO) | Model: ZF 300-5500 | Make: M/S. SULZER PUMPS INDIA LTD. | Tag No: 144P107A/B SR. NO. : 513494/513495 DW. NO. : PCS1001241530040-01 | Details: PN : 210.01+923.01+931.01+940.01+940.03+922.01 SET CONTAINS - SHAFT PN:210.01(QTY:1 NO) + BEARING NUT PN:923.01 (QTY:1 NO) + LOCK WASHER PN:931.01(QTY:1 NO) + KEY PN:940.01(QTY:1 NO) + KEY PN:940.03(QTY:1 NO) + IMPELLER NUT PN:922.01(QTY:1 NO) FOR CENTRIFUGAL PUMP MAKE : M/S. SULZER PUMPS INDIA LTD. MODEL : ZF 300-5500 TAG NO : 144P107A/B SR. NO. : 513494/513495 DW. NO. : PCS1001241530040-01 LOCATION : CDU4,MIRA_BPCL_equipment_material_corpus_FINAL_with_org(2),1,1
BPCL,Bharat Petroleum Corporation Limited,31.58.73.243.5,GASKET (IMP NUT & SHAFT),gasket/seal,,,,"SULZER PUMPS INDIA LTD,",,,,,,,,STYLE 59,,ZE-100-3400 SL NO : 52167-68,,,,,,,,184,"Organization: BPCL | Item: GASKET (IMP NUT & SHAFT) | Type: gasket/seal | Material Code: 31.58.73.243.5 | MOC: STYLE 59 | Model: ZE-100-3400 SL NO : 52167-68 | Make: SULZER PUMPS INDIA LTD, | Tag No: P1-A/B SLOPS | Details: FOR SULZER CENTRIFUGAL PUMPS PART NO : 400.03 MOC : STYLE 59 MFR : SULZER PUMPS INDIA LTD, MODEL : ZE-100-3400 SL NO : 52167-68 TAG NO. : P1-A/B SLOPS LOCATION : SLOPS P/H.",MIRA_BPCL_equipment_material_corpus_FINAL_with_org(2),1,1
BPCL,Bharat Petroleum Corporation Limited,31.28.53.001.5,"SHORT DESCRIPTION : SHAFT,SULZER",pump,,PC,,,,,,,,,NIL MNFR : SULZER IND,"NIL SHAFT # PART NO: 210.12 # (1NO), KEYS- PART NO: 940.01-(5NOS), 940.02- (1NO), 940.03- (1NO), 940.04 # (2NOS.), 940.07 #(1NO), 940.09 DRG NO : SPI 100197901-0010",,GSG 150-360 MNFR NAME & ADDRESS : SULZER PUMPS INDIA LIMITED EQUIPMENT,DHT,DHT,,,,,,44,"Organization: BPCL | Location: DHT | Item: SHORT DESCRIPTION : SHAFT,SULZER | Type: pump | Material Code: 31.28.53.001.5 | Part Number: NIL MNFR : SULZER IND | MOC: NIL SHAFT # PART NO: 210.12 # (1NO), KEYS- PART NO: 940.01-(5NOS), 940.02- (1NO), 940.03- (1NO), 940.04 # (2NOS.), 940.07 #(1NO), 940.09 DRG NO : SPI 100197901-0010 | Model: GSG 150-360 MNFR NAME & ADDRESS : SULZER PUMPS INDIA LIMITED EQUIPMENT | Tag No: 151P101A/B | Drawing No: SPI 100197901-0010 | Project: DHT | Details: PART NUMBER : NIL MNFR : SULZER IND MATGRP : 31 UOM : PC MATERIAL OF CONSTRUCTION : NIL SHAFT # PART NO: 210.12 # (1NO), KEYS- PART NO: 940.01-(5NOS), 940.02- (1NO), 940.03- (1NO), 940.04 # (2NOS.), 940.07 #(1NO), 940.09 DRG NO : SPI 100197901-0010 REMARK : MATERIAL OF CONSTRUCTION: 1.4404 OR A479 TYPE 316/316L NACE COMPLIANT - KEYS 1018 COLD FINISHED 125 HB MIN OR DIN 1.0503+C EQUIPMENT DETAILS : FEED PUMP EQUIPMENT MODEL : GSG 150-360 MNFR NAME & ADDRESS : SULZER PUMPS INDIA LIMITED EQUIPMENT LOCATION : DHT PROJECT NAME : DHT TAG NO : 151P101A/B SERIAL NO : 534555 & 534556 DRAWING NO : SPI 100197901-0010 OLD MATERIAL CODE : 31.80.99.009.8,",MIRA_BPCL_equipment_material_corpus_FINAL_with_org(2),1,1
BPCL,Bharat Petroleum Corporation Limited,31.28.53.008.5,SHORT DESCRIPTION : RING,pump,,PC,,,,,,,,,500.16,PTFE/GRAFITE RING PART NO : 500.16DRG NO : SPI 100197901-0010 MOC : PTFE/GRAFITE,,GSG 150-360 MNFR NAME & ADDRESS : SULZER PUMPS INDIA LIMITED EQUIPMENT,DHT,DHT,,,,,,46,"Organization: BPCL | Location: DHT | Item: SHORT DESCRIPTION : RING | Type: pump | Material Code: 31.28.53.008.5 | Part Number: 500.16 | MOC: PTFE/GRAFITE RING PART NO : 500.16DRG NO : SPI 100197901-0010 MOC : PTFE/GRAFITE | Model: GSG 150-360 MNFR NAME & ADDRESS : SULZER PUMPS INDIA LIMITED EQUIPMENT | Tag No: 151P101A/B | Drawing No: SPI 100197901-0010 | Project: DHT | Details: PART NUMBER : 500.16 MATGRP : 31 UOM : PC MATERIAL OF CONSTRUCTION : PTFE/GRAFITE RING PART NO : 500.16DRG NO : SPI 100197901-0010 MOC : PTFE/GRAFITE REMARK : NILOLD MESC: 31.80.99.016.8 EQUIPMENT DETAILS : FEED PUMP EQUIPMENT MODEL : GSG 150-360 MNFR NAME & ADDRESS : SULZER PUMPS INDIA LIMITED EQUIPMENT LOCATION : DHT PROJECT NAME : DHT TAG NO : 151P101A/B SERIAL NO : 534555 & 534556 DRAWING NO : SPI 100197901-0010 OLD MATERIAL CODE : 31.80.99.016.8,",MIRA_BPCL_equipment_material_corpus_FINAL_with_org(2),1,1
BPCL,Bharat Petroleum Corporation Limited,31.58.10.518.5,O-RING (BALANCE DRUM LINER),gasket/seal,,,,,,,,,,,412.07,EPR,,GSG 100-300/7,,,,,,,,119,Organization: BPCL | Item: O-RING (BALANCE DRUM LINER) | Type: gasket/seal | Material Code: 31.58.10.518.5 | Part Number: 412.07 | MOC: EPR | Model: GSG 100-300/7 | Tag No: 133 P 302 A/B DW. NO. : CS 0250344 | Serial No: 102804-01/02 | Details: PN: 412.07 MOC : EPR FOR SULZER PUMPS INDIA LTD. MODEL : GSG 100-300/7 SL.NO : 102804-01/02 TAG NO. : 133 P 302 A/B DW. NO. : CS 0250344 LOCATION: HYDROGEN UNIT-RMP,MIRA_BPCL_equipment_material_corpus_FINAL_with_org(2),1,1
BPCL,Bharat Petroleum Corporation Limited,31.58.10.651.5,"SPLIT RING, BALANCE DRUM",pump,,,,,,,,,,,501.01,SS 410,,GSG 100-300/7,,,,,,,,119,"Organization: BPCL | Item: SPLIT RING, BALANCE DRUM | Type: pump | Material Code: 31.58.10.651.5 | Part Number: 501.01 | MOC: SS 410 | Model: GSG 100-300/7 | Tag No: 133 P 302 A/B DW. NO. : CS 0250344 | Serial No: 102804-01/02 | Details: PN: 501.01 MOC : SS 410 FOR SULZER PUMPS INDIA LTD. MODEL : GSG 100-300/7 SL.NO : 102804-01/02 TAG NO. : 133 P 302 A/B DW. NO. : CS 0250344 LOCATION: HYDROGEN UNIT-RMP",MIRA_BPCL_equipment_material_corpus_FINAL_with_org(2),1,1
BPCL,Bharat Petroleum Corporation Limited,31.58.10.910.5,"CASING WEAR RING, STAGE",pump,,,,,,,,,,,502.06,CC-50,,GSG 100-300/7,,,,,,,,122,"Organization: BPCL | Item: CASING WEAR RING, STAGE | Type: pump | Material Code: 31.58.10.910.5 | Part Number: 502.06 | MOC: CC-50 | Model: GSG 100-300/7 | Tag No: 133 P 302 A/B DW. NO. : CS 0250344 | Serial No: 102804-01/02 | Details: PN: 502.06 MOC : CC-50 FOR SULZER PUMPS INDIA LTD. MODEL : GSG 100-300/7 SL.NO : 102804-01/02 TAG NO. : 133 P 302 A/B DW. NO. : CS 0250344 LOCATION: HYDROGEN UNIT-RMP",MIRA_BPCL_equipment_material_corpus_FINAL_with_org(2),1,1
NTPC,NTPC Limited,M3799642217,SPLIT PIN OF SS-304 SIZE 3.0 DIA X 50 MM,,Other Material/Equipment,NO,20.0,,,SS304,"{""value"": 50.0, ""unit"": ""MM""}",,,"{""material_grade"": ""SS304"", ""pressure_rating"": null, ""dimensions"": {""value"": 50.0, ""unit"": ""MM""}, ""dimension_tokens"": [{""value"": 50.0, ""unit"": ""MM""}], ""dished_end_dimensions"": null, ""nominal_bore"": null, ""metric_thread"": null, ""voltage_class"": null}",,,,,,,,,,,NTPC.pdf,300,"Organization: NTPC | Item: SPLIT PIN OF SS-304 SIZE 3.0 DIA X 50 MM | Category: Other Material/Equipment | Material Code: M3799642217 | Material Grade: SS304 | Dimensions: {""value"": 50.0, ""unit"": ""MM""} | Unit: NO",MIRA_materials_master_FINAL_with_org(1),1,1
NTPC,NTPC Limited,M2025100035,SS316 SW GASKET W/O RING 517X475X3.85MM,sealing material,Mechanical,NO,40.0,,,SS316,"{""value"": 475.0, ""unit"": ""MM""}",,,"{""material_grade"": ""SS316"", ""pressure_rating"": null, ""dimensions"": {""value"": 475.0, ""unit"": ""MM""}, ""dimension_tokens"": [{""value"": 475.0, ""unit"": ""MM""}, {""value"": 3.85, ""unit"": ""MM""}], ""dished_end_dimensions"": null, ""nominal_bore"": null, ""metric_thread"": null, ""voltage_class"": null}",,,,,,,,,,,NTPC.pdf,224,"Organization: NTPC | Item: SS316 SW GASKET W/O RING 517X475X3.85MM | Type: sealing material | Category: Mechanical | Material Code: M2025100035 | Material Grade: SS316 | Dimensions: {""value"": 475.0, ""unit"": ""MM""} | Unit: NO",MIRA_materials_master_FINAL_with_org(1),1,1
NTPC,NTPC Limited,M2025123155,SS316 SW GASKET W/O RING 948X885X3.7MM,sealing material,Mechanical,NO,40.0,,,SS316,"{""value"": 885.0, ""unit"": ""MM""}",,,"{""material_grade"": ""SS316"", ""pressure_rating"": null, ""dimensions"": {""value"": 885.0, ""unit"": ""MM""}, ""dimension_tokens"": [{""value"": 885.0, ""unit"": ""MM""}, {""value"": 3.7, ""unit"": ""MM""}], ""dished_end_dimensions"": null, ""nominal_bore"": null, ""metric_thread"": null, ""voltage_class"": null}",,,,,,,,,,,NTPC.pdf,224,"Organization: NTPC | Item: SS316 SW GASKET W/O RING 948X885X3.7MM | Type: sealing material | Category: Mechanical | Material Code: M2025123155 | Material Grade: SS316 | Dimensions: {""value"": 885.0, ""unit"": ""MM""} | Unit: NO",MIRA_materials_master_FINAL_with_org(1),1,1
NTPC,NTPC Limited,M2025123456,SS316 SW GASKET W/O RING 633X592X4.65MM,sealing material,Mechanical,NO,40.0,,,SS316,"{""value"": 592.0, ""unit"": ""MM""}",,,"{""material_grade"": ""SS316"", ""pressure_rating"": null, ""dimensions"": {""value"": 592.0, ""unit"": ""MM""}, ""dimension_tokens"": [{""value"": 592.0, ""unit"": ""MM""}, {""value"": 4.65, ""unit"": ""MM""}], ""dished_end_dimensions"": null, ""nominal_bore"": null, ""metric_thread"": null, ""voltage_class"": null}",,,,,,,,,,,NTPC.pdf,224,"Organization: NTPC | Item: SS316 SW GASKET W/O RING 633X592X4.65MM | Type: sealing material | Category: Mechanical | Material Code: M2025123456 | Material Grade: SS316 | Dimensions: {""value"": 592.0, ""unit"": ""MM""} | Unit: NO",MIRA_materials_master_FINAL_with_org(1),1,1
NTPC,NTPC Limited,M2025125106,SS316 SW GASKET W/O RING 620X580X3.4MM,sealing material,Mechanical,NO,32.0,,,SS316,"{""value"": 580.0, ""unit"": ""MM""}",,,"{""material_grade"": ""SS316"", ""pressure_rating"": null, ""dimensions"": {""value"": 580.0, ""unit"": ""MM""}, ""dimension_tokens"": [{""value"": 580.0, ""unit"": ""MM""}, {""value"": 3.4, ""unit"": ""MM""}], ""dished_end_dimensions"": null, ""nominal_bore"": null, ""metric_thread"": null, ""voltage_class"": null}",,,,,,,,,,,NTPC.pdf,225,"Organization: NTPC | Item: SS316 SW GASKET W/O RING 620X580X3.4MM | Type: sealing material | Category: Mechanical | Material Code: M2025125106 | Material Grade: SS316 | Dimensions: {""value"": 580.0, ""unit"": ""MM""} | Unit: NO",MIRA_materials_master_FINAL_with_org(1),1,1
NTPC,NTPC Limited,M5678010010,FLANGE SLIPON SS304 ANSIB16.5 CL150 80MM,pipe fitting,Mechanical,NO,300.0,,,SS304,"{""value"": 80.0, ""unit"": ""MM""}",,,"{""material_grade"": ""SS304"", ""pressure_rating"": null, ""dimensions"": {""value"": 80.0, ""unit"": ""MM""}, ""dimension_tokens"": [{""value"": 80.0, ""unit"": ""MM""}], ""dished_end_dimensions"": null, ""nominal_bore"": null, ""metric_thread"": null, ""voltage_class"": null}",,,,,,,,,,,NTPC.pdf,369,"Organization: NTPC | Item: FLANGE SLIPON SS304 ANSIB16.5 CL150 80MM | Type: pipe fitting | Category: Mechanical | Material Code: M5678010010 | Material Grade: SS304 | Dimensions: {""value"": 80.0, ""unit"": ""MM""} | Unit: NO",MIRA_materials_master_FINAL_with_org(1),1,1
NTPC,NTPC Limited,M2679151017,SS PLAIN WASHER THICK (AISI 304 ) M 10MM,,Other Material/Equipment,NO,24.0,,,SS304,"{""value"": 10.0, ""unit"": ""MM""}",,,"{""material_grade"": ""SS304"", ""pressure_rating"": null, ""dimensions"": {""value"": 10.0, ""unit"": ""MM""}, ""dimension_tokens"": [{""value"": 10.0, ""unit"": ""MM""}], ""dished_end_dimensions"": null, ""nominal_bore"": null, ""metric_thread"": null, ""voltage_class"": null}",,,,,,,,,,,NTPC.pdf,249,"Organization: NTPC | Item: SS PLAIN WASHER THICK (AISI 304 ) M 10MM | Category: Other Material/Equipment | Material Code: M2679151017 | Material Grade: SS304 | Dimensions: {""value"": 10.0, ""unit"": ""MM""} | Unit: NO",MIRA_materials_master_FINAL_with_org(1),1,1
NTPC,NTPC Limited,M2679155519,SS.PLAIN THICK WASHER (AISI 304 ) M 8 MM,,Other Material/Equipment,NO,12.0,,,SS304,"{""value"": 8.0, ""unit"": ""MM""}",,,"{""material_grade"": ""SS304"", ""pressure_rating"": null, ""dimensions"": {""value"": 8.0, ""unit"": ""MM""}, ""dimension_tokens"": [{""value"": 8.0, ""unit"": ""MM""}], ""dished_end_dimensions"": null, ""nominal_bore"": null, ""metric_thread"": null, ""voltage_class"": null}",,,,,,,,,,,NTPC.pdf,251,"Organization: NTPC | Item: SS.PLAIN THICK WASHER (AISI 304 ) M 8 MM | Category: Other Material/Equipment | Material Code: M2679155519 | Material Grade: SS304 | Dimensions: {""value"": 8.0, ""unit"": ""MM""} | Unit: NO",MIRA_materials_master_FINAL_with_org(1),1,1
NTPC,NTPC Limited,M0585103008,"SW GASKET 128X103X4.5 MM GRAFSEAL,SS-316",sealing material,Mechanical,KG,650.0,,,SS316,"{""value"": 103.0, ""unit"": ""MM""}",,,"{""material_grade"": ""SS316"", ""pressure_rating"": null, ""dimensions"": {""value"": 103.0, ""unit"": ""MM""}, ""dimension_tokens"": [{""value"": 103.0, ""unit"": ""MM""}, {""value"": 4.5, ""unit"": ""MM""}], ""dished_end_dimensions"": null, ""nominal_bore"": null, ""metric_thread"": null, ""voltage_class"": null}",,,,,,,,,,,NTPC.pdf,41,"Organization: NTPC | Item: SW GASKET 128X103X4.5 MM GRAFSEAL,SS-316 | Type: sealing material | Category: Mechanical | Material Code: M0585103008 | Material Grade: SS316 | Dimensions: {""value"": 103.0, ""unit"": ""MM""} | Unit: KG",MIRA_materials_master_FINAL_with_org(1),2,2
NTPC,NTPC Limited,M0585150509,"SW GASKET 139X129X2.5 MM GRAFSEAL,SS-316",sealing material,Mechanical,KG,30.0,,,SS316,"{""value"": 129.0, ""unit"": ""MM""}",,,"{""material_grade"": ""SS316"", ""pressure_rating"": null, ""dimensions"": {""value"": 129.0, ""unit"": ""MM""}, ""dimension_tokens"": [{""value"": 129.0, ""unit"": ""MM""}, {""value"": 2.5, ""unit"": ""MM""}], ""dished_end_dimensions"": null, ""nominal_bore"": null, ""metric_thread"": null, ""voltage_class"": null}",,,,,,,,,,,NTPC.pdf,41,"Organization: NTPC | Item: SW GASKET 139X129X2.5 MM GRAFSEAL,SS-316 | Type: sealing material | Category: Mechanical | Material Code: M0585150509 | Material Grade: SS316 | Dimensions: {""value"": 129.0, ""unit"": ""MM""} | Unit: KG",MIRA_materials_master_FINAL_with_org(1),2,2
NTPC,NTPC Limited,M0585151503,"SW GASKET 140X120X3 MM GRAFSEAL,SS-316",sealing material,Mechanical,KG,250.0,,,SS316,"{""value"": 120.0, ""unit"": ""MM""}",,,"{""material_grade"": ""SS316"", ""pressure_rating"": null, ""dimensions"": {""value"": 120.0, ""unit"": ""MM""}, ""dimension_tokens"": [{""value"": 120.0, ""unit"": ""MM""}, {""value"": 3.0, ""unit"": ""MM""}], ""dished_end_dimensions"": null, ""nominal_bore"": null, ""metric_thread"": null, ""voltage_class"": null}",,,,,,,,,,,NTPC.pdf,41,"Organization: NTPC | Item: SW GASKET 140X120X3 MM GRAFSEAL,SS-316 | Type: sealing material | Category: Mechanical | Material Code: M0585151503 | Material Grade: SS316 | Dimensions: {""value"": 120.0, ""unit"": ""MM""} | Unit: KG",MIRA_materials_master_FINAL_with_org(1),2,2
NTPC,NTPC Limited,M1010018015,"HEX.WIRE MESH,SS304,13MM X 0.63MM DIA",cable/wire,Other Material/Equipment,ML,15000.0,,,SS304,"{""value"": 13.0, ""unit"": ""MM""}",,,"{""material_grade"": ""SS304"", ""pressure_rating"": null, ""dimensions"": {""value"": 13.0, ""unit"": ""MM""}, ""dimension_tokens"": [{""value"": 13.0, ""unit"": ""MM""}, {""value"": 0.63, ""unit"": ""MM""}], ""dished_end_dimensions"": null, ""nominal_bore"": null, ""metric_thread"": null, ""voltage_class"": null}",,,,,,,,,,,NTPC.pdf,50,"Organization: NTPC | Item: HEX.WIRE MESH,SS304,13MM X 0.63MM DIA | Type: cable/wire | Category: Other Material/Equipment | Material Code: M1010018015 | Material Grade: SS304 | Dimensions: {""value"": 13.0, ""unit"": ""MM""} | Unit: ML",MIRA_materials_master_FINAL_with_org(1),1,1
NTPC,NTPC Limited,M1616254395,FLANGE-SLIPON SS304 B16.5 CL.150 200MM,pipe fitting,Mechanical,M,60.0,,,SS304,"{""value"": 200.0, ""unit"": ""MM""}",,,"{""material_grade"": ""SS304"", ""pressure_rating"": null, ""dimensions"": {""value"": 200.0, ""unit"": ""MM""}, ""dimension_tokens"": [{""value"": 200.0, ""unit"": ""MM""}], ""dished_end_dimensions"": null, ""nominal_bore"": null, ""metric_thread"": null, ""voltage_class"": null}",,,,,,,,,,,NTPC.pdf,139,"Organization: NTPC | Item: FLANGE-SLIPON SS304 B16.5 CL.150 200MM | Type: pipe fitting | Category: Mechanical | Material Code: M1616254395 | Material Grade: SS304 | Dimensions: {""value"": 200.0, ""unit"": ""MM""} | Unit: M",MIRA_materials_master_FINAL_with_org(1),1,1
NTPC,NTPC Limited,M5514426037,"SW GASKET 241X214X5 MM GRAFSEAL,SS-316",sealing material,Mechanical,NO,10.0,,,SS316,"{""value"": 214.0, ""unit"": ""MM""}",,,"{""material_grade"": ""SS316"", ""pressure_rating"": null, ""dimensions"": {""value"": 214.0, ""unit"": ""MM""}, ""dimension_tokens"": [{""value"": 214.0, ""unit"": ""MM""}, {""value"": 5.0, ""unit"": ""MM""}], ""dished_end_dimensions"": null, ""nominal_bore"": null, ""metric_thread"": null, ""voltage_class"": null}",,,,,,,,,,,NTPC.pdf,347,"Organization: NTPC | Item: SW GASKET 241X214X5 MM GRAFSEAL,SS-316 | Type: sealing material | Category: Mechanical | Material Code: M5514426037 | Material Grade: SS316 | Dimensions: {""value"": 214.0, ""unit"": ""MM""} | Unit: NO",MIRA_materials_master_FINAL_with_org(1),1,1
NTPC,NTPC Limited,M5514426049,"SW GASKET 284X267X3 MM GRAFSEAL,SS-316",sealing material,Mechanical,NO,4.0,,,SS316,"{""value"": 267.0, ""unit"": ""MM""}",,,"{""material_grade"": ""SS316"", ""pressure_rating"": null, ""dimensions"": {""value"": 267.0, ""unit"": ""MM""}, ""dimension_tokens"": [{""value"": 267.0, ""unit"": ""MM""}, {""value"": 3.0, ""unit"": ""MM""}], ""dished_end_dimensions"": null, ""nominal_bore"": null, ""metric_thread"": null, ""voltage_class"": null}",,,,,,,,,,,NTPC.pdf,347,"Organization: NTPC | Item: SW GASKET 284X267X3 MM GRAFSEAL,SS-316 | Type: sealing material | Category: Mechanical | Material Code: M5514426049 | Material Grade: SS316 | Dimensions: {""value"": 267.0, ""unit"": ""MM""} | Unit: NO",MIRA_materials_master_FINAL_with_org(1),1,1
NTPC,NTPC Limited,M5514506000N,"SW GASKET 334X307X3.5 MM GRAFSEAL,SS-316",sealing material,Mechanical,NO,1.0,,,SS316,"{""value"": 307.0, ""unit"": ""MM""}",,,"{""material_grade"": ""SS316"", ""pressure_rating"": null, ""dimensions"": {""value"": 307.0, ""unit"": ""MM""}, ""dimension_tokens"": [{""value"": 307.0, ""unit"": ""MM""}, {""value"": 3.5, ""unit"": ""MM""}], ""dished_end_dimensions"": null, ""nominal_bore"": null, ""metric_thread"": null, ""voltage_class"": null}",,,,,,,,,,,NTPC.pdf,347,"Organization: NTPC | Item: SW GASKET 334X307X3.5 MM GRAFSEAL,SS-316 | Type: sealing material | Category: Mechanical | Material Code: M5514506000N | Material Grade: SS316 | Dimensions: {""value"": 307.0, ""unit"": ""MM""} | Unit: NO",MIRA_materials_master_FINAL_with_org(1),1,1
NTPC,NTPC Limited,M5514506008,"SW GASKET 515X480X4.5 MM GRAFSEAL,SS-316",sealing material,Mechanical,NO,8.0,,,SS316,"{""value"": 480.0, ""unit"": ""MM""}",,,"{""material_grade"": ""SS316"", ""pressure_rating"": null, ""dimensions"": {""value"": 480.0, ""unit"": ""MM""}, ""dimension_tokens"": [{""value"": 480.0, ""unit"": ""MM""}, {""value"": 4.5, ""unit"": ""MM""}], ""dished_end_dimensions"": null, ""nominal_bore"": null, ""metric_thread"": null, ""voltage_class"": null}",,,,,,,,,,,NTPC.pdf,347,"Organization: NTPC | Item: SW GASKET 515X480X4.5 MM GRAFSEAL,SS-316 | Type: sealing material | Category: Mechanical | Material Code: M5514506008 | Material Grade: SS316 | Dimensions: {""value"": 480.0, ""unit"": ""MM""} | Unit: NO",MIRA_materials_master_FINAL_with_org(1),1,1
NTPC,NTPC Limited,M1613220342,"SS 304 TUBE OD 6 MM, ID 4MM",,Other Material/Equipment,M,1600.0,,,SS304,"{""value"": 6.0, ""unit"": ""MM""}",,,"{""material_grade"": ""SS304"", ""pressure_rating"": null, ""dimensions"": {""value"": 6.0, ""unit"": ""MM""}, ""dimension_tokens"": [{""value"": 6.0, ""unit"": ""MM""}, {""value"": 4.0, ""unit"": ""MM""}], ""dished_end_dimensions"": null, ""nominal_bore"": null, ""metric_thread"": null, ""voltage_class"": null}",,,,,,,,,,,NTPC.pdf,135,"Organization: NTPC | Item: SS 304 TUBE OD 6 MM, ID 4MM | Category: Other Material/Equipment | Material Code: M1613220342 | Material Grade: SS304 | Dimensions: {""value"": 6.0, ""unit"": ""MM""} | Unit: M",MIRA_materials_master_FINAL_with_org(1),1,1
NTPC,NTPC Limited,M2706151311,DUPLEX K TYPE T/C WITH SS316 150 MM,,Other Material/Equipment,NO,25.0,,,SS316,"{""value"": 150.0, ""unit"": ""MM""}",,,"{""material_grade"": ""SS316"", ""pressure_rating"": null, ""dimensions"": {""value"": 150.0, ""unit"": ""MM""}, ""dimension_tokens"": [{""value"": 150.0, ""unit"": ""MM""}], ""dished_end_dimensions"": null, ""nominal_bore"": null, ""metric_thread"": null, ""voltage_class"": null}",,,,,,,,,,,NTPC.pdf,255,"Organization: NTPC | Item: DUPLEX K TYPE T/C WITH SS316 150 MM | Category: Other Material/Equipment | Material Code: M2706151311 | Material Grade: SS316 | Dimensions: {""value"": 150.0, ""unit"": ""MM""} | Unit: NO",MIRA_materials_master_FINAL_with_org(1),1,1
NTPC,NTPC Limited,M4770750066,S.S.SHIMS AISI 304 0.60 MM THICK 1.0 MET,,Other Material/Equipment,NO,336.0,,,SS304,"{""value"": 0.6, ""unit"": ""MM""}",,,"{""material_grade"": ""SS304"", ""pressure_rating"": null, ""dimensions"": {""value"": 0.6, ""unit"": ""MM""}, ""dimension_tokens"": [{""value"": 0.6, ""unit"": ""MM""}], ""dished_end_dimensions"": null, ""nominal_bore"": null, ""metric_thread"": null, ""voltage_class"": null}",,,,,,,,,,,NTPC.pdf,324,"Organization: NTPC | Item: S.S.SHIMS AISI 304 0.60 MM THICK 1.0 MET | Category: Other Material/Equipment | Material Code: M4770750066 | Material Grade: SS304 | Dimensions: {""value"": 0.6, ""unit"": ""MM""} | Unit: NO",MIRA_materials_master_FINAL_with_org(1),1,1
NTPC,NTPC Limited,M5503656098,FILLER ROD FOR SS-304 : DIA- 2.4 MM,,Other Material/Equipment,NO,1.0,,,SS304,"{""value"": 2.4, ""unit"": ""MM""}",,,"{""material_grade"": ""SS304"", ""pressure_rating"": null, ""dimensions"": {""value"": 2.4, ""unit"": ""MM""}, ""dimension_tokens"": [{""value"": 2.4, ""unit"": ""MM""}], ""dished_end_dimensions"": null, ""nominal_bore"": null, ""metric_thread"": null, ""voltage_class"": null}",,,,,,,,,,,NTPC.pdf,340,"Organization: NTPC | Item: FILLER ROD FOR SS-304 : DIA- 2.4 MM | Category: Other Material/Equipment | Material Code: M5503656098 | Material Grade: SS304 | Dimensions: {""value"": 2.4, ""unit"": ""MM""} | Unit: NO",MIRA_materials_master_FINAL_with_org(1),1,1
NTPC,NTPC Limited,M2980200109,SS 304 GATE OF 200MM KNIFE 0900FIG952,,Other Material/Equipment,PAA,262.0,,,SS304,"{""value"": 200.0, ""unit"": ""MM""}",,,"{""material_grade"": ""SS304"", ""pressure_rating"": null, ""dimensions"": {""value"": 200.0, ""unit"": ""MM""}, ""dimension_tokens"": [{""value"": 200.0, ""unit"": ""MM""}], ""dished_end_dimensions"": null, ""nominal_bore"": null, ""metric_thread"": null, ""voltage_class"": null}",,,,,,,,,,,NTPC.pdf,272,"Organization: NTPC | Item: SS 304 GATE OF 200MM KNIFE 0900FIG952 | Category: Other Material/Equipment | Material Code: M2980200109 | Material Grade: SS304 | Dimensions: {""value"": 200.0, ""unit"": ""MM""} | Unit: PAA",MIRA_materials_master_FINAL_with_org(1),1,1
NTPC,NTPC Limited,M4770106185,SHIM SS AISI304 NON MAGNETIC 0.75MM THK,,Other Material/Equipment,NO,15.0,,,SS304,"{""value"": 0.75, ""unit"": ""MM""}",,,"{""material_grade"": ""SS304"", ""pressure_rating"": null, ""dimensions"": {""value"": 0.75, ""unit"": ""MM""}, ""dimension_tokens"": [{""value"": 0.75, ""unit"": ""MM""}], ""dished_end_dimensions"": null, ""nominal_bore"": null, ""metric_thread"": null, ""voltage_class"": null}",,,,,,,,,,,NTPC.pdf,323,"Organization: NTPC | Item: SHIM SS AISI304 NON MAGNETIC 0.75MM THK | Category: Other Material/Equipment | Material Code: M4770106185 | Material Grade: SS304 | Dimensions: {""value"": 0.75, ""unit"": ""MM""} | Unit: NO",MIRA_materials_master_FINAL_with_org(1),1,1
NTPC,NTPC Limited,M4770696001,"S.S.SHIMS AISI 304 0.70 MM THICK,1.0 ME",,Other Material/Equipment,NO,255.0,,,SS304,"{""value"": 0.7, ""unit"": ""MM""}",,,"{""material_grade"": ""SS304"", ""pressure_rating"": null, ""dimensions"": {""value"": 0.7, ""unit"": ""MM""}, ""dimension_tokens"": [{""value"": 0.7, ""unit"": ""MM""}], ""dished_end_dimensions"": null, ""nominal_bore"": null, ""metric_thread"": null, ""voltage_class"": null}",,,,,,,,,,,NTPC.pdf,324,"Organization: NTPC | Item: S.S.SHIMS AISI 304 0.70 MM THICK,1.0 ME | Category: Other Material/Equipment | Material Code: M4770696001 | Material Grade: SS304 | Dimensions: {""value"": 0.7, ""unit"": ""MM""} | Unit: NO",MIRA_materials_master_FINAL_with_org(1),1,1
NTPC,NTPC Limited,M5678026001,"BEND-SS: AISI 304 90DEG SR BW, 65MM",,Other Material/Equipment,NO,50.0,,,SS304,"{""value"": 65.0, ""unit"": ""MM""}",,,"{""material_grade"": ""SS304"", ""pressure_rating"": null, ""dimensions"": {""value"": 65.0, ""unit"": ""MM""}, ""dimension_tokens"": [{""value"": 65.0, ""unit"": ""MM""}], ""dished_end_dimensions"": null, ""nominal_bore"": null, ""metric_thread"": null, ""voltage_class"": null}",,,,,,,,,,,NTPC.pdf,369,"Organization: NTPC | Item: BEND-SS: AISI 304 90DEG SR BW, 65MM | Category: Other Material/Equipment | Material Code: M5678026001 | Material Grade: SS304 | Dimensions: {""value"": 65.0, ""unit"": ""MM""} | Unit: NO",MIRA_materials_master_FINAL_with_org(1),1,1
NTPC,NTPC Limited,M8112155085,S.S ROD : DIA 8 MM:MATERIAL- AISI-304:,,Other Material/Equipment,M,15000.0,,,SS304,"{""value"": 8.0, ""unit"": ""MM""}",,,"{""material_grade"": ""SS304"", ""pressure_rating"": null, ""dimensions"": {""value"": 8.0, ""unit"": ""MM""}, ""dimension_tokens"": [{""value"": 8.0, ""unit"": ""MM""}], ""dished_end_dimensions"": null, ""nominal_bore"": null, ""metric_thread"": null, ""voltage_class"": null}",,,,,,,,,,,NTPC.pdf,402,"Organization: NTPC | Item: S.S ROD : DIA 8 MM:MATERIAL- AISI-304: | Category: Other Material/Equipment | Material Code: M8112155085 | Material Grade: SS304 | Dimensions: {""value"": 8.0, ""unit"": ""MM""} | Unit: M",MIRA_materials_master_FINAL_with_org(1),1,1
NTPC,NTPC Limited,M0576222484,S. S. ROD AISI 316 40MM,,Other Material/Equipment,NO,38.0,,,SS316,"{""value"": 40.0, ""unit"": ""MM""}",,,"{""material_grade"": ""SS316"", ""pressure_rating"": null, ""dimensions"": {""value"": 40.0, ""unit"": ""MM""}, ""dimension_tokens"": [{""value"": 40.0, ""unit"": ""MM""}], ""dished_end_dimensions"": null, ""nominal_bore"": null, ""metric_thread"": null, ""voltage_class"": null}",,,,,,,,,,,NTPC.pdf,40,"Organization: NTPC | Item: S. S. ROD AISI 316 40MM | Category: Other Material/Equipment | Material Code: M0576222484 | Material Grade: SS316 | Dimensions: {""value"": 40.0, ""unit"": ""MM""} | Unit: NO",MIRA_materials_master_FINAL_with_org(1),2,2
NTPC,NTPC Limited,M1405802053,SHIELD 51 MM AISI 304 SS,,Other Material/Equipment,NO,50000.0,,,SS304,"{""value"": 51.0, ""unit"": ""MM""}",,,"{""material_grade"": ""SS304"", ""pressure_rating"": null, ""dimensions"": {""value"": 51.0, ""unit"": ""MM""}, ""dimension_tokens"": [{""value"": 51.0, ""unit"": ""MM""}], ""dished_end_dimensions"": null, ""nominal_bore"": null, ""metric_thread"": null, ""voltage_class"": null}",,,,,,,,,,,NTPC.pdf,75,"Organization: NTPC | Item: SHIELD 51 MM AISI 304 SS | Category: Other Material/Equipment | Material Code: M1405802053 | Material Grade: SS304 | Dimensions: {""value"": 51.0, ""unit"": ""MM""} | Unit: NO",MIRA_materials_master_FINAL_with_org(1),1,1
NTPC,NTPC Limited,M1902620475,"SS PIP E SS304 57X49MM, L=1.25MTR",,Other Material/Equipment,NO,303.0,,,SS304,"{""value"": 57.0, ""unit"": ""MM""}",,,"{""material_grade"": ""SS304"", ""pressure_rating"": null, ""dimensions"": {""value"": 57.0, ""unit"": ""MM""}, ""dimension_tokens"": [{""value"": 57.0, ""unit"": ""MM""}, {""value"": 49.0, ""unit"": ""MM""}], ""dished_end_dimensions"": null, ""nominal_bore"": null, ""metric_thread"": null, ""voltage_class"": null}",,,,,,,,,,,NTPC.pdf,184,"Organization: NTPC | Item: SS PIP E SS304 57X49MM, L=1.25MTR | Category: Other Material/Equipment | Material Code: M1902620475 | Material Grade: SS304 | Dimensions: {""value"": 57.0, ""unit"": ""MM""} | Unit: NO",MIRA_materials_master_FINAL_with_org(1),1,1
NTPC,NTPC Limited,M3799544608,"SS BOLT,NUT & WASHER,SS 316,:M12X50MM FT",,Other Material/Equipment,NO,150.0,,,SS316,"{""value"": 12.0, ""unit"": ""MM""}",,,"{""material_grade"": ""SS316"", ""pressure_rating"": null, ""dimensions"": {""value"": 12.0, ""unit"": ""MM""}, ""dimension_tokens"": [{""value"": 12.0, ""unit"": ""MM""}, {""value"": 50.0, ""unit"": ""MM""}], ""dished_end_dimensions"": null, ""nominal_bore"": null, ""metric_thread"": null, ""voltage_class"": null}",,,,,,,,,,,NTPC.pdf,300,"Organization: NTPC | Item: SS BOLT,NUT & WASHER,SS 316,:M12X50MM FT | Category: Other Material/Equipment | Material Code: M3799544608 | Material Grade: SS316 | Dimensions: {""value"": 12.0, ""unit"": ""MM""} | Unit: NO",MIRA_materials_master_FINAL_with_org(1),1,1
NTPC,NTPC Limited,M4801144756,SHIMS S.S SHIM (AISI 316) 0.80MM,,Other Material/Equipment,M,200.0,,,SS316,"{""value"": 0.8, ""unit"": ""MM""}",,,"{""material_grade"": ""SS316"", ""pressure_rating"": null, ""dimensions"": {""value"": 0.8, ""unit"": ""MM""}, ""dimension_tokens"": [{""value"": 0.8, ""unit"": ""MM""}], ""dished_end_dimensions"": null, ""nominal_bore"": null, ""metric_thread"": null, ""voltage_class"": null}",,,,,,,,,,,NTPC.pdf,325,"Organization: NTPC | Item: SHIMS S.S SHIM (AISI 316) 0.80MM | Category: Other Material/Equipment | Material Code: M4801144756 | Material Grade: SS316 | Dimensions: {""value"": 0.8, ""unit"": ""MM""} | Unit: M",MIRA_materials_master_FINAL_with_org(1),1,1
NTPC,NTPC Limited,M5691026022,SS ROD; AISI-304; DIA 12MM; MIN.L=2M,,Other Material/Equipment,NO,3.0,,,SS304,"{""value"": 12.0, ""unit"": ""MM""}",,,"{""material_grade"": ""SS304"", ""pressure_rating"": null, ""dimensions"": {""value"": 12.0, ""unit"": ""MM""}, ""dimension_tokens"": [{""value"": 12.0, ""unit"": ""MM""}], ""dished_end_dimensions"": null, ""nominal_bore"": null, ""metric_thread"": null, ""voltage_class"": null}",,,,,,,,,,,NTPC.pdf,371,"Organization: NTPC | Item: SS ROD; AISI-304; DIA 12MM; MIN.L=2M | Category: Other Material/Equipment | Material Code: M5691026022 | Material Grade: SS304 | Dimensions: {""value"": 12.0, ""unit"": ""MM""} | Unit: NO",MIRA_materials_master_FINAL_with_org(1),1,1
NTPC,NTPC Limited,M8166430770,STAINELSS SETEEL ROD 18/8 AISI-316 32MM,,Other Material/Equipment,NO,9.0,,,SS316,"{""value"": 32.0, ""unit"": ""MM""}",,,"{""material_grade"": ""SS316"", ""pressure_rating"": null, ""dimensions"": {""value"": 32.0, ""unit"": ""MM""}, ""dimension_tokens"": [{""value"": 32.0, ""unit"": ""MM""}], ""dished_end_dimensions"": null, ""nominal_bore"": null, ""metric_thread"": null, ""voltage_class"": null}",,,,,,,,,,,NTPC.pdf,407,"Organization: NTPC | Item: STAINELSS SETEEL ROD 18/8 AISI-316 32MM | Category: Other Material/Equipment | Material Code: M8166430770 | Material Grade: SS316 | Dimensions: {""value"": 32.0, ""unit"": ""MM""} | Unit: NO",MIRA_materials_master_FINAL_with_org(1),1,1
NTPC,NTPC Limited,M0571745597,HOLLOW CASTING BRASS ODXID:90X40MM IS304,,Other Material/Equipment,NO,6.0,,,SS304,"{""value"": 90.0, ""unit"": ""MM""}",,,"{""material_grade"": ""SS304"", ""pressure_rating"": null, ""dimensions"": {""value"": 90.0, ""unit"": ""MM""}, ""dimension_tokens"": [{""value"": 90.0, ""unit"": ""MM""}, {""value"": 40.0, ""unit"": ""MM""}], ""dished_end_dimensions"": null, ""nominal_bore"": null, ""metric_thread"": null, ""voltage_class"": null}",,,,,,,,,,,NTPC.pdf,39,"Organization: NTPC | Item: HOLLOW CASTING BRASS ODXID:90X40MM IS304 | Category: Other Material/Equipment | Material Code: M0571745597 | Material Grade: SS304 | Dimensions: {""value"": 90.0, ""unit"": ""MM""} | Unit: NO",MIRA_materials_master_FINAL_with_org(1),2,2
NTPC,NTPC Limited,M1616219349,BEND-SS:AISI 304 90DEG SR BW:150MM,,Other Material/Equipment,M,5500.0,,,SS304,"{""value"": 150.0, ""unit"": ""MM""}",,,"{""material_grade"": ""SS304"", ""pressure_rating"": null, ""dimensions"": {""value"": 150.0, ""unit"": ""MM""}, ""dimension_tokens"": [{""value"": 150.0, ""unit"": ""MM""}], ""dished_end_dimensions"": null, ""nominal_bore"": null, ""metric_thread"": null, ""voltage_class"": null}",,,,,,,,,,,NTPC.pdf,138,"Organization: NTPC | Item: BEND-SS:AISI 304 90DEG SR BW:150MM | Category: Other Material/Equipment | Material Code: M1616219349 | Material Grade: SS304 | Dimensions: {""value"": 150.0, ""unit"": ""MM""} | Unit: M",MIRA_materials_master_FINAL_with_org(1),1,1
NTPC,NTPC Limited,M1840707048,STRAIGHT SOCKET SS316 SIZE 15MM,,Other Material/Equipment,NO,46.0,,,SS316,"{""value"": 15.0, ""unit"": ""MM""}",,,"{""material_grade"": ""SS316"", ""pressure_rating"": null, ""dimensions"": {""value"": 15.0, ""unit"": ""MM""}, ""dimension_tokens"": [{""value"": 15.0, ""unit"": ""MM""}], ""dished_end_dimensions"": null, ""nominal_bore"": null, ""metric_thread"": null, ""voltage_class"": null}",,,,,,,,,,,NTPC.pdf,174,"Organization: NTPC | Item: STRAIGHT SOCKET SS316 SIZE 15MM | Category: Other Material/Equipment | Material Code: M1840707048 | Material Grade: SS316 | Dimensions: {""value"": 15.0, ""unit"": ""MM""} | Unit: NO",MIRA_materials_master_FINAL_with_org(1),1,1
NTPC,NTPC Limited,M3210026010,HOLLOW CASTING BRASS ODXID110X50MM IS304,,Other Material/Equipment,NO,2.0,,,SS304,"{""value"": 110.0, ""unit"": ""MM""}",,,"{""material_grade"": ""SS304"", ""pressure_rating"": null, ""dimensions"": {""value"": 110.0, ""unit"": ""MM""}, ""dimension_tokens"": [{""value"": 110.0, ""unit"": ""MM""}, {""value"": 50.0, ""unit"": ""MM""}], ""dished_end_dimensions"": null, ""nominal_bore"": null, ""metric_thread"": null, ""voltage_class"": null}",,,,,,,,,,,NTPC.pdf,283,"Organization: NTPC | Item: HOLLOW CASTING BRASS ODXID110X50MM IS304 | Category: Other Material/Equipment | Material Code: M3210026010 | Material Grade: SS304 | Dimensions: {""value"": 110.0, ""unit"": ""MM""} | Unit: NO",MIRA_materials_master_FINAL_with_org(1),1,1
NTPC,NTPC Limited,M3210026018,HOLLOW CASTING BRASS ODXID100X35MM IS304,,Other Material/Equipment,NO,8.0,,,SS304,"{""value"": 100.0, ""unit"": ""MM""}",,,"{""material_grade"": ""SS304"", ""pressure_rating"": null, ""dimensions"": {""value"": 100.0, ""unit"": ""MM""}, ""dimension_tokens"": [{""value"": 100.0, ""unit"": ""MM""}, {""value"": 35.0, ""unit"": ""MM""}], ""dished_end_dimensions"": null, ""nominal_bore"": null, ""metric_thread"": null, ""voltage_class"": null}",,,,,,,,,,,NTPC.pdf,283,"Organization: NTPC | Item: HOLLOW CASTING BRASS ODXID100X35MM IS304 | Category: Other Material/Equipment | Material Code: M3210026018 | Material Grade: SS304 | Dimensions: {""value"": 100.0, ""unit"": ""MM""} | Unit: NO",MIRA_materials_master_FINAL_with_org(1),1,1
NTPC,NTPC Limited,M3798200600,SCRW HEX. HEAD(SS)AISI316 BSW7/8X2 1/2IN,,Other Material/Equipment,NO,2.0,,,SS316,"{""value"": 2.0, ""unit"": ""IN""}",,,"{""material_grade"": ""SS316"", ""pressure_rating"": null, ""dimensions"": {""value"": 2.0, ""unit"": ""IN""}, ""dimension_tokens"": [{""value"": 2.0, ""unit"": ""IN""}], ""dished_end_dimensions"": null, ""nominal_bore"": null, ""metric_thread"": null, ""voltage_class"": null}",,,,,,,,,,,NTPC.pdf,298,"Organization: NTPC | Item: SCRW HEX. HEAD(SS)AISI316 BSW7/8X2 1/2IN | Category: Other Material/Equipment | Material Code: M3798200600 | Material Grade: SS316 | Dimensions: {""value"": 2.0, ""unit"": ""IN""} | Unit: NO",MIRA_materials_master_FINAL_with_org(1),1,1
NTPC,NTPC Limited,M5676036117,BEND-SS:AISI 304 90DEG SR BW:200MM,,Other Material/Equipment,NO,126.0,,,SS304,"{""value"": 200.0, ""unit"": ""MM""}",,,"{""material_grade"": ""SS304"", ""pressure_rating"": null, ""dimensions"": {""value"": 200.0, ""unit"": ""MM""}, ""dimension_tokens"": [{""value"": 200.0, ""unit"": ""MM""}], ""dished_end_dimensions"": null, ""nominal_bore"": null, ""metric_thread"": null, ""voltage_class"": null}",,,,,,,,,,,NTPC.pdf,369,"Organization: NTPC | Item: BEND-SS:AISI 304 90DEG SR BW:200MM | Category: Other Material/Equipment | Material Code: M5676036117 | Material Grade: SS304 | Dimensions: {""value"": 200.0, ""unit"": ""MM""} | Unit: NO",MIRA_materials_master_FINAL_with_org(1),1,1
NTPC,NTPC Limited,M5678010011,"BEND-SS: AISI-304,90DEG SR BW, 25MM",,Other Material/Equipment,NO,200.0,,,SS304,"{""value"": 25.0, ""unit"": ""MM""}",,,"{""material_grade"": ""SS304"", ""pressure_rating"": null, ""dimensions"": {""value"": 25.0, ""unit"": ""MM""}, ""dimension_tokens"": [{""value"": 25.0, ""unit"": ""MM""}], ""dished_end_dimensions"": null, ""nominal_bore"": null, ""metric_thread"": null, ""voltage_class"": null}",,,,,,,,,,,NTPC.pdf,369,"Organization: NTPC | Item: BEND-SS: AISI-304,90DEG SR BW, 25MM | Category: Other Material/Equipment | Material Code: M5678010011 | Material Grade: SS304 | Dimensions: {""value"": 25.0, ""unit"": ""MM""} | Unit: NO",MIRA_materials_master_FINAL_with_org(1),1,1
NTPC,NTPC Limited,M7470356007,FRONT FERRULE:TUBE FITTINGS:10 MM:SS 316,,Mechanical,NO,640.0,,,SS316,"{""value"": 10.0, ""unit"": ""MM""}",,,"{""material_grade"": ""SS316"", ""pressure_rating"": null, ""dimensions"": {""value"": 10.0, ""unit"": ""MM""}, ""dimension_tokens"": [{""value"": 10.0, ""unit"": ""MM""}], ""dished_end_dimensions"": null, ""nominal_bore"": null, ""metric_thread"": null, ""voltage_class"": null}",,,,,,,,,,,NTPC.pdf,392,"Organization: NTPC | Item: FRONT FERRULE:TUBE FITTINGS:10 MM:SS 316 | Category: Mechanical | Material Code: M7470356007 | Material Grade: SS316 | Dimensions: {""value"": 10.0, ""unit"": ""MM""} | Unit: NO",MIRA_materials_master_FINAL_with_org(1),1,1
NTPC,NTPC Limited,M7470376074,1/2 INCH SS 316 TUBE,,Other Material/Equipment,NO,200.0,,,SS316,"{""value"": 2.0, ""unit"": ""IN""}",,,"{""material_grade"": ""SS316"", ""pressure_rating"": null, ""dimensions"": {""value"": 2.0, ""unit"": ""IN""}, ""dimension_tokens"": [{""value"": 2.0, ""unit"": ""IN""}], ""dished_end_dimensions"": null, ""nominal_bore"": null, ""metric_thread"": null, ""voltage_class"": null}",,,,,,,,,,,NTPC.pdf,392,"Organization: NTPC | Item: 1/2 INCH SS 316 TUBE | Category: Other Material/Equipment | Material Code: M7470376074 | Material Grade: SS316 | Dimensions: {""value"": 2.0, ""unit"": ""IN""} | Unit: NO",MIRA_materials_master_FINAL_with_org(1),1,1
NTPC,NTPC Limited,M2679155520,WASHR PLN IS2016:PUN- A:SS(AISI304):16MM,,Other Material/Equipment,NO,12.0,,,SS304,"{""value"": 16.0, ""unit"": ""MM""}",,,"{""material_grade"": ""SS304"", ""pressure_rating"": null, ""dimensions"": {""value"": 16.0, ""unit"": ""MM""}, ""dimension_tokens"": [{""value"": 16.0, ""unit"": ""MM""}], ""dished_end_dimensions"": null, ""nominal_bore"": null, ""metric_thread"": null, ""voltage_class"": null}",,,,,,,,,,,NTPC.pdf,251,"Organization: NTPC | Item: WASHR PLN IS2016:PUN- A:SS(AISI304):16MM | Category: Other Material/Equipment | Material Code: M2679155520 | Material Grade: SS304 | Dimensions: {""value"": 16.0, ""unit"": ""MM""} | Unit: NO",MIRA_materials_master_FINAL_with_org(1),1,1
NTPC,NTPC Limited,M3210026011,HOLLOW CASTING BRASS:ODXID120X50MM IS304,,Other Material/Equipment,NO,18.0,,,SS304,"{""value"": 120.0, ""unit"": ""MM""}",,,"{""material_grade"": ""SS304"", ""pressure_rating"": null, ""dimensions"": {""value"": 120.0, ""unit"": ""MM""}, ""dimension_tokens"": [{""value"": 120.0, ""unit"": ""MM""}, {""value"": 50.0, ""unit"": ""MM""}], ""dished_end_dimensions"": null, ""nominal_bore"": null, ""metric_thread"": null, ""voltage_class"": null}",,,,,,,,,,,NTPC.pdf,283,"Organization: NTPC | Item: HOLLOW CASTING BRASS:ODXID120X50MM IS304 | Category: Other Material/Equipment | Material Code: M3210026011 | Material Grade: SS304 | Dimensions: {""value"": 120.0, ""unit"": ""MM""} | Unit: NO",MIRA_materials_master_FINAL_with_org(1),1,1
NTPC,NTPC Limited,M3302156004,"SIEVE: IS:4948, SS316,PLAIN, 25X4.5/4MM",,Other Material/Equipment,NO,20.0,,,SS316,"{""value"": 4.0, ""unit"": ""MM""}",,,"{""material_grade"": ""SS316"", ""pressure_rating"": null, ""dimensions"": {""value"": 4.0, ""unit"": ""MM""}, ""dimension_tokens"": [{""value"": 4.0, ""unit"": ""MM""}], ""dished_end_dimensions"": null, ""nominal_bore"": null, ""metric_thread"": null, ""voltage_class"": null}",,,,,,,,,,,NTPC.pdf,287,"Organization: NTPC | Item: SIEVE: IS:4948, SS316,PLAIN, 25X4.5/4MM | Category: Other Material/Equipment | Material Code: M3302156004 | Material Grade: SS316 | Dimensions: {""value"": 4.0, ""unit"": ""MM""} | Unit: NO",MIRA_materials_master_FINAL_with_org(1),1,1
NTPC,NTPC Limited,M3799380101,SCW HEX SS:AISI304/IS1364BSW1/2X2 1/2IN,,Other Material/Equipment,NO,2.0,,,SS304,"{""value"": 2.0, ""unit"": ""IN""}",,,"{""material_grade"": ""SS304"", ""pressure_rating"": null, ""dimensions"": {""value"": 2.0, ""unit"": ""IN""}, ""dimension_tokens"": [{""value"": 2.0, ""unit"": ""IN""}], ""dished_end_dimensions"": null, ""nominal_bore"": null, ""metric_thread"": null, ""voltage_class"": null}",,,,,,,,,,,NTPC.pdf,299,"Organization: NTPC | Item: SCW HEX SS:AISI304/IS1364BSW1/2X2 1/2IN | Category: Other Material/Equipment | Material Code: M3799380101 | Material Grade: SS304 | Dimensions: {""value"": 2.0, ""unit"": ""IN""} | Unit: NO",MIRA_materials_master_FINAL_with_org(1),1,1
NTPC,NTPC Limited,M4801143767,S.S SHIM(AISI 316) 0.45MM,,Other Material/Equipment,M,150.0,,,SS316,"{""value"": 0.45, ""unit"": ""MM""}",,,"{""material_grade"": ""SS316"", ""pressure_rating"": null, ""dimensions"": {""value"": 0.45, ""unit"": ""MM""}, ""dimension_tokens"": [{""value"": 0.45, ""unit"": ""MM""}], ""dished_end_dimensions"": null, ""nominal_bore"": null, ""metric_thread"": null, ""voltage_class"": null}",,,,,,,,,,,NTPC.pdf,325,"Organization: NTPC | Item: S.S SHIM(AISI 316) 0.45MM | Category: Other Material/Equipment | Material Code: M4801143767 | Material Grade: SS316 | Dimensions: {""value"": 0.45, ""unit"": ""MM""} | Unit: M",MIRA_materials_master_FINAL_with_org(1),1,1
NTPC,NTPC Limited,M4056011066,150 NB SS-304 EQUAL TEE AS PER ASTM A 40,pipe fitting,Other Material/Equipment,NO,10.0,,,SS304,,,,"{""material_grade"": ""SS304"", ""pressure_rating"": null, ""dimensions"": null, ""dimension_tokens"": [], ""dished_end_dimensions"": null, ""nominal_bore"": {""value"": 150.0, ""unit"": ""NB""}, ""metric_thread"": null, ""voltage_class"": null}",,,,,,,,,,,NTPC.pdf,301,Organization: NTPC | Item: 150 NB SS-304 EQUAL TEE AS PER ASTM A 40 | Type: pipe fitting | Category: Other Material/Equipment | Material Code: M4056011066 | Material Grade: SS304 | Unit: NO,MIRA_materials_master_FINAL_with_org(1),1,1
NTPC,NTPC Limited,M4056011157,200 NB SS-304 EQUAL TEE AS PER ASTM A 40,pipe fitting,Other Material/Equipment,NO,10.0,,,SS304,,,,"{""material_grade"": ""SS304"", ""pressure_rating"": null, ""dimensions"": null, ""dimension_tokens"": [], ""dished_end_dimensions"": null, ""nominal_bore"": {""value"": 200.0, ""unit"": ""NB""}, ""metric_thread"": null, ""voltage_class"": null}",,,,,,,,,,,NTPC.pdf,301,Organization: NTPC | Item: 200 NB SS-304 EQUAL TEE AS PER ASTM A 40 | Type: pipe fitting | Category: Other Material/Equipment | Material Code: M4056011157 | Material Grade: SS304 | Unit: NO,MIRA_materials_master_FINAL_with_org(1),1,1
NTPC,NTPC Limited,M4101056614,80 NB SS-304 EQUAL TEE AS PER ASTM A 403,pipe fitting,Other Material/Equipment,NO,150.0,,,SS304,,,,"{""material_grade"": ""SS304"", ""pressure_rating"": null, ""dimensions"": null, ""dimension_tokens"": [], ""dished_end_dimensions"": null, ""nominal_bore"": {""value"": 80.0, ""unit"": ""NB""}, ""metric_thread"": null, ""voltage_class"": null}",,,,,,,,,,,NTPC.pdf,302,Organization: NTPC | Item: 80 NB SS-304 EQUAL TEE AS PER ASTM A 403 | Type: pipe fitting | Category: Other Material/Equipment | Material Code: M4101056614 | Material Grade: SS304 | Unit: NO,MIRA_materials_master_FINAL_with_org(1),1,1
NTPC,NTPC Limited,M4101926004,250 NB SS-304 EQUAL TEE AS PER ASTM A 40,pipe fitting,Other Material/Equipment,NO,10.0,,,SS304,,,,"{""material_grade"": ""SS304"", ""pressure_rating"": null, ""dimensions"": null, ""dimension_tokens"": [], ""dished_end_dimensions"": null, ""nominal_bore"": {""value"": 250.0, ""unit"": ""NB""}, ""metric_thread"": null, ""voltage_class"": null}",,,,,,,,,,,NTPC.pdf,302,Organization: NTPC | Item: 250 NB SS-304 EQUAL TEE AS PER ASTM A 40 | Type: pipe fitting | Category: Other Material/Equipment | Material Code: M4101926004 | Material Grade: SS304 | Unit: NO,MIRA_materials_master_FINAL_with_org(1),1,1
NTPC,NTPC Limited,M1695211605,"THREE WAY VALVE SS316 1/4"" NPT(F) SWAS",valve,Mechanical,M,240.0,,,SS316,,,,"{""material_grade"": ""SS316"", ""pressure_rating"": null, ""dimensions"": null, ""dimension_tokens"": [], ""dished_end_dimensions"": null, ""nominal_bore"": null, ""metric_thread"": null, ""voltage_class"": null}",,,,,,,,,,,NTPC.pdf,147,"Organization: NTPC | Item: THREE WAY VALVE SS316 1/4"" NPT(F) SWAS | Type: valve | Category: Mechanical | Material Code: M1695211605 | Material Grade: SS316 | Unit: M",MIRA_materials_master_FINAL_with_org(1),1,1
NTPC,NTPC Limited,M1784105001,CHECK NUT (SS-304) FOR SS HYDRANT VALVE,valve,Mechanical,NO,50.0,,,SS304,,,,"{""material_grade"": ""SS304"", ""pressure_rating"": null, ""dimensions"": null, ""dimension_tokens"": [], ""dished_end_dimensions"": null, ""nominal_bore"": null, ""metric_thread"": null, ""voltage_class"": null}",,,,,,,,,,,NTPC.pdf,166,Organization: NTPC | Item: CHECK NUT (SS-304) FOR SS HYDRANT VALVE | Type: valve | Category: Mechanical | Material Code: M1784105001 | Material Grade: SS304 | Unit: NO,MIRA_materials_master_FINAL_with_org(1),1,1
NTPC,NTPC Limited,M3865011008,SS 304 ERW 90 DEG ELBOW.SIZE 50NB.,pipe fitting,Other Material/Equipment,NO,15.0,,,SS304,,,,"{""material_grade"": ""SS304"", ""pressure_rating"": null, ""dimensions"": null, ""dimension_tokens"": [], ""dished_end_dimensions"": null, ""nominal_bore"": {""value"": 50.0, ""unit"": ""NB""}, ""metric_thread"": null, ""voltage_class"": null}",,,,,,,,,,,NTPC.pdf,301,Organization: NTPC | Item: SS 304 ERW 90 DEG ELBOW.SIZE 50NB. | Type: pipe fitting | Category: Other Material/Equipment | Material Code: M3865011008 | Material Grade: SS304 | Unit: NO,MIRA_materials_master_FINAL_with_org(1),1,1
NTPC,NTPC Limited,M3874026152,SS 304 ERW 90 DEGREE ELBOW.SIZE 65NB.,pipe fitting,Other Material/Equipment,NO,78.0,,,SS304,,,,"{""material_grade"": ""SS304"", ""pressure_rating"": null, ""dimensions"": null, ""dimension_tokens"": [], ""dished_end_dimensions"": null, ""nominal_bore"": {""value"": 65.0, ""unit"": ""NB""}, ""metric_thread"": null, ""voltage_class"": null}",,,,,,,,,,,NTPC.pdf,301,Organization: NTPC | Item: SS 304 ERW 90 DEGREE ELBOW.SIZE 65NB. | Type: pipe fitting | Category: Other Material/Equipment | Material Code: M3874026152 | Material Grade: SS304 | Unit: NO,MIRA_materials_master_FINAL_with_org(1),1,1
NTPC,NTPC Limited,M4055010261,SS 304 ERW EQUAL TEE.SIZE 50 NB,pipe fitting,Other Material/Equipment,NO,10.0,,,SS304,,,,"{""material_grade"": ""SS304"", ""pressure_rating"": null, ""dimensions"": null, ""dimension_tokens"": [], ""dished_end_dimensions"": null, ""nominal_bore"": {""value"": 50.0, ""unit"": ""NB""}, ""metric_thread"": null, ""voltage_class"": null}",,,,,,,,,,,NTPC.pdf,301,Organization: NTPC | Item: SS 304 ERW EQUAL TEE.SIZE 50 NB | Type: pipe fitting | Category: Other Material/Equipment | Material Code: M4055010261 | Material Grade: SS304 | Unit: NO,MIRA_materials_master_FINAL_with_org(1),1,1
NTPC,NTPC Limited,M5679011007,"50NB SS 304 ERW PIPE,ASTM A312 TP304",pipe/piping,Mechanical,NO,171.0,,,SS304,,,,"{""material_grade"": ""SS304"", ""pressure_rating"": null, ""dimensions"": null, ""dimension_tokens"": [], ""dished_end_dimensions"": null, ""nominal_bore"": {""value"": 50.0, ""unit"": ""NB""}, ""metric_thread"": null, ""voltage_class"": null}",,,,,,,,,,,NTPC.pdf,369,"Organization: NTPC | Item: 50NB SS 304 ERW PIPE,ASTM A312 TP304 | Type: pipe/piping | Category: Mechanical | Material Code: M5679011007 | Material Grade: SS304 | Unit: NO",MIRA_materials_master_FINAL_with_org(1),1,1
NTPC,NTPC Limited,M0540623268,MS ERW PIPE 200 NB PLAIN END THK 5 MM,pipe/piping,Mechanical,KG,5.0,,,,"{""value"": 5.0, ""unit"": ""MM""}",,,"{""material_grade"": null, ""pressure_rating"": null, ""dimensions"": {""value"": 5.0, ""unit"": ""MM""}, ""dimension_tokens"": [{""value"": 5.0, ""unit"": ""MM""}], ""dished_end_dimensions"": null, ""nominal_bore"": {""value"": 200.0, ""unit"": ""NB""}, ""metric_thread"": null, ""voltage_class"": null}",,,,,,,,,,,NTPC.pdf,25,"Organization: NTPC | Item: MS ERW PIPE 200 NB PLAIN END THK 5 MM | Type: pipe/piping | Category: Mechanical | Material Code: M0540623268 | Dimensions: {""value"": 5.0, ""unit"": ""MM""} | Unit: KG",MIRA_materials_master_FINAL_with_org(1),2,2
NTPC,NTPC Limited,M0571295861,NEOPRENE RUBBER OIL SEAL 48 X 62 X 8 MM,sealing material,Mechanical,NO,5.0,,,,"{""value"": 8.0, ""unit"": ""MM""}",,,"{""material_grade"": null, ""pressure_rating"": null, ""dimensions"": {""value"": 8.0, ""unit"": ""MM""}, ""dimension_tokens"": [{""value"": 8.0, ""unit"": ""MM""}, {""value"": 62.0, ""unit"": ""MM""}], ""dished_end_dimensions"": null, ""nominal_bore"": null, ""metric_thread"": null, ""voltage_class"": null}",,,,,,,,,,,NTPC.pdf,38,"Organization: NTPC | Item: NEOPRENE RUBBER OIL SEAL 48 X 62 X 8 MM | Type: sealing material | Category: Mechanical | Material Code: M0571295861 | Dimensions: {""value"": 8.0, ""unit"": ""MM""} | Unit: NO",MIRA_materials_master_FINAL_with_org(1),2,2
NTPC,NTPC Limited,M0571345863,VITON RUBBER OIL SEAL 130 X 160 X 15 MM,sealing material,Mechanical,NO,20.0,,,,"{""value"": 15.0, ""unit"": ""MM""}",,,"{""material_grade"": null, ""pressure_rating"": null, ""dimensions"": {""value"": 15.0, ""unit"": ""MM""}, ""dimension_tokens"": [{""value"": 15.0, ""unit"": ""MM""}, {""value"": 160.0, ""unit"": ""MM""}], ""dished_end_dimensions"": null, ""nominal_bore"": null, ""metric_thread"": null, ""voltage_class"": null}",,,,,,,,,,,NTPC.pdf,38,"Organization: NTPC | Item: VITON RUBBER OIL SEAL 130 X 160 X 15 MM | Type: sealing material | Category: Mechanical | Material Code: M0571345863 | Dimensions: {""value"": 15.0, ""unit"": ""MM""} | Unit: NO",MIRA_materials_master_FINAL_with_org(1),2,2
NTPC,NTPC Limited,M0571355482,NEOPRENE RUBBER OIL SEAL 18 X 38 X 9 MM,sealing material,Mechanical,NO,30.0,,,,"{""value"": 9.0, ""unit"": ""MM""}",,,"{""material_grade"": null, ""pressure_rating"": null, ""dimensions"": {""value"": 9.0, ""unit"": ""MM""}, ""dimension_tokens"": [{""value"": 9.0, ""unit"": ""MM""}, {""value"": 38.0, ""unit"": ""MM""}], ""dished_end_dimensions"": null, ""nominal_bore"": null, ""metric_thread"": null, ""voltage_class"": null}",,,,,,,,,,,NTPC.pdf,38,"Organization: NTPC | Item: NEOPRENE RUBBER OIL SEAL 18 X 38 X 9 MM | Type: sealing material | Category: Mechanical | Material Code: M0571355482 | Dimensions: {""value"": 9.0, ""unit"": ""MM""} | Unit: NO",MIRA_materials_master_FINAL_with_org(1),2,2
NTPC,NTPC Limited,M1475151301,"200 MM NB GI PIPE, 6.3MM ERW, IS : 3589.",pipe/piping,Mechanical,NO,6.0,,,,"{""value"": 200.0, ""unit"": ""MM""}",,,"{""material_grade"": null, ""pressure_rating"": null, ""dimensions"": {""value"": 200.0, ""unit"": ""MM""}, ""dimension_tokens"": [{""value"": 200.0, ""unit"": ""MM""}, {""value"": 6.3, ""unit"": ""MM""}], ""dished_end_dimensions"": null, ""nominal_bore"": null, ""metric_thread"": null, ""voltage_class"": null}",,,,,,,,,,,NTPC.pdf,86,"Organization: NTPC | Item: 200 MM NB GI PIPE, 6.3MM ERW, IS : 3589. | Type: pipe/piping | Category: Mechanical | Material Code: M1475151301 | Dimensions: {""value"": 200.0, ""unit"": ""MM""} | Unit: NO",MIRA_materials_master_FINAL_with_org(1),1,1
NTPC,NTPC Limited,M1613516647,G.I U CLAMP 6MM DIA FOR 65MM DIA GI PIPE,pipe/piping,Mechanical,M,90.0,,,,"{""value"": 6.0, ""unit"": ""MM""}",,,"{""material_grade"": null, ""pressure_rating"": null, ""dimensions"": {""value"": 6.0, ""unit"": ""MM""}, ""dimension_tokens"": [{""value"": 6.0, ""unit"": ""MM""}, {""value"": 65.0, ""unit"": ""MM""}], ""dished_end_dimensions"": null, ""nominal_bore"": null, ""metric_thread"": null, ""voltage_class"": null}",,,,,,,,,,,NTPC.pdf,137,"Organization: NTPC | Item: G.I U CLAMP 6MM DIA FOR 65MM DIA GI PIPE | Type: pipe/piping | Category: Mechanical | Material Code: M1613516647 | Dimensions: {""value"": 6.0, ""unit"": ""MM""} | Unit: M",MIRA_materials_master_FINAL_with_org(1),1,1
NTPC,NTPC Limited,M2996100050,TIG FILLER WIRE RT 1 1/4 CR 1/2 MO 2.4MM,cable/wire,Other Material/Equipment,ML,38.0,,,,"{""value"": 2.4, ""unit"": ""MM""}",,,"{""material_grade"": null, ""pressure_rating"": null, ""dimensions"": {""value"": 2.4, ""unit"": ""MM""}, ""dimension_tokens"": [{""value"": 2.4, ""unit"": ""MM""}], ""dished_end_dimensions"": null, ""nominal_bore"": null, ""metric_thread"": null, ""voltage_class"": null}",,,,,,,,,,,NTPC.pdf,277,"Organization: NTPC | Item: TIG FILLER WIRE RT 1 1/4 CR 1/2 MO 2.4MM | Type: cable/wire | Category: Other Material/Equipment | Material Code: M2996100050 | Dimensions: {""value"": 2.4, ""unit"": ""MM""} | Unit: ML",MIRA_materials_master_FINAL_with_org(1),1,1
NTPC,NTPC Limited,M3100980135,"ERW MS PIPE GRADE IS 3589, 200 MM NB DIA",pipe/piping,Mechanical,NO,4.0,,,,"{""value"": 200.0, ""unit"": ""MM""}",,,"{""material_grade"": null, ""pressure_rating"": null, ""dimensions"": {""value"": 200.0, ""unit"": ""MM""}, ""dimension_tokens"": [{""value"": 200.0, ""unit"": ""MM""}], ""dished_end_dimensions"": null, ""nominal_bore"": null, ""metric_thread"": null, ""voltage_class"": null}",,,,,,,,,,,NTPC.pdf,280,"Organization: NTPC | Item: ERW MS PIPE GRADE IS 3589, 200 MM NB DIA | Type: pipe/piping | Category: Mechanical | Material Code: M3100980135 | Dimensions: {""value"": 200.0, ""unit"": ""MM""} | Unit: NO",MIRA_materials_master_FINAL_with_org(1),1,1
NTPC,NTPC Limited,M4055010154,200 NB SS-304 BEND AS PER ASTM A 403 CLA,,Other Material/Equipment,NO,10.0,,,SS304,,,,"{""material_grade"": ""SS304"", ""pressure_rating"": null, ""dimensions"": null, ""dimension_tokens"": [], ""dished_end_dimensions"": null, ""nominal_bore"": {""value"": 200.0, ""unit"": ""NB""}, ""metric_thread"": null, ""voltage_class"": null}",,,,,,,,,,,NTPC.pdf,301,Organization: NTPC | Item: 200 NB SS-304 BEND AS PER ASTM A 403 CLA | Category: Other Material/Equipment | Material Code: M4055010154 | Material Grade: SS304 | Unit: NO,MIRA_materials_master_FINAL_with_org(1),1,1
NTPC,NTPC Limited,M4055010253,250 NB SS-304 BEND AS PER ASTM A 403 CLA,,Other Material/Equipment,NO,10.0,,,SS304,,,,"{""material_grade"": ""SS304"", ""pressure_rating"": null, ""dimensions"": null, ""dimension_tokens"": [], ""dished_end_dimensions"": null, ""nominal_bore"": {""value"": 250.0, ""unit"": ""NB""}, ""metric_thread"": null, ""voltage_class"": null}",,,,,,,,,,,NTPC.pdf,301,Organization: NTPC | Item: 250 NB SS-304 BEND AS PER ASTM A 403 CLA | Category: Other Material/Equipment | Material Code: M4055010253 | Material Grade: SS304 | Unit: NO,MIRA_materials_master_FINAL_with_org(1),1,1
NTPC,NTPC Limited,M5520220118,"SW GASKET, 91 X 79.5 X 3.2 MM WO RING",sealing material,Mechanical,NO,5.0,,,,"{""value"": 3.2, ""unit"": ""MM""}",,,"{""material_grade"": null, ""pressure_rating"": null, ""dimensions"": {""value"": 3.2, ""unit"": ""MM""}, ""dimension_tokens"": [{""value"": 3.2, ""unit"": ""MM""}, {""value"": 79.5, ""unit"": ""MM""}], ""dished_end_dimensions"": null, ""nominal_bore"": null, ""metric_thread"": null, ""voltage_class"": null}",,,,,,,,,,,NTPC.pdf,348,"Organization: NTPC | Item: SW GASKET, 91 X 79.5 X 3.2 MM WO RING | Type: sealing material | Category: Mechanical | Material Code: M5520220118 | Dimensions: {""value"": 3.2, ""unit"": ""MM""} | Unit: NO",MIRA_materials_master_FINAL_with_org(1),1,1
NTPC,NTPC Limited,M8110242495,M S ELBOW 200 X 90 MM 90DEG. PLAIN END,pipe fitting,Other Material/Equipment,M,2000.0,,,,"{""value"": 90.0, ""unit"": ""MM""}",,,"{""material_grade"": null, ""pressure_rating"": null, ""dimensions"": {""value"": 90.0, ""unit"": ""MM""}, ""dimension_tokens"": [{""value"": 90.0, ""unit"": ""MM""}, {""value"": 200.0, ""unit"": ""MM""}], ""dished_end_dimensions"": null, ""nominal_bore"": null, ""metric_thread"": null, ""voltage_class"": null}",,,,,,,,,,,NTPC.pdf,398,"Organization: NTPC | Item: M S ELBOW 200 X 90 MM 90DEG. PLAIN END | Type: pipe fitting | Category: Other Material/Equipment | Material Code: M8110242495 | Dimensions: {""value"": 90.0, ""unit"": ""MM""} | Unit: M",MIRA_materials_master_FINAL_with_org(1),1,1
NTPC,NTPC Limited,M8544250006,NEOPRENE RUBBER OIL SEAL 45 X 60 X 7 MM,sealing material,Mechanical,NO,42.0,,,,"{""value"": 7.0, ""unit"": ""MM""}",,,"{""material_grade"": null, ""pressure_rating"": null, ""dimensions"": {""value"": 7.0, ""unit"": ""MM""}, ""dimension_tokens"": [{""value"": 7.0, ""unit"": ""MM""}, {""value"": 60.0, ""unit"": ""MM""}], ""dished_end_dimensions"": null, ""nominal_bore"": null, ""metric_thread"": null, ""voltage_class"": null}",,,,,,,,,,,NTPC.pdf,431,"Organization: NTPC | Item: NEOPRENE RUBBER OIL SEAL 45 X 60 X 7 MM | Type: sealing material | Category: Mechanical | Material Code: M8544250006 | Dimensions: {""value"": 7.0, ""unit"": ""MM""} | Unit: NO",MIRA_materials_master_FINAL_with_org(1),1,1
NTPC,NTPC Limited,M8546182752,"OIL SEAL OF NITRILE RUBER,65 X 50 X 8 MM",sealing material,Mechanical,NO,2850.0,,,,"{""value"": 8.0, ""unit"": ""MM""}",,,"{""material_grade"": null, ""pressure_rating"": null, ""dimensions"": {""value"": 8.0, ""unit"": ""MM""}, ""dimension_tokens"": [{""value"": 8.0, ""unit"": ""MM""}, {""value"": 50.0, ""unit"": ""MM""}], ""dished_end_dimensions"": null, ""nominal_bore"": null, ""metric_thread"": null, ""voltage_class"": null}",,,,,,,,,,,NTPC.pdf,433,"Organization: NTPC | Item: OIL SEAL OF NITRILE RUBER,65 X 50 X 8 MM | Type: sealing material | Category: Mechanical | Material Code: M8546182752 | Dimensions: {""value"": 8.0, ""unit"": ""MM""} | Unit: NO",MIRA_materials_master_FINAL_with_org(1),1,1
NTPC,NTPC Limited,M5514506019,"SPIRAL WOUND GASKET, FILTER GRAF SS-316",sealing material,Mechanical,NO,2.0,,,SS316,,,,"{""material_grade"": ""SS316"", ""pressure_rating"": null, ""dimensions"": null, ""dimension_tokens"": [], ""dished_end_dimensions"": null, ""nominal_bore"": null, ""metric_thread"": null, ""voltage_class"": null}",,,,,,,,,,,NTPC.pdf,347,"Organization: NTPC | Item: SPIRAL WOUND GASKET, FILTER GRAF SS-316 | Type: sealing material | Category: Mechanical | Material Code: M5514506019 | Material Grade: SS316 | Unit: NO",MIRA_materials_master_FINAL_with_org(1),1,1
NTPC,NTPC Limited,M7197017665,SPIRAL WOUND METAL GASKET SS304 78X93.4X,sealing material,Mechanical,NO,12.0,,,SS304,,,,"{""material_grade"": ""SS304"", ""pressure_rating"": null, ""dimensions"": null, ""dimension_tokens"": [], ""dished_end_dimensions"": null, ""nominal_bore"": null, ""metric_thread"": null, ""voltage_class"": null}",,,,,,,,,,,NTPC.pdf,389,Organization: NTPC | Item: SPIRAL WOUND METAL GASKET SS304 78X93.4X | Type: sealing material | Category: Mechanical | Material Code: M7197017665 | Material Grade: SS304 | Unit: NO,MIRA_materials_master_FINAL_with_org(1),1,1
NTPC,NTPC Limited,M7197017670,SPRL WOND METLC GASKET-SS316 GRAPHITE FI,sealing material,Mechanical,NO,25.0,,,SS316,,,,"{""material_grade"": ""SS316"", ""pressure_rating"": null, ""dimensions"": null, ""dimension_tokens"": [], ""dished_end_dimensions"": null, ""nominal_bore"": null, ""metric_thread"": null, ""voltage_class"": null}",,,,,,,,,,,NTPC.pdf,389,Organization: NTPC | Item: SPRL WOND METLC GASKET-SS316 GRAPHITE FI | Type: sealing material | Category: Mechanical | Material Code: M7197017670 | Material Grade: SS316 | Unit: NO,MIRA_materials_master_FINAL_with_org(1),1,1
NTPC,NTPC Limited,M7197017672,SPRL WND METLC GASKET-SS316 GRAPHITE FIL,sealing material,Mechanical,NO,25.0,,,SS316,,,,"{""material_grade"": ""SS316"", ""pressure_rating"": null, ""dimensions"": null, ""dimension_tokens"": [], ""dished_end_dimensions"": null, ""nominal_bore"": null, ""metric_thread"": null, ""voltage_class"": null}",,,,,,,,,,,NTPC.pdf,389,Organization: NTPC | Item: SPRL WND METLC GASKET-SS316 GRAPHITE FIL | Type: sealing material | Category: Mechanical | Material Code: M7197017672 | Material Grade: SS316 | Unit: NO,MIRA_materials_master_FINAL_with_org(1),1,1
NTPC,NTPC Limited,M0511250200,GRAPHITE PACKING: 44 X 32 X 6 MM THICK,sealing material,Other Material/Equipment,NO,4.0,,,,"{""value"": 6.0, ""unit"": ""MM""}",,,"{""material_grade"": null, ""pressure_rating"": null, ""dimensions"": {""value"": 6.0, ""unit"": ""MM""}, ""dimension_tokens"": [{""value"": 6.0, ""unit"": ""MM""}, {""value"": 32.0, ""unit"": ""MM""}], ""dished_end_dimensions"": null, ""nominal_bore"": null, ""metric_thread"": null, ""voltage_class"": null}",,,,,,,,,,,NTPC.pdf,11,"Organization: NTPC | Item: GRAPHITE PACKING: 44 X 32 X 6 MM THICK | Type: sealing material | Category: Other Material/Equipment | Material Code: M0511250200 | Dimensions: {""value"": 6.0, ""unit"": ""MM""} | Unit: NO",MIRA_materials_master_FINAL_with_org(1),2,2
NTPC,NTPC Limited,M0517560800,GLAND PACKING SIZE :27 X 13 X 5 MM,sealing material,Other Material/Equipment,M,380.0,,,,"{""value"": 5.0, ""unit"": ""MM""}",,,"{""material_grade"": null, ""pressure_rating"": null, ""dimensions"": {""value"": 5.0, ""unit"": ""MM""}, ""dimension_tokens"": [{""value"": 5.0, ""unit"": ""MM""}, {""value"": 13.0, ""unit"": ""MM""}], ""dished_end_dimensions"": null, ""nominal_bore"": null, ""metric_thread"": null, ""voltage_class"": null}",,,,,,,,,,,NTPC.pdf,11,"Organization: NTPC | Item: GLAND PACKING SIZE :27 X 13 X 5 MM | Type: sealing material | Category: Other Material/Equipment | Material Code: M0517560800 | Dimensions: {""value"": 5.0, ""unit"": ""MM""} | Unit: M",MIRA_materials_master_FINAL_with_org(1),2,2
NTPC,NTPC Limited,M0579479720,SERRATED GASKETS SIZE: 120 X 100 X 5 MM,sealing material,Mechanical,NO,10.0,,,,"{""value"": 5.0, ""unit"": ""MM""}",,,"{""material_grade"": null, ""pressure_rating"": null, ""dimensions"": {""value"": 5.0, ""unit"": ""MM""}, ""dimension_tokens"": [{""value"": 5.0, ""unit"": ""MM""}, {""value"": 100.0, ""unit"": ""MM""}], ""dished_end_dimensions"": null, ""nominal_bore"": null, ""metric_thread"": null, ""voltage_class"": null}",,,,,,,,,,,NTPC.pdf,41,"Organization: NTPC | Item: SERRATED GASKETS SIZE: 120 X 100 X 5 MM | Type: sealing material | Category: Mechanical | Material Code: M0579479720 | Dimensions: {""value"": 5.0, ""unit"": ""MM""} | Unit: NO",MIRA_materials_master_FINAL_with_org(1),2,2
NTPC,NTPC Limited,M0579505722,SERRATED GASKETS SIZE: 60 X 48 X 4 MM,sealing material,Mechanical,NO,50.0,,,,"{""value"": 4.0, ""unit"": ""MM""}",,,"{""material_grade"": null, ""pressure_rating"": null, ""dimensions"": {""value"": 4.0, ""unit"": ""MM""}, ""dimension_tokens"": [{""value"": 4.0, ""unit"": ""MM""}, {""value"": 48.0, ""unit"": ""MM""}], ""dished_end_dimensions"": null, ""nominal_bore"": null, ""metric_thread"": null, ""voltage_class"": null}",,,,,,,,,,,NTPC.pdf,41,"Organization: NTPC | Item: SERRATED GASKETS SIZE: 60 X 48 X 4 MM | Type: sealing material | Category: Mechanical | Material Code: M0579505722 | Dimensions: {""value"": 4.0, ""unit"": ""MM""} | Unit: NO",MIRA_materials_master_FINAL_with_org(1),2,2
NTPC,NTPC Limited,M1011645010,"METALIC GASKET EQT TO STYLE 54 ,3 MM THK",sealing material,Mechanical,AP,15.0,,,,"{""value"": 3.0, ""unit"": ""MM""}",,,"{""material_grade"": null, ""pressure_rating"": null, ""dimensions"": {""value"": 3.0, ""unit"": ""MM""}, ""dimension_tokens"": [{""value"": 3.0, ""unit"": ""MM""}], ""dished_end_dimensions"": null, ""nominal_bore"": null, ""metric_thread"": null, ""voltage_class"": null}",,,,,,,,,,,NTPC.pdf,63,"Organization: NTPC | Item: METALIC GASKET EQT TO STYLE 54 ,3 MM THK | Type: sealing material | Category: Mechanical | Material Code: M1011645010 | Dimensions: {""value"": 3.0, ""unit"": ""MM""} | Unit: AP",MIRA_materials_master_FINAL_with_org(1),1,1
NTPC,NTPC Limited,M1482249000,"TEE GI SIZE: 25 MM NB , FEMALE THREADED",pipe fitting,Other Material/Equipment,PAA,52025.0,,,,"{""value"": 25.0, ""unit"": ""MM""}",,,"{""material_grade"": null, ""pressure_rating"": null, ""dimensions"": {""value"": 25.0, ""unit"": ""MM""}, ""dimension_tokens"": [{""value"": 25.0, ""unit"": ""MM""}], ""dished_end_dimensions"": null, ""nominal_bore"": null, ""metric_thread"": null, ""voltage_class"": null}",,,,,,,,,,,NTPC.pdf,89,"Organization: NTPC | Item: TEE GI SIZE: 25 MM NB , FEMALE THREADED | Type: pipe fitting | Category: Other Material/Equipment | Material Code: M1482249000 | Dimensions: {""value"": 25.0, ""unit"": ""MM""} | Unit: PAA",MIRA_materials_master_FINAL_with_org(1),1,1
NTPC,NTPC Limited,M1515446484,"BALL BEARING, ALS # 7214 B ID: 70 MM",bearing,Mechanical,NO,5000.0,,,,"{""value"": 70.0, ""unit"": ""MM""}",,,"{""material_grade"": null, ""pressure_rating"": null, ""dimensions"": {""value"": 70.0, ""unit"": ""MM""}, ""dimension_tokens"": [{""value"": 70.0, ""unit"": ""MM""}], ""dished_end_dimensions"": null, ""nominal_bore"": null, ""metric_thread"": null, ""voltage_class"": null}",,,,,,,,,,,NTPC.pdf,121,"Organization: NTPC | Item: BALL BEARING, ALS # 7214 B ID: 70 MM | Type: bearing | Category: Mechanical | Material Code: M1515446484 | Dimensions: {""value"": 70.0, ""unit"": ""MM""} | Unit: NO",MIRA_materials_master_FINAL_with_org(1),1,1
NTPC,NTPC Limited,M1616229001,BRASS FULL WAY GATE VALVE SIZE: 20 MM NB,valve,Mechanical,M,3000.0,,,,"{""value"": 20.0, ""unit"": ""MM""}",,,"{""material_grade"": null, ""pressure_rating"": null, ""dimensions"": {""value"": 20.0, ""unit"": ""MM""}, ""dimension_tokens"": [{""value"": 20.0, ""unit"": ""MM""}], ""dished_end_dimensions"": null, ""nominal_bore"": null, ""metric_thread"": null, ""voltage_class"": null}",,,,,,,,,,,NTPC.pdf,139,"Organization: NTPC | Item: BRASS FULL WAY GATE VALVE SIZE: 20 MM NB | Type: valve | Category: Mechanical | Material Code: M1616229001 | Dimensions: {""value"": 20.0, ""unit"": ""MM""} | Unit: M",MIRA_materials_master_FINAL_with_org(1),1,1
NTPC,NTPC Limited,M1619080492,"GI PIPE IS 1239 ,HEAVY DUTY 20 MM NB",pipe/piping,Mechanical,M,30.0,,,,"{""value"": 20.0, ""unit"": ""MM""}",,,"{""material_grade"": null, ""pressure_rating"": null, ""dimensions"": {""value"": 20.0, ""unit"": ""MM""}, ""dimension_tokens"": [{""value"": 20.0, ""unit"": ""MM""}], ""dished_end_dimensions"": null, ""nominal_bore"": null, ""metric_thread"": null, ""voltage_class"": null}",,,,,,,,,,,NTPC.pdf,141,"Organization: NTPC | Item: GI PIPE IS 1239 ,HEAVY DUTY 20 MM NB | Type: pipe/piping | Category: Mechanical | Material Code: M1619080492 | Dimensions: {""value"": 20.0, ""unit"": ""MM""} | Unit: M",MIRA_materials_master_FINAL_with_org(1),1,1
NTPC,NTPC Limited,M1619412253,NB 8 INCH CAST IRON PIPE AS PER BS-1211,pipe/piping,Mechanical,M,300.0,,,,"{""value"": 8.0, ""unit"": ""IN""}",,,"{""material_grade"": null, ""pressure_rating"": null, ""dimensions"": {""value"": 8.0, ""unit"": ""IN""}, ""dimension_tokens"": [{""value"": 8.0, ""unit"": ""IN""}], ""dished_end_dimensions"": null, ""nominal_bore"": null, ""metric_thread"": null, ""voltage_class"": null}",,,,,,,,,,,NTPC.pdf,142,"Organization: NTPC | Item: NB 8 INCH CAST IRON PIPE AS PER BS-1211 | Type: pipe/piping | Category: Mechanical | Material Code: M1619412253 | Dimensions: {""value"": 8.0, ""unit"": ""IN""} | Unit: M",MIRA_materials_master_FINAL_with_org(1),1,1
NTPC,NTPC Limited,M1666119444,BOILER TUBE MTM L=30 MR DIA = 8 MM,boiler,Mechanical,M,1464.0,,,,"{""value"": 8.0, ""unit"": ""MM""}",,,"{""material_grade"": null, ""pressure_rating"": null, ""dimensions"": {""value"": 8.0, ""unit"": ""MM""}, ""dimension_tokens"": [{""value"": 8.0, ""unit"": ""MM""}], ""dished_end_dimensions"": null, ""nominal_bore"": null, ""metric_thread"": null, ""voltage_class"": null}",,,,,,,,,,,NTPC.pdf,146,"Organization: NTPC | Item: BOILER TUBE MTM L=30 MR DIA = 8 MM | Type: boiler | Category: Mechanical | Material Code: M1666119444 | Dimensions: {""value"": 8.0, ""unit"": ""MM""} | Unit: M",MIRA_materials_master_FINAL_with_org(1),1,1
NTPC,NTPC Limited,M1705011452,BOILER TUBE MTM L=16 MR DIA = 8 MM,boiler,Mechanical,NO,10.0,,,,"{""value"": 8.0, ""unit"": ""MM""}",,,"{""material_grade"": null, ""pressure_rating"": null, ""dimensions"": {""value"": 8.0, ""unit"": ""MM""}, ""dimension_tokens"": [{""value"": 8.0, ""unit"": ""MM""}], ""dished_end_dimensions"": null, ""nominal_bore"": null, ""metric_thread"": null, ""voltage_class"": null}",,,,,,,,,,,NTPC.pdf,150,"Organization: NTPC | Item: BOILER TUBE MTM L=16 MR DIA = 8 MM | Type: boiler | Category: Mechanical | Material Code: M1705011452 | Dimensions: {""value"": 8.0, ""unit"": ""MM""} | Unit: NO",MIRA_materials_master_FINAL_with_org(1),1,1
NTPC,NTPC Limited,M1716944082,"MS ERW PIPE 50 MM NB, 4 MM THICK",pipe/piping,Mechanical,NO,40.0,,,,"{""value"": 50.0, ""unit"": ""MM""}",,,"{""material_grade"": null, ""pressure_rating"": null, ""dimensions"": {""value"": 50.0, ""unit"": ""MM""}, ""dimension_tokens"": [{""value"": 50.0, ""unit"": ""MM""}, {""value"": 4.0, ""unit"": ""MM""}], ""dished_end_dimensions"": null, ""nominal_bore"": null, ""metric_thread"": null, ""voltage_class"": null}",,,,,,,,,,,NTPC.pdf,153,"Organization: NTPC | Item: MS ERW PIPE 50 MM NB, 4 MM THICK | Type: pipe/piping | Category: Mechanical | Material Code: M1716944082 | Dimensions: {""value"": 50.0, ""unit"": ""MM""} | Unit: NO",MIRA_materials_master_FINAL_with_org(1),1,1
NTPC,NTPC Limited,M1735992071,GI PIPE 32 MM DIA MEDIUM GRADE IS 1239,pipe/piping,Mechanical,NO,4.0,,,,"{""value"": 32.0, ""unit"": ""MM""}",,,"{""material_grade"": null, ""pressure_rating"": null, ""dimensions"": {""value"": 32.0, ""unit"": ""MM""}, ""dimension_tokens"": [{""value"": 32.0, ""unit"": ""MM""}], ""dished_end_dimensions"": null, ""nominal_bore"": null, ""metric_thread"": null, ""voltage_class"": null}",,,,,,,,,,,NTPC.pdf,157,"Organization: NTPC | Item: GI PIPE 32 MM DIA MEDIUM GRADE IS 1239 | Type: pipe/piping | Category: Mechanical | Material Code: M1735992071 | Dimensions: {""value"": 32.0, ""unit"": ""MM""} | Unit: NO",MIRA_materials_master_FINAL_with_org(1),1,1
NTPC,NTPC Limited,M1774335901,MS ERW PIPE 15 MM NB M/CLASS PLAIN END,pipe/piping,Mechanical,NO,3.0,,,,"{""value"": 15.0, ""unit"": ""MM""}",,,"{""material_grade"": null, ""pressure_rating"": null, ""dimensions"": {""value"": 15.0, ""unit"": ""MM""}, ""dimension_tokens"": [{""value"": 15.0, ""unit"": ""MM""}], ""dished_end_dimensions"": null, ""nominal_bore"": null, ""metric_thread"": null, ""voltage_class"": null}",,,,,,,,,,,NTPC.pdf,162,"Organization: NTPC | Item: MS ERW PIPE 15 MM NB M/CLASS PLAIN END | Type: pipe/piping | Category: Mechanical | Material Code: M1774335901 | Dimensions: {""value"": 15.0, ""unit"": ""MM""} | Unit: NO",MIRA_materials_master_FINAL_with_org(1),1,1
NTPC,NTPC Limited,M1902631366,100NB SS-304 BEND AS PER ASTM A 403 CLAS,,Other Material/Equipment,NO,42.0,,,SS304,,,,"{""material_grade"": ""SS304"", ""pressure_rating"": null, ""dimensions"": null, ""dimension_tokens"": [], ""dished_end_dimensions"": null, ""nominal_bore"": {""value"": 100.0, ""unit"": ""NB""}, ""metric_thread"": null, ""voltage_class"": null}",,,,,,,,,,,NTPC.pdf,189,Organization: NTPC | Item: 100NB SS-304 BEND AS PER ASTM A 403 CLAS | Category: Other Material/Equipment | Material Code: M1902631366 | Material Grade: SS304 | Unit: NO,MIRA_materials_master_FINAL_with_org(1),1,1
NTPC,NTPC Limited,M1910921489,GI PIPE 65 MM NB MEDIUM CLASS PLAIN END,pipe/piping,Mechanical,NO,5.0,,,,"{""value"": 65.0, ""unit"": ""MM""}",,,"{""material_grade"": null, ""pressure_rating"": null, ""dimensions"": {""value"": 65.0, ""unit"": ""MM""}, ""dimension_tokens"": [{""value"": 65.0, ""unit"": ""MM""}], ""dished_end_dimensions"": null, ""nominal_bore"": null, ""metric_thread"": null, ""voltage_class"": null}",,,,,,,,,,,NTPC.pdf,193,"Organization: NTPC | Item: GI PIPE 65 MM NB MEDIUM CLASS PLAIN END | Type: pipe/piping | Category: Mechanical | Material Code: M1910921489 | Dimensions: {""value"": 65.0, ""unit"": ""MM""} | Unit: NO",MIRA_materials_master_FINAL_with_org(1),1,1
NTPC,NTPC Limited,M1917231712,MS ELBOW 200MM BEVEL ENDS AS PER IS 1239,pipe fitting,Other Material/Equipment,NO,26.0,,,,"{""value"": 200.0, ""unit"": ""MM""}",,,"{""material_grade"": null, ""pressure_rating"": null, ""dimensions"": {""value"": 200.0, ""unit"": ""MM""}, ""dimension_tokens"": [{""value"": 200.0, ""unit"": ""MM""}], ""dished_end_dimensions"": null, ""nominal_bore"": null, ""metric_thread"": null, ""voltage_class"": null}",,,,,,,,,,,NTPC.pdf,199,"Organization: NTPC | Item: MS ELBOW 200MM BEVEL ENDS AS PER IS 1239 | Type: pipe fitting | Category: Other Material/Equipment | Material Code: M1917231712 | Dimensions: {""value"": 200.0, ""unit"": ""MM""} | Unit: NO",MIRA_materials_master_FINAL_with_org(1),1,1
NTPC,NTPC Limited,M1917231750,M S ELBOW 400X90 MM 90 DEG. PLAIN END,pipe fitting,Other Material/Equipment,NO,4.0,,,,"{""value"": 400.0, ""unit"": ""MM""}",,,"{""material_grade"": null, ""pressure_rating"": null, ""dimensions"": {""value"": 400.0, ""unit"": ""MM""}, ""dimension_tokens"": [{""value"": 400.0, ""unit"": ""MM""}, {""value"": 90.0, ""unit"": ""MM""}], ""dished_end_dimensions"": null, ""nominal_bore"": null, ""metric_thread"": null, ""voltage_class"": null}",,,,,,,,,,,NTPC.pdf,199,"Organization: NTPC | Item: M S ELBOW 400X90 MM 90 DEG. PLAIN END | Type: pipe fitting | Category: Other Material/Equipment | Material Code: M1917231750 | Dimensions: {""value"": 400.0, ""unit"": ""MM""} | Unit: NO",MIRA_materials_master_FINAL_with_org(1),1,1
NTPC,NTPC Limited,M1980626500,"BALL BEARING, AMS # 7307 BEP ID: 35 MM",bearing,Mechanical,NO,35.0,,,,"{""value"": 35.0, ""unit"": ""MM""}",,,"{""material_grade"": null, ""pressure_rating"": null, ""dimensions"": {""value"": 35.0, ""unit"": ""MM""}, ""dimension_tokens"": [{""value"": 35.0, ""unit"": ""MM""}], ""dished_end_dimensions"": null, ""nominal_bore"": null, ""metric_thread"": null, ""voltage_class"": null}",,,,,,,,,,,NTPC.pdf,220,"Organization: NTPC | Item: BALL BEARING, AMS # 7307 BEP ID: 35 MM | Type: bearing | Category: Mechanical | Material Code: M1980626500 | Dimensions: {""value"": 35.0, ""unit"": ""MM""} | Unit: NO",MIRA_materials_master_FINAL_with_org(1),1,1
NTPC,NTPC Limited,M2026175609,WIRE ROPE SLING 20 MM X6 MR PLAIN EYE,cable/wire,Other Material/Equipment,NO,60.0,,,,"{""value"": 20.0, ""unit"": ""MM""}",,,"{""material_grade"": null, ""pressure_rating"": null, ""dimensions"": {""value"": 20.0, ""unit"": ""MM""}, ""dimension_tokens"": [{""value"": 20.0, ""unit"": ""MM""}], ""dished_end_dimensions"": null, ""nominal_bore"": null, ""metric_thread"": null, ""voltage_class"": null}",,,,,,,,,,,NTPC.pdf,230,"Organization: NTPC | Item: WIRE ROPE SLING 20 MM X6 MR PLAIN EYE | Type: cable/wire | Category: Other Material/Equipment | Material Code: M2026175609 | Dimensions: {""value"": 20.0, ""unit"": ""MM""} | Unit: NO",MIRA_materials_master_FINAL_with_org(1),1,1
NTPC,NTPC Limited,M2026176065,SLING WIRE ROPE 12 MTR LONG 40 MM O,cable/wire,Other Material/Equipment,NO,168.0,,,,"{""value"": 40.0, ""unit"": ""MM""}",,,"{""material_grade"": null, ""pressure_rating"": null, ""dimensions"": {""value"": 40.0, ""unit"": ""MM""}, ""dimension_tokens"": [{""value"": 40.0, ""unit"": ""MM""}], ""dished_end_dimensions"": null, ""nominal_bore"": null, ""metric_thread"": null, ""voltage_class"": null}",,,,,,,,,,,NTPC.pdf,230,"Organization: NTPC | Item: SLING WIRE ROPE 12 MTR LONG 40 MM O | Type: cable/wire | Category: Other Material/Equipment | Material Code: M2026176065 | Dimensions: {""value"": 40.0, ""unit"": ""MM""} | Unit: NO",MIRA_materials_master_FINAL_with_org(1),1,1
NTPC,NTPC Limited,M2292004009,"TIG FILLER WIRE RT 2 1/4 CR-1 MO, 2.4MM",cable/wire,Other Material/Equipment,NO,2.0,,,,"{""value"": 2.4, ""unit"": ""MM""}",,,"{""material_grade"": null, ""pressure_rating"": null, ""dimensions"": {""value"": 2.4, ""unit"": ""MM""}, ""dimension_tokens"": [{""value"": 2.4, ""unit"": ""MM""}], ""dished_end_dimensions"": null, ""nominal_bore"": null, ""metric_thread"": null, ""voltage_class"": null}",,,,,,,,,,,NTPC.pdf,236,"Organization: NTPC | Item: TIG FILLER WIRE RT 2 1/4 CR-1 MO, 2.4MM | Type: cable/wire | Category: Other Material/Equipment | Material Code: M2292004009 | Dimensions: {""value"": 2.4, ""unit"": ""MM""} | Unit: NO",MIRA_materials_master_FINAL_with_org(1),1,1
NTPC,NTPC Limited,M2435103020,10 MM SQ GLAND PCKG - BOILER CONTROL V/V,boiler,Mechanical,KG,200.0,,,,"{""value"": 10.0, ""unit"": ""MM""}",,,"{""material_grade"": null, ""pressure_rating"": null, ""dimensions"": {""value"": 10.0, ""unit"": ""MM""}, ""dimension_tokens"": [{""value"": 10.0, ""unit"": ""MM""}], ""dished_end_dimensions"": null, ""nominal_bore"": null, ""metric_thread"": null, ""voltage_class"": null}",,,,,,,,,,,NTPC.pdf,245,"Organization: NTPC | Item: 10 MM SQ GLAND PCKG - BOILER CONTROL V/V | Type: boiler | Category: Mechanical | Material Code: M2435103020 | Dimensions: {""value"": 10.0, ""unit"": ""MM""} | Unit: KG",MIRA_materials_master_FINAL_with_org(1),1,1
NTPC,NTPC Limited,M2435105521,6 MM SQ GLAND PCKG - BOILER CONTROL V/V,boiler,Mechanical,KG,900.0,,,,"{""value"": 6.0, ""unit"": ""MM""}",,,"{""material_grade"": null, ""pressure_rating"": null, ""dimensions"": {""value"": 6.0, ""unit"": ""MM""}, ""dimension_tokens"": [{""value"": 6.0, ""unit"": ""MM""}], ""dished_end_dimensions"": null, ""nominal_bore"": null, ""metric_thread"": null, ""voltage_class"": null}",,,,,,,,,,,NTPC.pdf,245,"Organization: NTPC | Item: 6 MM SQ GLAND PCKG - BOILER CONTROL V/V | Type: boiler | Category: Mechanical | Material Code: M2435105521 | Dimensions: {""value"": 6.0, ""unit"": ""MM""} | Unit: KG",MIRA_materials_master_FINAL_with_org(1),1,1
NTPC,NTPC Limited,M3335226004,BOILER TUBE MTM L=14 MR DIA = 8 MM,boiler,Mechanical,NO,15.0,,,,"{""value"": 8.0, ""unit"": ""MM""}",,,"{""material_grade"": null, ""pressure_rating"": null, ""dimensions"": {""value"": 8.0, ""unit"": ""MM""}, ""dimension_tokens"": [{""value"": 8.0, ""unit"": ""MM""}], ""dished_end_dimensions"": null, ""nominal_bore"": null, ""metric_thread"": null, ""voltage_class"": null}",,,,,,,,,,,NTPC.pdf,288,"Organization: NTPC | Item: BOILER TUBE MTM L=14 MR DIA = 8 MM | Type: boiler | Category: Mechanical | Material Code: M3335226004 | Dimensions: {""value"": 8.0, ""unit"": ""MM""} | Unit: NO",MIRA_materials_master_FINAL_with_org(1),1,1
NTPC,NTPC Limited,M3799901700,SS-316 CSK SCREW WITH NUT - M16 X 80,,Other Material/Equipment,NO,10.0,,,SS316,,,,"{""material_grade"": ""SS316"", ""pressure_rating"": null, ""dimensions"": null, ""dimension_tokens"": [], ""dished_end_dimensions"": null, ""nominal_bore"": null, ""metric_thread"": {""nominal_diameter"": 16.0, ""pitch"": 80.0, ""unit"": ""MM""}, ""voltage_class"": null}",,,,,,,,,,,NTPC.pdf,300,Organization: NTPC | Item: SS-316 CSK SCREW WITH NUT - M16 X 80 | Category: Other Material/Equipment | Material Code: M3799901700 | Material Grade: SS316 | Unit: NO,MIRA_materials_master_FINAL_with_org(1),1,1
NTPC,NTPC Limited,M5021016023,WAFER TYPE CI BUTTERFLY VALVE / 50 MM NB,valve,Mechanical,NO,16.0,,,,"{""value"": 50.0, ""unit"": ""MM""}",,,"{""material_grade"": null, ""pressure_rating"": null, ""dimensions"": {""value"": 50.0, ""unit"": ""MM""}, ""dimension_tokens"": [{""value"": 50.0, ""unit"": ""MM""}], ""dished_end_dimensions"": null, ""nominal_bore"": null, ""metric_thread"": null, ""voltage_class"": null}",,,,,,,,,,,NTPC.pdf,330,"Organization: NTPC | Item: WAFER TYPE CI BUTTERFLY VALVE / 50 MM NB | Type: valve | Category: Mechanical | Material Code: M5021016023 | Dimensions: {""value"": 50.0, ""unit"": ""MM""} | Unit: NO",MIRA_materials_master_FINAL_with_org(1),1,1
NTPC,NTPC Limited,M5500011024,MS ERW PIPE 80 MM NB H/DUTY PLAIN END,pipe/piping,Mechanical,NO,6.0,,,,"{""value"": 80.0, ""unit"": ""MM""}",,,"{""material_grade"": null, ""pressure_rating"": null, ""dimensions"": {""value"": 80.0, ""unit"": ""MM""}, ""dimension_tokens"": [{""value"": 80.0, ""unit"": ""MM""}], ""dished_end_dimensions"": null, ""nominal_bore"": null, ""metric_thread"": null, ""voltage_class"": null}",,,,,,,,,,,NTPC.pdf,337,"Organization: NTPC | Item: MS ERW PIPE 80 MM NB H/DUTY PLAIN END | Type: pipe/piping | Category: Mechanical | Material Code: M5500011024 | Dimensions: {""value"": 80.0, ""unit"": ""MM""} | Unit: NO",MIRA_materials_master_FINAL_with_org(1),1,1
NTPC,NTPC Limited,M5514506034,SPIRAL WOUND GASKET 313MM X 293 MM X 4.5,sealing material,Mechanical,NO,1.0,,,,"{""value"": 313.0, ""unit"": ""MM""}",,,"{""material_grade"": null, ""pressure_rating"": null, ""dimensions"": {""value"": 313.0, ""unit"": ""MM""}, ""dimension_tokens"": [{""value"": 313.0, ""unit"": ""MM""}, {""value"": 293.0, ""unit"": ""MM""}], ""dished_end_dimensions"": null, ""nominal_bore"": null, ""metric_thread"": null, ""voltage_class"": null}",,,,,,,,,,,NTPC.pdf,348,"Organization: NTPC | Item: SPIRAL WOUND GASKET 313MM X 293 MM X 4.5 | Type: sealing material | Category: Mechanical | Material Code: M5514506034 | Dimensions: {""value"": 313.0, ""unit"": ""MM""} | Unit: NO",MIRA_materials_master_FINAL_with_org(1),1,1
NTPC,NTPC Limited,M6300000011,BEARING TAPER ROLLER # 32209 A ID 45 MM,bearing,Mechanical,NO,1.0,,,,"{""value"": 45.0, ""unit"": ""MM""}",,,"{""material_grade"": null, ""pressure_rating"": null, ""dimensions"": {""value"": 45.0, ""unit"": ""MM""}, ""dimension_tokens"": [{""value"": 45.0, ""unit"": ""MM""}], ""dished_end_dimensions"": null, ""nominal_bore"": null, ""metric_thread"": null, ""voltage_class"": null}",,,,,,,,,,,NTPC.pdf,375,"Organization: NTPC | Item: BEARING TAPER ROLLER # 32209 A ID 45 MM | Type: bearing | Category: Mechanical | Material Code: M6300000011 | Dimensions: {""value"": 45.0, ""unit"": ""MM""} | Unit: NO",MIRA_materials_master_FINAL_with_org(1),1,1
NTPC,NTPC Limited,M6813076161,MS ERW 90 DEG SHORT RADIUS ELBOW 80 MM,pipe fitting,Other Material/Equipment,NO,55.0,,,,"{""value"": 80.0, ""unit"": ""MM""}",,,"{""material_grade"": null, ""pressure_rating"": null, ""dimensions"": {""value"": 80.0, ""unit"": ""MM""}, ""dimension_tokens"": [{""value"": 80.0, ""unit"": ""MM""}], ""dished_end_dimensions"": null, ""nominal_bore"": null, ""metric_thread"": null, ""voltage_class"": null}",,,,,,,,,,,NTPC.pdf,384,"Organization: NTPC | Item: MS ERW 90 DEG SHORT RADIUS ELBOW 80 MM | Type: pipe fitting | Category: Other Material/Equipment | Material Code: M6813076161 | Dimensions: {""value"": 80.0, ""unit"": ""MM""} | Unit: NO",MIRA_materials_master_FINAL_with_org(1),1,1
NTPC,NTPC Limited,M6813090047,BOILER TUBE MTM L=20 MR DIA = 8 MM,boiler,Mechanical,NO,300.0,,,,"{""value"": 8.0, ""unit"": ""MM""}",,,"{""material_grade"": null, ""pressure_rating"": null, ""dimensions"": {""value"": 8.0, ""unit"": ""MM""}, ""dimension_tokens"": [{""value"": 8.0, ""unit"": ""MM""}], ""dished_end_dimensions"": null, ""nominal_bore"": null, ""metric_thread"": null, ""voltage_class"": null}",,,,,,,,,,,NTPC.pdf,384,"Organization: NTPC | Item: BOILER TUBE MTM L=20 MR DIA = 8 MM | Type: boiler | Category: Mechanical | Material Code: M6813090047 | Dimensions: {""value"": 8.0, ""unit"": ""MM""} | Unit: NO",MIRA_materials_master_FINAL_with_org(1),1,1
NTPC,NTPC Limited,M7505596142,ELBOW 3/8 INCH TUBE X 1/4 INCH M BRASS,pipe fitting,Other Material/Equipment,SET,2.0,,,,"{""value"": 8.0, ""unit"": ""IN""}",,,"{""material_grade"": null, ""pressure_rating"": null, ""dimensions"": {""value"": 8.0, ""unit"": ""IN""}, ""dimension_tokens"": [{""value"": 8.0, ""unit"": ""IN""}, {""value"": 4.0, ""unit"": ""IN""}], ""dished_end_dimensions"": null, ""nominal_bore"": null, ""metric_thread"": null, ""voltage_class"": null}",,,,,,,,,,,NTPC.pdf,393,"Organization: NTPC | Item: ELBOW 3/8 INCH TUBE X 1/4 INCH M BRASS | Type: pipe fitting | Category: Other Material/Equipment | Material Code: M7505596142 | Dimensions: {""value"": 8.0, ""unit"": ""IN""} | Unit: SET",MIRA_materials_master_FINAL_with_org(1),1,1
NTPC,NTPC Limited,M8110242680N,CS.ELBOW 25 MM SOC. TYPE 90 DEG SCH- 80,pipe fitting,Other Material/Equipment,M,3000.0,,,,"{""value"": 25.0, ""unit"": ""MM""}",,,"{""material_grade"": null, ""pressure_rating"": null, ""dimensions"": {""value"": 25.0, ""unit"": ""MM""}, ""dimension_tokens"": [{""value"": 25.0, ""unit"": ""MM""}], ""dished_end_dimensions"": null, ""nominal_bore"": null, ""metric_thread"": null, ""voltage_class"": null}",,,,,,,,,,,NTPC.pdf,399,"Organization: NTPC | Item: CS.ELBOW 25 MM SOC. TYPE 90 DEG SCH- 80 | Type: pipe fitting | Category: Other Material/Equipment | Material Code: M8110242680N | Dimensions: {""value"": 25.0, ""unit"": ""MM""} | Unit: M",MIRA_materials_master_FINAL_with_org(1),1,1
NTPC,NTPC Limited,M8544161065,NEOPRENE RUB. GASKET SHEET 1M X 2M X 2MM,sealing material,Mechanical,NO,305.0,,,,"{""value"": 2.0, ""unit"": ""MM""}",,,"{""material_grade"": null, ""pressure_rating"": null, ""dimensions"": {""value"": 2.0, ""unit"": ""MM""}, ""dimension_tokens"": [{""value"": 2.0, ""unit"": ""MM""}], ""dished_end_dimensions"": null, ""nominal_bore"": null, ""metric_thread"": null, ""voltage_class"": null}",,,,,,,,,,,NTPC.pdf,431,"Organization: NTPC | Item: NEOPRENE RUB. GASKET SHEET 1M X 2M X 2MM | Type: sealing material | Category: Mechanical | Material Code: M8544161065 | Dimensions: {""value"": 2.0, ""unit"": ""MM""} | Unit: NO",MIRA_materials_master_FINAL_with_org(1),1,1
NTPC,NTPC Limited,M8546187298,OIL SEAL SIZE 75 X 95 X 13 MM,sealing material,Mechanical,NO,400.0,,,,"{""value"": 13.0, ""unit"": ""MM""}",,,"{""material_grade"": null, ""pressure_rating"": null, ""dimensions"": {""value"": 13.0, ""unit"": ""MM""}, ""dimension_tokens"": [{""value"": 13.0, ""unit"": ""MM""}, {""value"": 95.0, ""unit"": ""MM""}], ""dished_end_dimensions"": null, ""nominal_bore"": null, ""metric_thread"": null, ""voltage_class"": null}",,,,,,,,,,,NTPC.pdf,434,"Organization: NTPC | Item: OIL SEAL SIZE 75 X 95 X 13 MM | Type: sealing material | Category: Mechanical | Material Code: M8546187298 | Dimensions: {""value"": 13.0, ""unit"": ""MM""} | Unit: NO",MIRA_materials_master_FINAL_with_org(1),1,1
NTPC,NTPC Limited,M8546209341,OIL SEAL SIZE 145 X 175 X 15 MM,sealing material,Mechanical,NO,500.0,,,,"{""value"": 15.0, ""unit"": ""MM""}",,,"{""material_grade"": null, ""pressure_rating"": null, ""dimensions"": {""value"": 15.0, ""unit"": ""MM""}, ""dimension_tokens"": [{""value"": 15.0, ""unit"": ""MM""}, {""value"": 175.0, ""unit"": ""MM""}], ""dished_end_dimensions"": null, ""nominal_bore"": null, ""metric_thread"": null, ""voltage_class"": null}",,,,,,,,,,,NTPC.pdf,434,"Organization: NTPC | Item: OIL SEAL SIZE 145 X 175 X 15 MM | Type: sealing material | Category: Mechanical | Material Code: M8546209341 | Dimensions: {""value"": 15.0, ""unit"": ""MM""} | Unit: NO",MIRA_materials_master_FINAL_with_org(1),1,1
NTPC,NTPC Limited,M8546307290,OIL SEAL :32 X 19 X 7MM FLUID COUPLING,pipe fitting,Mechanical,NO,1250.0,,,,"{""value"": 7.0, ""unit"": ""MM""}",,,"{""material_grade"": null, ""pressure_rating"": null, ""dimensions"": {""value"": 7.0, ""unit"": ""MM""}, ""dimension_tokens"": [{""value"": 7.0, ""unit"": ""MM""}, {""value"": 19.0, ""unit"": ""MM""}], ""dished_end_dimensions"": null, ""nominal_bore"": null, ""metric_thread"": null, ""voltage_class"": null}",,,,,,,,,,,NTPC.pdf,435,"Organization: NTPC | Item: OIL SEAL :32 X 19 X 7MM FLUID COUPLING | Type: pipe fitting | Category: Mechanical | Material Code: M8546307290 | Dimensions: {""value"": 7.0, ""unit"": ""MM""} | Unit: NO",MIRA_materials_master_FINAL_with_org(1),1,1
NTPC,NTPC Limited,M0579545755,SPIRAL SS304 ;GRAPHITED GASKET 60.5X50X5,sealing material,Mechanical,NO,60.0,,,SS304,,,,"{""material_grade"": ""SS304"", ""pressure_rating"": null, ""dimensions"": null, ""dimension_tokens"": [], ""dished_end_dimensions"": null, ""nominal_bore"": null, ""metric_thread"": null, ""voltage_class"": null}",,,,,,,,,,,NTPC.pdf,41,Organization: NTPC | Item: SPIRAL SS304 ;GRAPHITED GASKET 60.5X50X5 | Type: sealing material | Category: Mechanical | Material Code: M0579545755 | Material Grade: SS304 | Unit: NO,MIRA_materials_master_FINAL_with_org(1),2,2
NTPC,NTPC Limited,M4101056605,SS 304 EQUAL TEE.SIZE 65NB,pipe fitting,Other Material/Equipment,NO,80.0,,,SS304,,,,"{""material_grade"": ""SS304"", ""pressure_rating"": null, ""dimensions"": null, ""dimension_tokens"": [], ""dished_end_dimensions"": null, ""nominal_bore"": {""value"": 65.0, ""unit"": ""NB""}, ""metric_thread"": null, ""voltage_class"": null}",,,,,,,,,,,NTPC.pdf,302,Organization: NTPC | Item: SS 304 EQUAL TEE.SIZE 65NB | Type: pipe fitting | Category: Other Material/Equipment | Material Code: M4101056605 | Material Grade: SS304 | Unit: NO,MIRA_materials_master_FINAL_with_org(1),1,1
NTPC,NTPC Limited,M5657076001,"1/4"" EQUAL TEE,MATERIAL SS 316",pipe fitting,Other Material/Equipment,NO,18.0,,,SS316,,,,"{""material_grade"": ""SS316"", ""pressure_rating"": null, ""dimensions"": null, ""dimension_tokens"": [], ""dished_end_dimensions"": null, ""nominal_bore"": null, ""metric_thread"": null, ""voltage_class"": null}",,,,,,,,,,,NTPC.pdf,359,"Organization: NTPC | Item: 1/4"" EQUAL TEE,MATERIAL SS 316 | Type: pipe fitting | Category: Other Material/Equipment | Material Code: M5657076001 | Material Grade: SS316 | Unit: NO",MIRA_materials_master_FINAL_with_org(1),1,1
NTPC,NTPC Limited,M0345960151,N/M OIL GASKET 290X190X3 MM & 8 HOLES,sealing material,Mechanical,KG,23.0,,,,"{""value"": 190.0, ""unit"": ""MM""}",,,"{""material_grade"": null, ""pressure_rating"": null, ""dimensions"": {""value"": 190.0, ""unit"": ""MM""}, ""dimension_tokens"": [{""value"": 190.0, ""unit"": ""MM""}, {""value"": 3.0, ""unit"": ""MM""}], ""dished_end_dimensions"": null, ""nominal_bore"": null, ""metric_thread"": null, ""voltage_class"": null}",,,,,,,,,,,NTPC.pdf,6,"Organization: NTPC | Item: N/M OIL GASKET 290X190X3 MM & 8 HOLES | Type: sealing material | Category: Mechanical | Material Code: M0345960151 | Dimensions: {""value"": 190.0, ""unit"": ""MM""} | Unit: KG",MIRA_materials_master_FINAL_with_org(1),2,2
NTPC,NTPC Limited,M0540763207,PUSH IN TYPE FITTING 1/2 INCH BSP (M),pipe fitting,Mechanical,KG,10.0,,,,"{""value"": 2.0, ""unit"": ""IN""}",,,"{""material_grade"": null, ""pressure_rating"": null, ""dimensions"": {""value"": 2.0, ""unit"": ""IN""}, ""dimension_tokens"": [{""value"": 2.0, ""unit"": ""IN""}], ""dished_end_dimensions"": null, ""nominal_bore"": null, ""metric_thread"": null, ""voltage_class"": null}",,,,,,,,,,,NTPC.pdf,25,"Organization: NTPC | Item: PUSH IN TYPE FITTING 1/2 INCH BSP (M) | Type: pipe fitting | Category: Mechanical | Material Code: M0540763207 | Dimensions: {""value"": 2.0, ""unit"": ""IN""} | Unit: KG",MIRA_materials_master_FINAL_with_org(1),2,2
NTPC,NTPC Limited,M0571437724,BEARING TAPER ROLLER # 31310 ID: 50 MM,bearing,Mechanical,NO,115.0,,,,"{""value"": 50.0, ""unit"": ""MM""}",,,"{""material_grade"": null, ""pressure_rating"": null, ""dimensions"": {""value"": 50.0, ""unit"": ""MM""}, ""dimension_tokens"": [{""value"": 50.0, ""unit"": ""MM""}], ""dished_end_dimensions"": null, ""nominal_bore"": null, ""metric_thread"": null, ""voltage_class"": null}",,,,,,,,,,,NTPC.pdf,38,"Organization: NTPC | Item: BEARING TAPER ROLLER # 31310 ID: 50 MM | Type: bearing | Category: Mechanical | Material Code: M0571437724 | Dimensions: {""value"": 50.0, ""unit"": ""MM""} | Unit: NO",MIRA_materials_master_FINAL_with_org(1),2,2
NTPC,NTPC Limited,M0571625574,"CI GATE VALVE FLANGED ,SIZE- 65 MM NB,AS",valve,Mechanical,NO,2.0,,,,"{""value"": 65.0, ""unit"": ""MM""}",,,"{""material_grade"": null, ""pressure_rating"": null, ""dimensions"": {""value"": 65.0, ""unit"": ""MM""}, ""dimension_tokens"": [{""value"": 65.0, ""unit"": ""MM""}], ""dished_end_dimensions"": null, ""nominal_bore"": null, ""metric_thread"": null, ""voltage_class"": null}",,,,,,,,,,,NTPC.pdf,39,"Organization: NTPC | Item: CI GATE VALVE FLANGED ,SIZE- 65 MM NB,AS | Type: valve | Category: Mechanical | Material Code: M0571625574 | Dimensions: {""value"": 65.0, ""unit"": ""MM""} | Unit: NO",MIRA_materials_master_FINAL_with_org(1),2,2
NTPC,NTPC Limited,M1010975216,50MM GATE VALVE # 1500 /SW/ SCH-80 /HO,valve,Mechanical,KG,5.5,,,,"{""value"": 50.0, ""unit"": ""MM""}",,,"{""material_grade"": null, ""pressure_rating"": null, ""dimensions"": {""value"": 50.0, ""unit"": ""MM""}, ""dimension_tokens"": [{""value"": 50.0, ""unit"": ""MM""}], ""dished_end_dimensions"": null, ""nominal_bore"": null, ""metric_thread"": null, ""voltage_class"": null}",,,,,,,,,,,NTPC.pdf,60,"Organization: NTPC | Item: 50MM GATE VALVE # 1500 /SW/ SCH-80 /HO | Type: valve | Category: Mechanical | Material Code: M1010975216 | Dimensions: {""value"": 50.0, ""unit"": ""MM""} | Unit: KG",MIRA_materials_master_FINAL_with_org(1),1,1
NTPC,NTPC Limited,M1011400001,GI PIPE -25 MM DIA MEDIUM DUTY IS:1239,pipe/piping,Mechanical,PAC,2.0,,,,"{""value"": 25.0, ""unit"": ""MM""}",,,"{""material_grade"": null, ""pressure_rating"": null, ""dimensions"": {""value"": 25.0, ""unit"": ""MM""}, ""dimension_tokens"": [{""value"": 25.0, ""unit"": ""MM""}], ""dished_end_dimensions"": null, ""nominal_bore"": null, ""metric_thread"": null, ""voltage_class"": null}",,,,,,,,,,,NTPC.pdf,62,"Organization: NTPC | Item: GI PIPE -25 MM DIA MEDIUM DUTY IS:1239 | Type: pipe/piping | Category: Mechanical | Material Code: M1011400001 | Dimensions: {""value"": 25.0, ""unit"": ""MM""} | Unit: PAC",MIRA_materials_master_FINAL_with_org(1),1,1
NTPC,NTPC Limited,M1025281023,SOFT IRON PR SEAL RING SIZE 95X85X10 MM,sealing material,Mechanical,ML,41000.0,,,,"{""value"": 85.0, ""unit"": ""MM""}",,,"{""material_grade"": null, ""pressure_rating"": null, ""dimensions"": {""value"": 85.0, ""unit"": ""MM""}, ""dimension_tokens"": [{""value"": 85.0, ""unit"": ""MM""}, {""value"": 10.0, ""unit"": ""MM""}], ""dished_end_dimensions"": null, ""nominal_bore"": null, ""metric_thread"": null, ""voltage_class"": null}",,,,,,,,,,,NTPC.pdf,66,"Organization: NTPC | Item: SOFT IRON PR SEAL RING SIZE 95X85X10 MM | Type: sealing material | Category: Mechanical | Material Code: M1025281023 | Dimensions: {""value"": 85.0, ""unit"": ""MM""} | Unit: ML",MIRA_materials_master_FINAL_with_org(1),1,1
NTPC,NTPC Limited,M1433790251,MSRL EQ TEE 100MM NB 150MM ARM LENGTH,pipe fitting,Other Material/Equipment,NO,600.0,,,,"{""value"": 100.0, ""unit"": ""MM""}",,,"{""material_grade"": null, ""pressure_rating"": null, ""dimensions"": {""value"": 100.0, ""unit"": ""MM""}, ""dimension_tokens"": [{""value"": 100.0, ""unit"": ""MM""}, {""value"": 150.0, ""unit"": ""MM""}], ""dished_end_dimensions"": null, ""nominal_bore"": null, ""metric_thread"": null, ""voltage_class"": null}",,,,,,,,,,,NTPC.pdf,85,"Organization: NTPC | Item: MSRL EQ TEE 100MM NB 150MM ARM LENGTH | Type: pipe fitting | Category: Other Material/Equipment | Material Code: M1433790251 | Dimensions: {""value"": 100.0, ""unit"": ""MM""} | Unit: NO",MIRA_materials_master_FINAL_with_org(1),1,1
NTPC,NTPC Limited,M1435171452,MSRL EQ TEE 40MM NB 100MM ARM LENGTH,pipe fitting,Other Material/Equipment,ML,30.0,,,,"{""value"": 40.0, ""unit"": ""MM""}",,,"{""material_grade"": null, ""pressure_rating"": null, ""dimensions"": {""value"": 40.0, ""unit"": ""MM""}, ""dimension_tokens"": [{""value"": 40.0, ""unit"": ""MM""}, {""value"": 100.0, ""unit"": ""MM""}], ""dished_end_dimensions"": null, ""nominal_bore"": null, ""metric_thread"": null, ""voltage_class"": null}",,,,,,,,,,,NTPC.pdf,85,"Organization: NTPC | Item: MSRL EQ TEE 40MM NB 100MM ARM LENGTH | Type: pipe fitting | Category: Other Material/Equipment | Material Code: M1435171452 | Dimensions: {""value"": 40.0, ""unit"": ""MM""} | Unit: ML",MIRA_materials_master_FINAL_with_org(1),1,1
NTPC,NTPC Limited,M1482242500,"TEE GI SIZE: 50 MM NB ,FEMALE THREADED",pipe fitting,Other Material/Equipment,PAA,6049.0,,,,"{""value"": 50.0, ""unit"": ""MM""}",,,"{""material_grade"": null, ""pressure_rating"": null, ""dimensions"": {""value"": 50.0, ""unit"": ""MM""}, ""dimension_tokens"": [{""value"": 50.0, ""unit"": ""MM""}], ""dished_end_dimensions"": null, ""nominal_bore"": null, ""metric_thread"": null, ""voltage_class"": null}",,,,,,,,,,,NTPC.pdf,89,"Organization: NTPC | Item: TEE GI SIZE: 50 MM NB ,FEMALE THREADED | Type: pipe fitting | Category: Other Material/Equipment | Material Code: M1482242500 | Dimensions: {""value"": 50.0, ""unit"": ""MM""} | Unit: PAA",MIRA_materials_master_FINAL_with_org(1),1,1
NTPC,NTPC Limited,M1482243000,"TEE GI SIZE: 40 MM NB, FEMALE THREADED",pipe fitting,Other Material/Equipment,PAA,31952.0,,,,"{""value"": 40.0, ""unit"": ""MM""}",,,"{""material_grade"": null, ""pressure_rating"": null, ""dimensions"": {""value"": 40.0, ""unit"": ""MM""}, ""dimension_tokens"": [{""value"": 40.0, ""unit"": ""MM""}], ""dished_end_dimensions"": null, ""nominal_bore"": null, ""metric_thread"": null, ""voltage_class"": null}",,,,,,,,,,,NTPC.pdf,89,"Organization: NTPC | Item: TEE GI SIZE: 40 MM NB, FEMALE THREADED | Type: pipe fitting | Category: Other Material/Equipment | Material Code: M1482243000 | Dimensions: {""value"": 40.0, ""unit"": ""MM""} | Unit: PAA",MIRA_materials_master_FINAL_with_org(1),1,1
NTPC,NTPC Limited,M1482258000,TEE GI SIZE: 20 MM NB FEMALE THREADED,pipe fitting,Other Material/Equipment,NO,2927.0,,,,"{""value"": 20.0, ""unit"": ""MM""}",,,"{""material_grade"": null, ""pressure_rating"": null, ""dimensions"": {""value"": 20.0, ""unit"": ""MM""}, ""dimension_tokens"": [{""value"": 20.0, ""unit"": ""MM""}], ""dished_end_dimensions"": null, ""nominal_bore"": null, ""metric_thread"": null, ""voltage_class"": null}",,,,,,,,,,,NTPC.pdf,89,"Organization: NTPC | Item: TEE GI SIZE: 20 MM NB FEMALE THREADED | Type: pipe fitting | Category: Other Material/Equipment | Material Code: M1482258000 | Dimensions: {""value"": 20.0, ""unit"": ""MM""} | Unit: NO",MIRA_materials_master_FINAL_with_org(1),1,1
NTPC,NTPC Limited,M1482264000,"TEE GI SIZE: 15 MM NB, FEMALE THREADED",pipe fitting,Other Material/Equipment,NO,3150.0,,,,"{""value"": 15.0, ""unit"": ""MM""}",,,"{""material_grade"": null, ""pressure_rating"": null, ""dimensions"": {""value"": 15.0, ""unit"": ""MM""}, ""dimension_tokens"": [{""value"": 15.0, ""unit"": ""MM""}], ""dished_end_dimensions"": null, ""nominal_bore"": null, ""metric_thread"": null, ""voltage_class"": null}",,,,,,,,,,,NTPC.pdf,89,"Organization: NTPC | Item: TEE GI SIZE: 15 MM NB, FEMALE THREADED | Type: pipe fitting | Category: Other Material/Equipment | Material Code: M1482264000 | Dimensions: {""value"": 15.0, ""unit"": ""MM""} | Unit: NO",MIRA_materials_master_FINAL_with_org(1),1,1
NTPC,NTPC Limited,M1493000115,"MS ERW PIPE NB 250,9.50 MM THK,IS -3589",pipe/piping,Mechanical,NO,3.0,,,,"{""value"": 9.5, ""unit"": ""MM""}",,,"{""material_grade"": null, ""pressure_rating"": null, ""dimensions"": {""value"": 9.5, ""unit"": ""MM""}, ""dimension_tokens"": [{""value"": 9.5, ""unit"": ""MM""}], ""dished_end_dimensions"": null, ""nominal_bore"": null, ""metric_thread"": null, ""voltage_class"": null}",,,,,,,,,,,NTPC.pdf,100,"Organization: NTPC | Item: MS ERW PIPE NB 250,9.50 MM THK,IS -3589 | Type: pipe/piping | Category: Mechanical | Material Code: M1493000115 | Dimensions: {""value"": 9.5, ""unit"": ""MM""} | Unit: NO",MIRA_materials_master_FINAL_with_org(1),1,1
NTPC,NTPC Limited,M1512110300,"SLIP ON FLANGE: ASTM F 439, SCH-80, 15MM",pipe fitting,Mechanical,KG,25.0,,,,"{""value"": 15.0, ""unit"": ""MM""}",,,"{""material_grade"": null, ""pressure_rating"": null, ""dimensions"": {""value"": 15.0, ""unit"": ""MM""}, ""dimension_tokens"": [{""value"": 15.0, ""unit"": ""MM""}], ""dished_end_dimensions"": null, ""nominal_bore"": null, ""metric_thread"": null, ""voltage_class"": null}",,,,,,,,,,,NTPC.pdf,115,"Organization: NTPC | Item: SLIP ON FLANGE: ASTM F 439, SCH-80, 15MM | Type: pipe fitting | Category: Mechanical | Material Code: M1512110300 | Dimensions: {""value"": 15.0, ""unit"": ""MM""} | Unit: KG",MIRA_materials_master_FINAL_with_org(1),1,1
NTPC,NTPC Limited,M1512140149,"SLIP ON FLANGE: ASTM F 439,SCH-80, 65 MM",pipe fitting,Mechanical,KG,200.0,,,,"{""value"": 65.0, ""unit"": ""MM""}",,,"{""material_grade"": null, ""pressure_rating"": null, ""dimensions"": {""value"": 65.0, ""unit"": ""MM""}, ""dimension_tokens"": [{""value"": 65.0, ""unit"": ""MM""}], ""dished_end_dimensions"": null, ""nominal_bore"": null, ""metric_thread"": null, ""voltage_class"": null}",,,,,,,,,,,NTPC.pdf,115,"Organization: NTPC | Item: SLIP ON FLANGE: ASTM F 439,SCH-80, 65 MM | Type: pipe fitting | Category: Mechanical | Material Code: M1512140149 | Dimensions: {""value"": 65.0, ""unit"": ""MM""} | Unit: KG",MIRA_materials_master_FINAL_with_org(1),1,1
NTPC,NTPC Limited,M1515546144,"100MM AS ELBOW 90 DEG LR,A335 GR P22",pipe fitting,Other Material/Equipment,NO,400.0,,,,"{""value"": 100.0, ""unit"": ""MM""}",,,"{""material_grade"": null, ""pressure_rating"": null, ""dimensions"": {""value"": 100.0, ""unit"": ""MM""}, ""dimension_tokens"": [{""value"": 100.0, ""unit"": ""MM""}], ""dished_end_dimensions"": null, ""nominal_bore"": null, ""metric_thread"": null, ""voltage_class"": null}",,,,,,,,,,,NTPC.pdf,122,"Organization: NTPC | Item: 100MM AS ELBOW 90 DEG LR,A335 GR P22 | Type: pipe fitting | Category: Other Material/Equipment | Material Code: M1515546144 | Dimensions: {""value"": 100.0, ""unit"": ""MM""} | Unit: NO",MIRA_materials_master_FINAL_with_org(1),1,1
NTPC,NTPC Limited,M1515846127,A.S.PIPE OD 73 X 14 MM SA-335 P22,pipe/piping,Mechanical,NO,400.0,,,,"{""value"": 14.0, ""unit"": ""MM""}",,,"{""material_grade"": null, ""pressure_rating"": null, ""dimensions"": {""value"": 14.0, ""unit"": ""MM""}, ""dimension_tokens"": [{""value"": 14.0, ""unit"": ""MM""}, {""value"": 73.0, ""unit"": ""MM""}], ""dished_end_dimensions"": null, ""nominal_bore"": null, ""metric_thread"": null, ""voltage_class"": null}",,,,,,,,,,,NTPC.pdf,122,"Organization: NTPC | Item: A.S.PIPE OD 73 X 14 MM SA-335 P22 | Type: pipe/piping | Category: Mechanical | Material Code: M1515846127 | Dimensions: {""value"": 14.0, ""unit"": ""MM""} | Unit: NO",MIRA_materials_master_FINAL_with_org(1),1,1
NTPC,NTPC Limited,M1516443901,MS ERW PIPE 40 MM M/CLASS BEVELLED END,pipe/piping,Mechanical,NO,350.0,,,,"{""value"": 40.0, ""unit"": ""MM""}",,,"{""material_grade"": null, ""pressure_rating"": null, ""dimensions"": {""value"": 40.0, ""unit"": ""MM""}, ""dimension_tokens"": [{""value"": 40.0, ""unit"": ""MM""}], ""dished_end_dimensions"": null, ""nominal_bore"": null, ""metric_thread"": null, ""voltage_class"": null}",,,,,,,,,,,NTPC.pdf,123,"Organization: NTPC | Item: MS ERW PIPE 40 MM M/CLASS BEVELLED END | Type: pipe/piping | Category: Mechanical | Material Code: M1516443901 | Dimensions: {""value"": 40.0, ""unit"": ""MM""} | Unit: NO",MIRA_materials_master_FINAL_with_org(1),1,1
NTPC,NTPC Limited,M1553641003,BEARING TAPER ROLLER # 30220 ID: 100 MM,bearing,Mechanical,NO,1200.0,,,,"{""value"": 100.0, ""unit"": ""MM""}",,,"{""material_grade"": null, ""pressure_rating"": null, ""dimensions"": {""value"": 100.0, ""unit"": ""MM""}, ""dimension_tokens"": [{""value"": 100.0, ""unit"": ""MM""}], ""dished_end_dimensions"": null, ""nominal_bore"": null, ""metric_thread"": null, ""voltage_class"": null}",,,,,,,,,,,NTPC.pdf,130,"Organization: NTPC | Item: BEARING TAPER ROLLER # 30220 ID: 100 MM | Type: bearing | Category: Mechanical | Material Code: M1553641003 | Dimensions: {""value"": 100.0, ""unit"": ""MM""} | Unit: NO",MIRA_materials_master_FINAL_with_org(1),1,1
NTPC,NTPC Limited,M1559081209,CI NON RETURN VALVE FLANGED 125MM N B,valve,Mechanical,NO,1000.0,,,,"{""value"": 125.0, ""unit"": ""MM""}",,,"{""material_grade"": null, ""pressure_rating"": null, ""dimensions"": {""value"": 125.0, ""unit"": ""MM""}, ""dimension_tokens"": [{""value"": 125.0, ""unit"": ""MM""}], ""dished_end_dimensions"": null, ""nominal_bore"": null, ""metric_thread"": null, ""voltage_class"": null}",,,,,,,,,,,NTPC.pdf,131,"Organization: NTPC | Item: CI NON RETURN VALVE FLANGED 125MM N B | Type: valve | Category: Mechanical | Material Code: M1559081209 | Dimensions: {""value"": 125.0, ""unit"": ""MM""} | Unit: NO",MIRA_materials_master_FINAL_with_org(1),1,1
NTPC,NTPC Limited,M1560980168,CAST IRON NON RETURN VALVE SIZE 150MM FL,valve,Mechanical,NO,2400.0,,,,"{""value"": 150.0, ""unit"": ""MM""}",,,"{""material_grade"": null, ""pressure_rating"": null, ""dimensions"": {""value"": 150.0, ""unit"": ""MM""}, ""dimension_tokens"": [{""value"": 150.0, ""unit"": ""MM""}], ""dished_end_dimensions"": null, ""nominal_bore"": null, ""metric_thread"": null, ""voltage_class"": null}",,,,,,,,,,,NTPC.pdf,132,"Organization: NTPC | Item: CAST IRON NON RETURN VALVE SIZE 150MM FL | Type: valve | Category: Mechanical | Material Code: M1560980168 | Dimensions: {""value"": 150.0, ""unit"": ""MM""} | Unit: NO",MIRA_materials_master_FINAL_with_org(1),1,1
NTPC,NTPC Limited,M1564443812,ERW MS BLACK PIPE PLAIN ENDS-150 MM NB,pipe/piping,Mechanical,NO,700.0,,,,"{""value"": 150.0, ""unit"": ""MM""}",,,"{""material_grade"": null, ""pressure_rating"": null, ""dimensions"": {""value"": 150.0, ""unit"": ""MM""}, ""dimension_tokens"": [{""value"": 150.0, ""unit"": ""MM""}], ""dished_end_dimensions"": null, ""nominal_bore"": null, ""metric_thread"": null, ""voltage_class"": null}",,,,,,,,,,,NTPC.pdf,133,"Organization: NTPC | Item: ERW MS BLACK PIPE PLAIN ENDS-150 MM NB | Type: pipe/piping | Category: Mechanical | Material Code: M1564443812 | Dimensions: {""value"": 150.0, ""unit"": ""MM""} | Unit: NO",MIRA_materials_master_FINAL_with_org(1),1,1
NTPC,NTPC Limited,M1616324340,25 MM PVC ELBOW BEND OF STANDARD SIZES,pipe fitting,Other Material/Equipment,M,12830.0,,,,"{""value"": 25.0, ""unit"": ""MM""}",,,"{""material_grade"": null, ""pressure_rating"": null, ""dimensions"": {""value"": 25.0, ""unit"": ""MM""}, ""dimension_tokens"": [{""value"": 25.0, ""unit"": ""MM""}], ""dished_end_dimensions"": null, ""nominal_bore"": null, ""metric_thread"": null, ""voltage_class"": null}",,,,,,,,,,,NTPC.pdf,139,"Organization: NTPC | Item: 25 MM PVC ELBOW BEND OF STANDARD SIZES | Type: pipe fitting | Category: Other Material/Equipment | Material Code: M1616324340 | Dimensions: {""value"": 25.0, ""unit"": ""MM""} | Unit: M",MIRA_materials_master_FINAL_with_org(1),1,1
NTPC,NTPC Limited,M1619303047,"125 MM NB GI PIPE,5.4 MM THICK,IS: 1239",pipe/piping,Mechanical,M,100.0,,,,"{""value"": 125.0, ""unit"": ""MM""}",,,"{""material_grade"": null, ""pressure_rating"": null, ""dimensions"": {""value"": 125.0, ""unit"": ""MM""}, ""dimension_tokens"": [{""value"": 125.0, ""unit"": ""MM""}, {""value"": 5.4, ""unit"": ""MM""}], ""dished_end_dimensions"": null, ""nominal_bore"": null, ""metric_thread"": null, ""voltage_class"": null}",,,,,,,,,,,NTPC.pdf,141,"Organization: NTPC | Item: 125 MM NB GI PIPE,5.4 MM THICK,IS: 1239 | Type: pipe/piping | Category: Mechanical | Material Code: M1619303047 | Dimensions: {""value"": 125.0, ""unit"": ""MM""} | Unit: M",MIRA_materials_master_FINAL_with_org(1),1,1
NTPC,NTPC Limited,M1619306055,ERW MS BLACK PIPE SIZE 25 MM IS-1239/79,pipe/piping,Mechanical,M,600.0,,,,"{""value"": 25.0, ""unit"": ""MM""}",,,"{""material_grade"": null, ""pressure_rating"": null, ""dimensions"": {""value"": 25.0, ""unit"": ""MM""}, ""dimension_tokens"": [{""value"": 25.0, ""unit"": ""MM""}], ""dished_end_dimensions"": null, ""nominal_bore"": null, ""metric_thread"": null, ""voltage_class"": null}",,,,,,,,,,,NTPC.pdf,141,"Organization: NTPC | Item: ERW MS BLACK PIPE SIZE 25 MM IS-1239/79 | Type: pipe/piping | Category: Mechanical | Material Code: M1619306055 | Dimensions: {""value"": 25.0, ""unit"": ""MM""} | Unit: M",MIRA_materials_master_FINAL_with_org(1),1,1
NTPC,NTPC Limited,M1705511402,150MM NB MS HEAVY DUTY PLAIN END TEE,pipe fitting,Other Material/Equipment,NO,100.0,,,,"{""value"": 150.0, ""unit"": ""MM""}",,,"{""material_grade"": null, ""pressure_rating"": null, ""dimensions"": {""value"": 150.0, ""unit"": ""MM""}, ""dimension_tokens"": [{""value"": 150.0, ""unit"": ""MM""}], ""dished_end_dimensions"": null, ""nominal_bore"": null, ""metric_thread"": null, ""voltage_class"": null}",,,,,,,,,,,NTPC.pdf,150,"Organization: NTPC | Item: 150MM NB MS HEAVY DUTY PLAIN END TEE | Type: pipe fitting | Category: Other Material/Equipment | Material Code: M1705511402 | Dimensions: {""value"": 150.0, ""unit"": ""MM""} | Unit: NO",MIRA_materials_master_FINAL_with_org(1),1,1
NTPC,NTPC Limited,M1709310807,"MS ERW PIPE, MEDIUM GR, 100 MM NB",pipe/piping,Mechanical,NO,20.0,,,,"{""value"": 100.0, ""unit"": ""MM""}",,,"{""material_grade"": null, ""pressure_rating"": null, ""dimensions"": {""value"": 100.0, ""unit"": ""MM""}, ""dimension_tokens"": [{""value"": 100.0, ""unit"": ""MM""}], ""dished_end_dimensions"": null, ""nominal_bore"": null, ""metric_thread"": null, ""voltage_class"": null}",,,,,,,,,,,NTPC.pdf,152,"Organization: NTPC | Item: MS ERW PIPE, MEDIUM GR, 100 MM NB | Type: pipe/piping | Category: Mechanical | Material Code: M1709310807 | Dimensions: {""value"": 100.0, ""unit"": ""MM""} | Unit: NO",MIRA_materials_master_FINAL_with_org(1),1,1
NTPC,NTPC Limited,M1728520308,"HEX NUT M20 IS 1367 (PART 14),SS 316",,Other Material/Equipment,NO,30.0,,,SS316,,,,"{""material_grade"": ""SS316"", ""pressure_rating"": null, ""dimensions"": null, ""dimension_tokens"": [], ""dished_end_dimensions"": null, ""nominal_bore"": null, ""metric_thread"": null, ""voltage_class"": null}",,,,,,,,,,,NTPC.pdf,155,"Organization: NTPC | Item: HEX NUT M20 IS 1367 (PART 14),SS 316 | Category: Other Material/Equipment | Material Code: M1728520308 | Material Grade: SS316 | Unit: NO",MIRA_materials_master_FINAL_with_org(1),1,1
NTPC,NTPC Limited,M1735992044,GI PIPE -15 MM DIA MEDIUM DUTY IS:1239,pipe/piping,Mechanical,NO,4.0,,,,"{""value"": 15.0, ""unit"": ""MM""}",,,"{""material_grade"": null, ""pressure_rating"": null, ""dimensions"": {""value"": 15.0, ""unit"": ""MM""}, ""dimension_tokens"": [{""value"": 15.0, ""unit"": ""MM""}], ""dished_end_dimensions"": null, ""nominal_bore"": null, ""metric_thread"": null, ""voltage_class"": null}",,,,,,,,,,,NTPC.pdf,157,"Organization: NTPC | Item: GI PIPE -15 MM DIA MEDIUM DUTY IS:1239 | Type: pipe/piping | Category: Mechanical | Material Code: M1735992044 | Dimensions: {""value"": 15.0, ""unit"": ""MM""} | Unit: NO",MIRA_materials_master_FINAL_with_org(1),1,1
NTPC,NTPC Limited,M1735992062,GI PIPE -20 MM DIA MEDIUM DUTY IS:1239,pipe/piping,Mechanical,NO,28.0,,,,"{""value"": 20.0, ""unit"": ""MM""}",,,"{""material_grade"": null, ""pressure_rating"": null, ""dimensions"": {""value"": 20.0, ""unit"": ""MM""}, ""dimension_tokens"": [{""value"": 20.0, ""unit"": ""MM""}], ""dished_end_dimensions"": null, ""nominal_bore"": null, ""metric_thread"": null, ""voltage_class"": null}",,,,,,,,,,,NTPC.pdf,157,"Organization: NTPC | Item: GI PIPE -20 MM DIA MEDIUM DUTY IS:1239 | Type: pipe/piping | Category: Mechanical | Material Code: M1735992062 | Dimensions: {""value"": 20.0, ""unit"": ""MM""} | Unit: NO",MIRA_materials_master_FINAL_with_org(1),1,1
NTPC,NTPC Limited,M1737193636,GI PIPE -65 MM DIA MEDIUM DUTY IS:1239,pipe/piping,Mechanical,NO,8.0,,,,"{""value"": 65.0, ""unit"": ""MM""}",,,"{""material_grade"": null, ""pressure_rating"": null, ""dimensions"": {""value"": 65.0, ""unit"": ""MM""}, ""dimension_tokens"": [{""value"": 65.0, ""unit"": ""MM""}], ""dished_end_dimensions"": null, ""nominal_bore"": null, ""metric_thread"": null, ""voltage_class"": null}",,,,,,,,,,,NTPC.pdf,157,"Organization: NTPC | Item: GI PIPE -65 MM DIA MEDIUM DUTY IS:1239 | Type: pipe/piping | Category: Mechanical | Material Code: M1737193636 | Dimensions: {""value"": 65.0, ""unit"": ""MM""} | Unit: NO",MIRA_materials_master_FINAL_with_org(1),1,1
BHEL,BHEL,HE9711823020,DISHED END 2:1 ELLIP ID1700X25THK(MIN),,Other Material/Equipment,EA,2.0,,,SA516 GR70,"{""internal_diameter"": {""value"": 1700.0, ""unit"": ""MM""}, ""thickness"": {""value"": 25.0, ""unit"": ""MM""}}","{""product_specification"": ""HE51370"", ""drawing_number"": ""31750102724""}","{""technical_source"": ""BHEL RFQ technical section""}","{""material_grade"": null, ""pressure_rating"": null, ""dimensions"": {""internal_diameter"": {""value"": 1700.0, ""unit"": ""MM""}, ""thickness"": {""value"": 25.0, ""unit"": ""MM""}}, ""dimension_tokens"": [], ""dished_end_dimensions"": {""internal_diameter"": {""value"": 1700.0, ""unit"": ""MM""}, ""thickness"": {""value"": 25.0, ""unit"": ""MM""}}, ""nominal_bore"": null, ""metric_thread"": null, ""voltage_class"": null}",,,,,,,,,,,GAIL.pdf,1,"Organization: BHEL | Item: DISHED END 2:1 ELLIP ID1700X25THK(MIN) | Category: Other Material/Equipment | Material Code: HE9711823020 | Material Grade: SA516 GR70 | Dimensions: {""internal_diameter"": {""value"": 1700.0, ""unit"": ""MM""}, ""thickness"": {""value"": 25.0, ""unit"": ""MM""}} | Unit: EA | Specifications: {""product_specification"": ""HE51370"", ""drawing_number"": ""31750102724""} | Other Attributes: {""technical_source"": ""BHEL RFQ technical section""}",MIRA_materials_master_FINAL_with_org(1),2,2
BHEL,BHEL,HE9711823039,DISHED END 2:1 ELLIP ID1770X56THK(MIN),,Other Material/Equipment,EA,2.0,,,SA516 GR70,"{""internal_diameter"": {""value"": 1770.0, ""unit"": ""MM""}, ""thickness"": {""value"": 56.0, ""unit"": ""MM""}}","{""product_specification"": ""HE51370"", ""drawing_number"": ""31750102724""}","{""technical_source"": ""BHEL RFQ technical section""}","{""material_grade"": null, ""pressure_rating"": null, ""dimensions"": {""internal_diameter"": {""value"": 1770.0, ""unit"": ""MM""}, ""thickness"": {""value"": 56.0, ""unit"": ""MM""}}, ""dimension_tokens"": [], ""dished_end_dimensions"": {""internal_diameter"": {""value"": 1770.0, ""unit"": ""MM""}, ""thickness"": {""value"": 56.0, ""unit"": ""MM""}}, ""nominal_bore"": null, ""metric_thread"": null, ""voltage_class"": null}",,,,,,,,,,,GAIL.pdf,1,"Organization: BHEL | Item: DISHED END 2:1 ELLIP ID1770X56THK(MIN) | Category: Other Material/Equipment | Material Code: HE9711823039 | Material Grade: SA516 GR70 | Dimensions: {""internal_diameter"": {""value"": 1770.0, ""unit"": ""MM""}, ""thickness"": {""value"": 56.0, ""unit"": ""MM""}} | Unit: EA | Specifications: {""product_specification"": ""HE51370"", ""drawing_number"": ""31750102724""} | Other Attributes: {""technical_source"": ""BHEL RFQ technical section""}",MIRA_materials_master_FINAL_with_org(1),2,2
BHEL,BHEL,HE9711823047,DISHED END 2:1 ELLIP ID1750X73THK(MIN),,Other Material/Equipment,EA,2.0,,,SA516 GR70,"{""internal_diameter"": {""value"": 1750.0, ""unit"": ""MM""}, ""thickness"": {""value"": 73.0, ""unit"": ""MM""}}","{""product_specification"": ""HE51370"", ""drawing_number"": ""31750102724""}","{""technical_source"": ""BHEL RFQ technical section""}","{""material_grade"": null, ""pressure_rating"": null, ""dimensions"": {""internal_diameter"": {""value"": 1750.0, ""unit"": ""MM""}, ""thickness"": {""value"": 73.0, ""unit"": ""MM""}}, ""dimension_tokens"": [], ""dished_end_dimensions"": {""internal_diameter"": {""value"": 1750.0, ""unit"": ""MM""}, ""thickness"": {""value"": 73.0, ""unit"": ""MM""}}, ""nominal_bore"": null, ""metric_thread"": null, ""voltage_class"": null}",,,,,,,,,,,GAIL.pdf,1,"Organization: BHEL | Item: DISHED END 2:1 ELLIP ID1750X73THK(MIN) | Category: Other Material/Equipment | Material Code: HE9711823047 | Material Grade: SA516 GR70 | Dimensions: {""internal_diameter"": {""value"": 1750.0, ""unit"": ""MM""}, ""thickness"": {""value"": 73.0, ""unit"": ""MM""}} | Unit: EA | Specifications: {""product_specification"": ""HE51370"", ""drawing_number"": ""31750102724""} | Other Attributes: {""technical_source"": ""BHEL RFQ technical section""}",MIRA_materials_master_FINAL_with_org(1),2,2
BHEL,BHEL,HE9711823055,DISHED END 2:1 ELLIP ID1400X34THK(MIN),,Other Material/Equipment,EA,2.0,,,SA387 GR12 CL2,"{""internal_diameter"": {""value"": 1400.0, ""unit"": ""MM""}, ""thickness"": {""value"": 34.0, ""unit"": ""MM""}}","{""product_specification"": ""HE51527"", ""drawing_number"": ""31750102724""}","{""technical_source"": ""BHEL RFQ technical section""}","{""material_grade"": null, ""pressure_rating"": null, ""dimensions"": {""internal_diameter"": {""value"": 1400.0, ""unit"": ""MM""}, ""thickness"": {""value"": 34.0, ""unit"": ""MM""}}, ""dimension_tokens"": [], ""dished_end_dimensions"": {""internal_diameter"": {""value"": 1400.0, ""unit"": ""MM""}, ""thickness"": {""value"": 34.0, ""unit"": ""MM""}}, ""nominal_bore"": null, ""metric_thread"": null, ""voltage_class"": null}",,,,,,,,,,,GAIL.pdf,1,"Organization: BHEL | Item: DISHED END 2:1 ELLIP ID1400X34THK(MIN) | Category: Other Material/Equipment | Material Code: HE9711823055 | Material Grade: SA387 GR12 CL2 | Dimensions: {""internal_diameter"": {""value"": 1400.0, ""unit"": ""MM""}, ""thickness"": {""value"": 34.0, ""unit"": ""MM""}} | Unit: EA | Specifications: {""product_specification"": ""HE51527"", ""drawing_number"": ""31750102724""} | Other Attributes: {""technical_source"": ""BHEL RFQ technical section""}",MIRA_materials_master_FINAL_with_org(1),2,2
BHEL,BHEL,31390331032,PLUG IN BRUSH HOLDER; DIA 32MM SINGLE HOLDER DESIGN FOR 1.5MW TO 110MW TGS; DRG 3-139-03-31032,,,EA,110,,,,,,,,,,,,,,,,,,BHEL_brush_holder_C9AYS00017.pdf,,Organization: BHEL | Item: PLUG IN BRUSH HOLDER; DIA 32MM SINGLE HOLDER DESIGN FOR 1.5MW TO 110MW TGS; DRG 3-139-03-31032 | Material Code: 31390331032 | Unit: EA | Quantity: 110,batch1_staging (1)(1),1,1
BHEL,BHEL,TC9762926013,OXIDATION BLOWER 2X800MW NTPC SINGRAULI; SPEC TC62926-01,,,EA,4.000,,,,,,,,,,,,,,,,,,BHEL_NTPC_Singrauli_oxidation_blower.pdf,,Organization: BHEL | Item: OXIDATION BLOWER 2X800MW NTPC SINGRAULI; SPEC TC62926-01 | Material Code: TC9762926013 | Unit: EA | Quantity: 4.000,batch1_staging (1)(1),1,1
BHEL,BHEL,TC9762926021,VFD FOR OXIDATION BLOWER-NTPC SINGRAULI; SPEC TC62926-02,,,EA,4.000,,,,,,,,,,,,,,,,,,BHEL_NTPC_Singrauli_oxidation_blower.pdf,,Organization: BHEL | Item: VFD FOR OXIDATION BLOWER-NTPC SINGRAULI; SPEC TC62926-02 | Material Code: TC9762926021 | Unit: EA | Quantity: 4.000,batch1_staging (1)(1),1,1
BHEL,BHEL,TC9762926030,DRY TYPE TRANSFORMER FOR-NTPC SINGRAULI; SPEC TC62926-03,,,EA,4.000,,,,,,,,,,,,,,,,,,BHEL_NTPC_Singrauli_oxidation_blower.pdf,,Organization: BHEL | Item: DRY TYPE TRANSFORMER FOR-NTPC SINGRAULI; SPEC TC62926-03 | Material Code: TC9762926030 | Unit: EA | Quantity: 4.000,batch1_staging (1)(1),1,1
BHEL,BHEL,TC9762932005,OXIDATION BLOWER 2X800MW DVC KODERMA; SPEC TC62932-00,,,EA,4.000,,,,,,,,,,,,,,,,,,BHEL_DVC_Koderma_blower.pdf,,Organization: BHEL | Item: OXIDATION BLOWER 2X800MW DVC KODERMA; SPEC TC62932-00 | Material Code: TC9762932005 | Unit: EA | Quantity: 4.000,batch1_staging (1)(1),1,1
BHEL,BHEL,HE9718814027,DISHED END TORI(ID1500X13(MIN)),,Other Material/Equipment,EA,2.0,,,SA516 GR70,"{""internal_diameter"": {""value"": 1500.0, ""unit"": ""MM""}, ""thickness"": {""value"": 13.0, ""unit"": ""MM""}}","{""product_specification"": ""HE51370"", ""drawing_number"": ""41622600340""}","{""technical_source"": ""BHEL RFQ technical section""}","{""material_grade"": null, ""pressure_rating"": null, ""dimensions"": {""internal_diameter"": {""value"": 1500.0, ""unit"": ""MM""}, ""thickness"": {""value"": 13.0, ""unit"": ""MM""}}, ""dimension_tokens"": [], ""dished_end_dimensions"": {""internal_diameter"": {""value"": 1500.0, ""unit"": ""MM""}, ""thickness"": {""value"": 13.0, ""unit"": ""MM""}}, ""nominal_bore"": null, ""metric_thread"": null, ""voltage_class"": null}",,,,,,,,,,,GAIL.pdf,1,"Organization: BHEL | Item: DISHED END TORI(ID1500X13(MIN)) | Category: Other Material/Equipment | Material Code: HE9718814027 | Material Grade: SA516 GR70 | Dimensions: {""internal_diameter"": {""value"": 1500.0, ""unit"": ""MM""}, ""thickness"": {""value"": 13.0, ""unit"": ""MM""}} | Unit: EA | Specifications: {""product_specification"": ""HE51370"", ""drawing_number"": ""41622600340""} | Other Attributes: {""technical_source"": ""BHEL RFQ technical section""}",MIRA_materials_master_FINAL_with_org(1),2,2
SAIL,SAIL,SAIL-BSL-PUR-OT-12.2-P07-03,SLIDE GATE TA ST TOP PLATE; SLIDE GATE SYSTEM FOR STEEL TEEMING LADLES 300MT SMS-II; SYSTEM FL 6300; ALUMINUM GRAPHITE,,,NOS,2500,,,,,,,,,,,,,,,,,,SAIL_Bokaro_slide_gate_BSL-PUR-OT-12.2-P07.pdf,,Organization: SAIL | Item: SLIDE GATE TA ST TOP PLATE; SLIDE GATE SYSTEM FOR STEEL TEEMING LADLES 300MT SMS-II; SYSTEM FL 6300; ALUMINUM GRAPHITE | Material Code: SAIL-BSL-PUR-OT-12.2-P07-03 | Unit: NOS | Quantity: 2500,batch1_staging (1)(1),1,1
SAIL,SAIL,SAIL-BSL-PUR-OT-12.2-P07-04,SLIDE GATE TA SL BOTTOM PLATE; SLIDE GATE SYSTEM FOR STEEL TEEMING LADLES 300MT SMS-II; SYSTEM FL 6300; ALUMINUM GRAPHITE,,,NOS,2500,,,,,,,,,,,,,,,,,,SAIL_Bokaro_slide_gate_BSL-PUR-OT-12.2-P07.pdf,,Organization: SAIL | Item: SLIDE GATE TA SL BOTTOM PLATE; SLIDE GATE SYSTEM FOR STEEL TEEMING LADLES 300MT SMS-II; SYSTEM FL 6300; ALUMINUM GRAPHITE | Material Code: SAIL-BSL-PUR-OT-12.2-P07-04 | Unit: NOS | Quantity: 2500,batch1_staging (1)(1),1,1
SAIL,SAIL,SAIL-BSL-PUR-OT-12.2-P07-01,SLIDE GATE TA UPPER NOZZLE; SLIDE GATE SYSTEM FOR STEEL TEEMING LADLES 300MT SMS-II; SYSTEM FL 6300; ALUMINUM GRAPHITE,,,NOS,167,,,,,,,,,,,,,,,,,,SAIL_Bokaro_slide_gate_BSL-PUR-OT-12.2-P07.pdf,,Organization: SAIL | Item: SLIDE GATE TA UPPER NOZZLE; SLIDE GATE SYSTEM FOR STEEL TEEMING LADLES 300MT SMS-II; SYSTEM FL 6300; ALUMINUM GRAPHITE | Material Code: SAIL-BSL-PUR-OT-12.2-P07-01 | Unit: NOS | Quantity: 167,batch1_staging (1)(1),1,1
SAIL,SAIL,SAIL-BSL-PUR-OT-12.2-P07-02,SLIDE GATE TA LOWER NOZZLE; SLIDE GATE SYSTEM FOR STEEL TEEMING LADLES 300MT SMS-II; SYSTEM FL 6300; ALUMINUM GRAPHITE,,,NOS,500,,,,,,,,,,,,,,,,,,SAIL_Bokaro_slide_gate_BSL-PUR-OT-12.2-P07.pdf,,Organization: SAIL | Item: SLIDE GATE TA LOWER NOZZLE; SLIDE GATE SYSTEM FOR STEEL TEEMING LADLES 300MT SMS-II; SYSTEM FL 6300; ALUMINUM GRAPHITE | Material Code: SAIL-BSL-PUR-OT-12.2-P07-02 | Unit: NOS | Quantity: 500,batch1_staging (1)(1),1,1
SAIL,SAIL,SAIL-BSL-PUR-OT-12.2-P07-05,SLIDE GATE AIR SETTING CEMENT; SLIDE GATE SYSTEM FOR STEEL TEEMING LADLES 300MT SMS-II; 3.0 KG/HEAT,,,MT,2.5,,,,,,,,,,,,,,,,,,SAIL_Bokaro_slide_gate_BSL-PUR-OT-12.2-P07.pdf,,Organization: SAIL | Item: SLIDE GATE AIR SETTING CEMENT; SLIDE GATE SYSTEM FOR STEEL TEEMING LADLES 300MT SMS-II; 3.0 KG/HEAT | Material Code: SAIL-BSL-PUR-OT-12.2-P07-05 | Unit: MT | Quantity: 2.5,batch1_staging (1)(1),1,1
SAIL,SAIL,SAIL-BSL-PUR-OT-12.2-P07-06,SLIDE GATE H/A MASTIC; SLIDE GATE SYSTEM FOR STEEL TEEMING LADLES 300MT SMS-II,,,MT,0.75,,,,,,,,,,,,,,,,,,SAIL_Bokaro_slide_gate_BSL-PUR-OT-12.2-P07.pdf,,Organization: SAIL | Item: SLIDE GATE H/A MASTIC; SLIDE GATE SYSTEM FOR STEEL TEEMING LADLES 300MT SMS-II | Material Code: SAIL-BSL-PUR-OT-12.2-P07-06 | Unit: MT | Quantity: 0.75,batch1_staging (1)(1),1,1
IOCL,Indian Oil Corporation Limited,IOCL-PWVDM24021-PN3109,GRUB SCREW FOR CASE W/R; PART NO 3109; CRITICAL PROPRIETARY SPARE FOR KSB MAKE BOOSTER PUMPS AT WRPL VADINAR,,,EA,20,,,,,,,,,,,,,,,,,,IOCL_WRPL_Vadinar_KSB_spares_PWVDM24021.pdf,,Organization: Indian Oil Corporation Limited | Item: GRUB SCREW FOR CASE W/R; PART NO 3109; CRITICAL PROPRIETARY SPARE FOR KSB MAKE BOOSTER PUMPS AT WRPL VADINAR | Material Code: IOCL-PWVDM24021-PN3109 | Unit: EA | Quantity: 20,batch1_staging (1)(1),1,1
IOCL,Indian Oil Corporation Limited,IOCL-PWVDM24021-PN3419,BUSH LOCKING GRUB SCREW; PART NO 3419; CRITICAL PROPRIETARY SPARE FOR KSB MAKE BOOSTER PUMPS AT WRPL VADINAR,,,EA,20,,,,,,,,,,,,,,,,,,IOCL_WRPL_Vadinar_KSB_spares_PWVDM24021.pdf,,Organization: Indian Oil Corporation Limited | Item: BUSH LOCKING GRUB SCREW; PART NO 3419; CRITICAL PROPRIETARY SPARE FOR KSB MAKE BOOSTER PUMPS AT WRPL VADINAR | Material Code: IOCL-PWVDM24021-PN3419 | Unit: EA | Quantity: 20,batch1_staging (1)(1),1,1
IOCL,Indian Oil Corporation Limited,IOCL-PWVDM24021-PN527,UPPER BEARING BUSH; PART NO 527; CRITICAL PROPRIETARY SPARE FOR KSB MAKE BOOSTER PUMPS AT WRPL VADINAR,,,EA,4,,,,,,,,,,,,,,,,,,IOCL_WRPL_Vadinar_KSB_spares_PWVDM24021.pdf,,Organization: Indian Oil Corporation Limited | Item: UPPER BEARING BUSH; PART NO 527; CRITICAL PROPRIETARY SPARE FOR KSB MAKE BOOSTER PUMPS AT WRPL VADINAR | Material Code: IOCL-PWVDM24021-PN527 | Unit: EA | Quantity: 4,batch1_staging (1)(1),1,1
IOCL,Indian Oil Corporation Limited,IOCL-PWVDM24021-PN403,HEAD SHAFT; PART NO 403; CRITICAL PROPRIETARY SPARE FOR KSB MAKE BOOSTER PUMPS AT WRPL VADINAR,,,EA,1,,,,,,,,,,,,,,,,,,IOCL_WRPL_Vadinar_KSB_spares_PWVDM24021.pdf,,Organization: Indian Oil Corporation Limited | Item: HEAD SHAFT; PART NO 403; CRITICAL PROPRIETARY SPARE FOR KSB MAKE BOOSTER PUMPS AT WRPL VADINAR | Material Code: IOCL-PWVDM24021-PN403 | Unit: EA | Quantity: 1,batch1_staging (1)(1),1,1
IOCL,Indian Oil Corporation Limited,IOCL-PWVDM24021-PN404,PUMP SHAFT; PART NO 404; CRITICAL PROPRIETARY SPARE FOR KSB MAKE BOOSTER PUMPS AT WRPL VADINAR,,,EA,1,,,,,,,,,,,,,,,,,,IOCL_WRPL_Vadinar_KSB_spares_PWVDM24021.pdf,,Organization: Indian Oil Corporation Limited | Item: PUMP SHAFT; PART NO 404; CRITICAL PROPRIETARY SPARE FOR KSB MAKE BOOSTER PUMPS AT WRPL VADINAR | Material Code: IOCL-PWVDM24021-PN404 | Unit: EA | Quantity: 1,batch1_staging (1)(1),1,1
IOCL,Indian Oil Corporation Limited,IOCL-PWVDM24021-PN341,DIFFUSER BUSH; PART NO 341; CRITICAL PROPRIETARY SPARE FOR KSB MAKE BOOSTER PUMPS AT WRPL VADINAR,,,EA,4,,,,,,,,,,,,,,,,,,IOCL_WRPL_Vadinar_KSB_spares_PWVDM24021.pdf,,Organization: Indian Oil Corporation Limited | Item: DIFFUSER BUSH; PART NO 341; CRITICAL PROPRIETARY SPARE FOR KSB MAKE BOOSTER PUMPS AT WRPL VADINAR | Material Code: IOCL-PWVDM24021-PN341 | Unit: EA | Quantity: 4,batch1_staging (1)(1),1,1
IOCL,Indian Oil Corporation Limited,IOCL-PWVDM24021-PN405,TRANSMISSION SHAFT; PART NO 405; CRITICAL PROPRIETARY SPARE FOR KSB MAKE BOOSTER PUMPS AT WRPL VADINAR,,,EA,1,,,,,,,,,,,,,,,,,,IOCL_WRPL_Vadinar_KSB_spares_PWVDM24021.pdf,,Organization: Indian Oil Corporation Limited | Item: TRANSMISSION SHAFT; PART NO 405; CRITICAL PROPRIETARY SPARE FOR KSB MAKE BOOSTER PUMPS AT WRPL VADINAR | Material Code: IOCL-PWVDM24021-PN405 | Unit: EA | Quantity: 1,batch1_staging (1)(1),1,1
IOCL,Indian Oil Corporation Limited,IOCL-PWVDM24021-PN440,IMPELLER KEY; PART NO 440; CRITICAL PROPRIETARY SPARE FOR KSB MAKE BOOSTER PUMPS AT WRPL VADINAR,,,EA,2,,,,,,,,,,,,,,,,,,IOCL_WRPL_Vadinar_KSB_spares_PWVDM24021.pdf,,Organization: Indian Oil Corporation Limited | Item: IMPELLER KEY; PART NO 440; CRITICAL PROPRIETARY SPARE FOR KSB MAKE BOOSTER PUMPS AT WRPL VADINAR | Material Code: IOCL-PWVDM24021-PN440 | Unit: EA | Quantity: 2,batch1_staging (1)(1),1,1
IOCL,Indian Oil Corporation Limited,IOCL-PWVDM24021-PN449,COUPLING KEY; PART NO 449; CRITICAL PROPRIETARY SPARE FOR KSB MAKE BOOSTER PUMPS AT WRPL VADINAR,,,EA,2,,,,,,,,,,,,,,,,,,IOCL_WRPL_Vadinar_KSB_spares_PWVDM24021.pdf,,Organization: Indian Oil Corporation Limited | Item: COUPLING KEY; PART NO 449; CRITICAL PROPRIETARY SPARE FOR KSB MAKE BOOSTER PUMPS AT WRPL VADINAR | Material Code: IOCL-PWVDM24021-PN449 | Unit: EA | Quantity: 2,batch1_staging (1)(1),1,1
IOCL,Indian Oil Corporation Limited,IOCL-PWVDM24021-PN446,MUFF COUPLING; PART NO 446; CRITICAL PROPRIETARY SPARE FOR KSB MAKE BOOSTER PUMPS AT WRPL VADINAR,,,EA,1,,,,,,,,,,,,,,,,,,IOCL_WRPL_Vadinar_KSB_spares_PWVDM24021.pdf,,Organization: Indian Oil Corporation Limited | Item: MUFF COUPLING; PART NO 446; CRITICAL PROPRIETARY SPARE FOR KSB MAKE BOOSTER PUMPS AT WRPL VADINAR | Material Code: IOCL-PWVDM24021-PN446 | Unit: EA | Quantity: 1,batch1_staging (1)(1),1,1
WBPDCL,WBPDCL,M18-F03-00095,LANDING VALVE TYPE A SS IS 5290 WITH CI WHEEL SS SPINDLE 63MM INSTANTANEOUS SS FEMALE COUPLING AND PVC BLANK CAP; HSN 8481,,,NO,30,,,,,,,,,,,,,,,,,,WBPDCL_SgTPP_fire_extinguisher_E3406.pdf,,Organization: WBPDCL | Item: LANDING VALVE TYPE A SS IS 5290 WITH CI WHEEL SS SPINDLE 63MM INSTANTANEOUS SS FEMALE COUPLING AND PVC BLANK CAP; HSN 8481 | Material Code: M18-F03-00095 | Unit: NO | Quantity: 30,batch1_staging (1)(1),1,1
WBPDCL,WBPDCL,M18-F03-00231,POWDER DRY CHEMICAL POWDER B AND C TYPE SODIUM BICARBONATE FOR CHEMICAL; HSN 3813,,,KG,3000,,,,,,,,,,,,,,,,,,WBPDCL_SgTPP_fire_extinguisher_E3406.pdf,,Organization: WBPDCL | Item: POWDER DRY CHEMICAL POWDER B AND C TYPE SODIUM BICARBONATE FOR CHEMICAL; HSN 3813 | Material Code: M18-F03-00231 | Unit: KG | Quantity: 3000,batch1_staging (1)(1),1,1
WBPDCL,WBPDCL,M13-V01-01019,SPINDLE WITH CHECK NUT SS304 OF LANDING VALVE IS 5290; HSN 8481,,,NO,20,,,,,,,,,,,,,,,,,,WBPDCL_SgTPP_fire_extinguisher_E3406.pdf,,Organization: WBPDCL | Item: SPINDLE WITH CHECK NUT SS304 OF LANDING VALVE IS 5290; HSN 8481 | Material Code: M13-V01-01019 | Unit: NO | Quantity: 20,batch1_staging (1)(1),1,1
WBPDCL,WBPDCL,M11-F03-00008,MECHANICAL FOAM LIQUID FOR EXTINGUISHING OIL FIRE FIRE EXTINGUISHER; HSN 3824,,,L,3000,,,,,,,,,,,,,,,,,,WBPDCL_SgTPP_fire_extinguisher_E3406.pdf,,Organization: WBPDCL | Item: MECHANICAL FOAM LIQUID FOR EXTINGUISHING OIL FIRE FIRE EXTINGUISHER; HSN 3824 | Material Code: M11-F03-00008 | Unit: L | Quantity: 3000,batch1_staging (1)(1),1,1
WBPDCL,WBPDCL,M13-V01-01021,LANDING VALVE WHEEL 6 INCH MATERIAL CI GRADE 20; HSN 8481,,,NO,100,,,,,,,,,,,,,,,,,,WBPDCL_SgTPP_fire_extinguisher_E3406.pdf,,Organization: WBPDCL | Item: LANDING VALVE WHEEL 6 INCH MATERIAL CI GRADE 20; HSN 8481 | Material Code: M13-V01-01021 | Unit: NO | Quantity: 100,batch1_staging (1)(1),1,1
WBPDCL,WBPDCL,M13-V01-01020,WASHER A16 SS MATERIAL OF LANDING VALVE IS 5290; HSN 7318,,,NO,100,,,,,,,,,,,,,,,,,,WBPDCL_SgTPP_fire_extinguisher_E3406.pdf,,Organization: WBPDCL | Item: WASHER A16 SS MATERIAL OF LANDING VALVE IS 5290; HSN 7318 | Material Code: M13-V01-01020 | Unit: NO | Quantity: 100,batch1_staging (1)(1),1,1
WBPDCL,WBPDCL,M13-V01-01018,WASHER A12 SS MATERIAL OF LANDING VALVE IS 5290; HSN 7318,,,NO,100,,,,,,,,,,,,,,,,,,WBPDCL_SgTPP_fire_extinguisher_E3406.pdf,,Organization: WBPDCL | Item: WASHER A12 SS MATERIAL OF LANDING VALVE IS 5290; HSN 7318 | Material Code: M13-V01-01018 | Unit: NO | Quantity: 100,batch1_staging (1)(1),1,1
WBPDCL,WBPDCL,M13-F02-00065,HT NUT OF LANDING VALVE WHEEL IS 5290; HSN 7318,,,NO,200,,,,,,,,,,,,,,,,,,WBPDCL_SgTPP_fire_extinguisher_E3406.pdf,,Organization: WBPDCL | Item: HT NUT OF LANDING VALVE WHEEL IS 5290; HSN 7318 | Material Code: M13-F02-00065 | Unit: NO | Quantity: 200,batch1_staging (1)(1),1,1
WBPDCL,WBPDCL,M15-F02-00005,HT NUT M12 OF LANDING VALVE IS 5290; HSN 7318,,,NO,200,,,,,,,,,,,,,,,,,,WBPDCL_SgTPP_fire_extinguisher_E3406.pdf,,Organization: WBPDCL | Item: HT NUT M12 OF LANDING VALVE IS 5290; HSN 7318 | Material Code: M15-F02-00005 | Unit: NO | Quantity: 200,batch1_staging (1)(1),1,1
WBPDCL,WBPDCL,M13-F02-00066,COUPLING WASHER FOR LANDING VALVE IS 5290; HSN 7318,,,NO,100,,,,,,,,,,,,,,,,,,WBPDCL_SgTPP_fire_extinguisher_E3406.pdf,,Organization: WBPDCL | Item: COUPLING WASHER FOR LANDING VALVE IS 5290; HSN 7318 | Material Code: M13-F02-00066 | Unit: NO | Quantity: 100,batch1_staging (1)(1),1,1
HCL,HCL,093600268,"80V -140V AC,50 Hz, 18W-20W LED FLOOD LIGHT WITH LENS, INBUILT DRIVER, HEAT RESISTANT TOUGHENED GLASS FRONT COVER, DIE CAST ALUMINIUM HOUSING, BRACKET MOUNTING, >=130 Lm/Watt, CCT:5700-6500 DEGREE K, CRI-70, BEAM ANGLE-120-degree, IP 66",,,NUMBER,400,,,,,,,,,,,,,,,,,,,,"Organization: HCL | Item: 80V -140V AC,50 Hz, 18W-20W LED FLOOD LIGHT WITH LENS, INBUILT DRIVER, HEAT RESISTANT TOUGHENED GLASS FRONT COVER, DIE CAST ALUMINIUM HOUSING, BRACKET MOUNTING, >=130 Lm/Watt, CCT:5700-6500 DEGREE K, CRI-70, BEAM ANGLE-120-degree, IP 66 | Material Code: 093600268 | Unit: NUMBER | Quantity: 400",combined_materials_staging (1) (1)(1),1,1
NALCO,NALCO,71103012920,DRIVER SEAT with BEML part no.951OS02008 required for BEML make Water Sprinkler Machine MODEL WS28-2,,,EA,2,,,,,,,,,,,,,,,,,,,,Organization: NALCO | Item: DRIVER SEAT with BEML part no.951OS02008 required for BEML make Water Sprinkler Machine MODEL WS28-2 | Material Code: 71103012920 | Unit: EA | Quantity: 2,combined_materials_staging (1) (1)(1),2,2
NALCO,NALCO,71103002110,"SEAL KIT REAR SUSPENSION, 778SU00012 for BEML WATER SPRINKLER MODEL WS28-2",,,EA,5,,,,,,,,,,,,,,,,,,,,"Organization: NALCO | Item: SEAL KIT REAR SUSPENSION, 778SU00012 for BEML WATER SPRINKLER MODEL WS28-2 | Material Code: 71103002110 | Unit: EA | Quantity: 5",combined_materials_staging (1) (1)(1),2,2
NALCO,NALCO,71103002100,REAR SUSPENSION ASSLY. PT NO.778SU01102 for BEML WATER SPRINKLER MODEL WS28-2,,,EA,2,,,,,,,,,,,,,,,,,,,,Organization: NALCO | Item: REAR SUSPENSION ASSLY. PT NO.778SU01102 for BEML WATER SPRINKLER MODEL WS28-2 | Material Code: 71103002100 | Unit: EA | Quantity: 2,combined_materials_staging (1) (1)(1),2,2
NALCO,NALCO,71103011500,Rim assembly part no-787WT03001 for BEML WATER SPRINKLER MODEL WS28-2,,,EA,2,,,,,,,,,,,,,,,,,,,,Organization: NALCO | Item: Rim assembly part no-787WT03001 for BEML WATER SPRINKLER MODEL WS28-2 | Material Code: 71103011500 | Unit: EA | Quantity: 2,combined_materials_staging (1) (1)(1),2,2
NALCO,NALCO,71103011510,Wedge Band Part no-787WT10008 for BEML WATER SPRINKLER MODEL WS28-2,,,EA,2,,,,,,,,,,,,,,,,,,,,Organization: NALCO | Item: Wedge Band Part no-787WT10008 for BEML WATER SPRINKLER MODEL WS28-2 | Material Code: 71103011510 | Unit: EA | Quantity: 2,combined_materials_staging (1) (1)(1),2,2
NALCO,NALCO,71103011520,Hub Part no-787AX42948 for BEML WATER SPRINKLER MODEL WS28-2,,,EA,1,,,,,,,,,,,,,,,,,,,,Organization: NALCO | Item: Hub Part no-787AX42948 for BEML WATER SPRINKLER MODEL WS28-2 | Material Code: 71103011520 | Unit: EA | Quantity: 1,combined_materials_staging (1) (1)(1),2,2
NALCO,NALCO,71103002110,"SEAL KIT REAR SUSPENSION,778SU00012",sealing material,Mechanical,EA,5.0,,,,,{},{},"{""material_grade"": null, ""pressure_rating"": null, ""dimensions"": null, ""dimension_tokens"": [], ""dished_end_dimensions"": null, ""nominal_bore"": null, ""metric_thread"": null, ""voltage_class"": null}",,,,,,,,,,,nalco.pdf,1,"Organization: NALCO | Item: SEAL KIT REAR SUSPENSION,778SU00012 | Type: sealing material | Category: Mechanical | Material Code: 71103002110 | Unit: EA | Specifications: {} | Other Attributes: {}",MIRA_materials_master_FINAL_with_org(1),2,2
NALCO,NALCO,71103011500,Rim assembly part no- 787 WT 03001,,Other Material/Equipment,EA,2.0,,,,,{},{},"{""material_grade"": null, ""pressure_rating"": null, ""dimensions"": null, ""dimension_tokens"": [], ""dished_end_dimensions"": null, ""nominal_bore"": null, ""metric_thread"": null, ""voltage_class"": null}",,,,,,,,,,,nalco.pdf,1,Organization: NALCO | Item: Rim assembly part no- 787 WT 03001 | Category: Other Material/Equipment | Material Code: 71103011500 | Unit: EA | Specifications: {} | Other Attributes: {},MIRA_materials_master_FINAL_with_org(1),2,2
NALCO,NALCO,71103011510,Wedge Band Part no- 787 WT 10008,,Other Material/Equipment,EA,2.0,,,,,{},{},"{""material_grade"": null, ""pressure_rating"": null, ""dimensions"": null, ""dimension_tokens"": [], ""dished_end_dimensions"": null, ""nominal_bore"": null, ""metric_thread"": null, ""voltage_class"": null}",,,,,,,,,,,nalco.pdf,1,Organization: NALCO | Item: Wedge Band Part no- 787 WT 10008 | Category: Other Material/Equipment | Material Code: 71103011510 | Unit: EA | Specifications: {} | Other Attributes: {},MIRA_materials_master_FINAL_with_org(1),2,2
NALCO,NALCO,71103011520,Hub Part no- 787 AX 42948,,Other Material/Equipment,EA,1.0,,,,,{},{},"{""material_grade"": null, ""pressure_rating"": null, ""dimensions"": null, ""dimension_tokens"": [], ""dished_end_dimensions"": null, ""nominal_bore"": null, ""metric_thread"": null, ""voltage_class"": null}",,,,,,,,,,,nalco.pdf,1,Organization: NALCO | Item: Hub Part no- 787 AX 42948 | Category: Other Material/Equipment | Material Code: 71103011520 | Unit: EA | Specifications: {} | Other Attributes: {},MIRA_materials_master_FINAL_with_org(1),2,2
Indian Oil Corporation Limited,Indian Oil Corporation Limited,7301041753,"Motor, squirrel cage, 2.2 kW, 1500 rpm, 415 V, 50 Hz; M/C No. E0010/146439 01 006",motor,Electrical / Control,,,Siemens; Slide valve motor,,,,,,,,,,AMA 500L2A BSPYH,"Guwahati Refinery, Noonmati, Guwahati, Assam",,Spares for Indmax MAB motor ABB make,,,,,9,"Organization: Indian Oil Corporation Limited | Location: Guwahati Refinery, Noonmati, Guwahati, Assam | Item: Motor, squirrel cage, 2.2 kW, 1500 rpm, 415 V, 50 Hz; M/C No. E0010/146439 01 006 | Type: motor | Category: Electrical / Control | Section: Spares for Indmax MAB motor ABB make | Material Code: 7301041753 | Model: AMA 500L2A BSPYH | Make: Siemens; Slide valve motor",MIRA_Guwahati_Refinery_material_corpus_FINAL_with_org(1),1,1
Indian Oil Corporation Limited,Indian Oil Corporation Limited,7317040574,"LT motor, 4 kW, 415 V, squirrel cage, flange mount; M/C No. E009/138468 01 001",motor,Electrical / Control,,,Siemens; AOP Motor for MAB,,,,,,,,,,AMA 500L2A BSPYH,"Guwahati Refinery, Noonmati, Guwahati, Assam",,Spares for Indmax MAB motor ABB make,,,,,9,"Organization: Indian Oil Corporation Limited | Location: Guwahati Refinery, Noonmati, Guwahati, Assam | Item: LT motor, 4 kW, 415 V, squirrel cage, flange mount; M/C No. E009/138468 01 001 | Type: motor | Category: Electrical / Control | Section: Spares for Indmax MAB motor ABB make | Material Code: 7317040574 | Model: AMA 500L2A BSPYH | Make: Siemens; AOP Motor for MAB",MIRA_Guwahati_Refinery_material_corpus_FINAL_with_org(1),1,1
Indian Oil Corporation Limited,Indian Oil Corporation Limited,1151969563,Oil heater for expansion turbine,heater,Mechanical / Rotating Equipment,N2,,CYROSTAR S.A.S,,,,,,,790880661-01,,,ECO-120/32-D,"Guwahati Refinery, Noonmati, Guwahati, Assam",,Spares for SRU/N2 unit,,,,,9,"Organization: Indian Oil Corporation Limited | Location: Guwahati Refinery, Noonmati, Guwahati, Assam | Item: Oil heater for expansion turbine | Type: heater | Category: Mechanical / Rotating Equipment | Section: Spares for SRU/N2 unit | Material Code: 1151969563 | Part No: 790880661-01 | Model: ECO-120/32-D | Make: CYROSTAR S.A.S | Unit: N2",MIRA_Guwahati_Refinery_material_corpus_FINAL_with_org(1),1,1
Indian Oil Corporation Limited,Indian Oil Corporation Limited,7265030903,DE sleeve bearing - EFZLB 9-100 MAB motor,motor,Electrical / Control,,,ABB,,,,,,,,,,AMA 500L2A BSPYH,"Guwahati Refinery, Noonmati, Guwahati, Assam",,Spares for Indmax MAB motor ABB make,,,,,9,"Organization: Indian Oil Corporation Limited | Location: Guwahati Refinery, Noonmati, Guwahati, Assam | Item: DE sleeve bearing - EFZLB 9-100 MAB motor | Type: motor | Category: Electrical / Control | Section: Spares for Indmax MAB motor ABB make | Material Code: 7265030903 | Model: AMA 500L2A BSPYH | Make: ABB",MIRA_Guwahati_Refinery_material_corpus_FINAL_with_org(1),1,1
Indian Oil Corporation Limited,Indian Oil Corporation Limited,7265033903,NDE sleeve bearing - EFZLQ 9-100T,motor,Electrical / Control,,,ABB,,,,,,,,,,AMA 500L2A BSPYH,"Guwahati Refinery, Noonmati, Guwahati, Assam",,Spares for Indmax MAB motor ABB make,,,,,9,"Organization: Indian Oil Corporation Limited | Location: Guwahati Refinery, Noonmati, Guwahati, Assam | Item: NDE sleeve bearing - EFZLQ 9-100T | Type: motor | Category: Electrical / Control | Section: Spares for Indmax MAB motor ABB make | Material Code: 7265033903 | Model: AMA 500L2A BSPYH | Make: ABB",MIRA_Guwahati_Refinery_material_corpus_FINAL_with_org(1),1,1
Indian Oil Corporation Limited,Indian Oil Corporation Limited,,Low speed and idler shaft of Sundyne pump,pump,Mechanical / Rotating Equipment,,,"M/S Sundyne, USA",,,,,,,,,,LMV 311 / 312,"Guwahati Refinery, Noonmati, Guwahati, Assam",,Make in India items for reference,,,,,8,"Organization: Indian Oil Corporation Limited | Location: Guwahati Refinery, Noonmati, Guwahati, Assam | Item: Low speed and idler shaft of Sundyne pump | Type: pump | Category: Mechanical / Rotating Equipment | Section: Make in India items for reference | Model: LMV 311 / 312 | Make: M/S Sundyne, USA",MIRA_Guwahati_Refinery_material_corpus_FINAL_with_org(1),,
Indian Oil Corporation Limited,Indian Oil Corporation Limited,7299993313,"Labyrinth oil seal, front",motor,Electrical / Control,,,ABB,,,,,,,,,,AMA 500L2A BSPYH,"Guwahati Refinery, Noonmati, Guwahati, Assam",,Spares for Indmax MAB motor ABB make,,,,,9,"Organization: Indian Oil Corporation Limited | Location: Guwahati Refinery, Noonmati, Guwahati, Assam | Item: Labyrinth oil seal, front | Type: motor | Category: Electrical / Control | Section: Spares for Indmax MAB motor ABB make | Material Code: 7299993313 | Model: AMA 500L2A BSPYH | Make: ABB",MIRA_Guwahati_Refinery_material_corpus_FINAL_with_org(1),1,1
Indian Oil Corporation Limited,Indian Oil Corporation Limited,7299993323,"Labyrinth oil seal, rear",motor,Electrical / Control,,,ABB,,,,,,,,,,AMA 500L2A BSPYH,"Guwahati Refinery, Noonmati, Guwahati, Assam",,Spares for Indmax MAB motor ABB make,,,,,9,"Organization: Indian Oil Corporation Limited | Location: Guwahati Refinery, Noonmati, Guwahati, Assam | Item: Labyrinth oil seal, rear | Type: motor | Category: Electrical / Control | Section: Spares for Indmax MAB motor ABB make | Material Code: 7299993323 | Model: AMA 500L2A BSPYH | Make: ABB",MIRA_Guwahati_Refinery_material_corpus_FINAL_with_org(1),1,1
Indian Oil Corporation Limited,Indian Oil Corporation Limited,7265033323,Loose oil ring DE-EFZLB9100,motor,Electrical / Control,,,ABB,,,,,,,,,,AMA 500L2A BSPYH,"Guwahati Refinery, Noonmati, Guwahati, Assam",,Spares for Indmax MAB motor ABB make,,,,,9,"Organization: Indian Oil Corporation Limited | Location: Guwahati Refinery, Noonmati, Guwahati, Assam | Item: Loose oil ring DE-EFZLB9100 | Type: motor | Category: Electrical / Control | Section: Spares for Indmax MAB motor ABB make | Material Code: 7265033323 | Model: AMA 500L2A BSPYH | Make: ABB",MIRA_Guwahati_Refinery_material_corpus_FINAL_with_org(1),1,1
Indian Oil Corporation Limited,Indian Oil Corporation Limited,7299993333,"Labyrinth oil seal, front",motor,Electrical / Control,,,ABB,,,,,,,,,,AMA 500L2A BSPYH,"Guwahati Refinery, Noonmati, Guwahati, Assam",,Spares for Indmax MAB motor ABB make,,,,,9,"Organization: Indian Oil Corporation Limited | Location: Guwahati Refinery, Noonmati, Guwahati, Assam | Item: Labyrinth oil seal, front | Type: motor | Category: Electrical / Control | Section: Spares for Indmax MAB motor ABB make | Material Code: 7299993333 | Model: AMA 500L2A BSPYH | Make: ABB",MIRA_Guwahati_Refinery_material_corpus_FINAL_with_org(1),1,1
Indian Oil Corporation Limited,Indian Oil Corporation Limited,7265033333,Loose oil ring NDE-EFZLQ9100,motor,Electrical / Control,,,ABB,,,,,,,,,,AMA 500L2A BSPYH,"Guwahati Refinery, Noonmati, Guwahati, Assam",,Spares for Indmax MAB motor ABB make,,,,,9,"Organization: Indian Oil Corporation Limited | Location: Guwahati Refinery, Noonmati, Guwahati, Assam | Item: Loose oil ring NDE-EFZLQ9100 | Type: motor | Category: Electrical / Control | Section: Spares for Indmax MAB motor ABB make | Material Code: 7265033333 | Model: AMA 500L2A BSPYH | Make: ABB",MIRA_Guwahati_Refinery_material_corpus_FINAL_with_org(1),1,1
Indian Oil Corporation Limited,Indian Oil Corporation Limited,,Alkyl Amine Ethoxylate ( ATMER 163 ) - for neutralization of Catalyst & Co catalyst and works as anti- static agent,chemical,,,,,,,,,,,,,,,,,Future Procurement Plan FY2025-26,,,,,,Organization: Indian Oil Corporation Limited | Item: Alkyl Amine Ethoxylate ( ATMER 163 ) - for neutralization of Catalyst & Co catalyst and works as anti- static agent | Type: chemical,MIRA_PS_material_corpus_FINAL_with_org(2),,
Indian Oil Corporation Limited,Indian Oil Corporation Limited,,Assay analysis of spent catalyst - required to quantify precious metal i.e. Palladium content in Spent catalyst for settlement of quantity of recovery of precious metal from spent catalyst,chemical,,,,,,,,,,,,,,,,,Future Procurement Plan FY2025-26,,,,,,Organization: Indian Oil Corporation Limited | Item: Assay analysis of spent catalyst - required to quantify precious metal i.e. Palladium content in Spent catalyst for settlement of quantity of recovery of precious metal from spent catalyst | Type: chemical,MIRA_PS_material_corpus_FINAL_with_org(2),,
Indian Oil Corporation Limited,Indian Oil Corporation Limited,,H2S Analyser in Sulphur recovery Tail Gas Analyser in Sulphur recovery unit Analyser in Stack & Ambient air quality measurement for Sox,instrument,,,,,,,,,,,,,,,,,Future Procurement Plan FY2025-26,,,,,,Organization: Indian Oil Corporation Limited | Item: H2S Analyser in Sulphur recovery Tail Gas Analyser in Sulphur recovery unit Analyser in Stack & Ambient air quality measurement for Sox | Type: instrument,MIRA_PS_material_corpus_FINAL_with_org(2),,
Indian Oil Corporation Limited,Indian Oil Corporation Limited,,HDPE consumable polymerization Catalyst - used for polymerization reaction for production of specific grade of High density polyethylene from Ethylene,chemical,,,,,,,,,,,,,,,,,Future Procurement Plan FY2025-26,,,,,,Organization: Indian Oil Corporation Limited | Item: HDPE consumable polymerization Catalyst - used for polymerization reaction for production of specific grade of High density polyethylene from Ethylene | Type: chemical,MIRA_PS_material_corpus_FINAL_with_org(2),,
Indian Oil Corporation Limited,Indian Oil Corporation Limited,,Lab Equipments - Flow pressure test equipment (DIN Method) Grease Workers (02 Nos.) Oxidation stability test apparatus Lincoln Ventimeter apparatus,chemical,,,,,,,,,,,,,,,,,Future Procurement Plan FY2025-26,,,,,,Organization: Indian Oil Corporation Limited | Item: Lab Equipments - Flow pressure test equipment (DIN Method) Grease Workers (02 Nos.) Oxidation stability test apparatus Lincoln Ventimeter apparatus | Type: chemical,MIRA_PS_material_corpus_FINAL_with_org(2),,
Indian Oil Corporation Limited,Indian Oil Corporation Limited,,Lab Equipments - Grease Kettle – 2Kg and 5 Kg Automatic Penetrometer Drop point apparatus Wheel bearing leakage tester( variable RPM ),bearing,,,,,,,,,,,,,,,,,Future Procurement Plan FY2025-26,,,,,,Organization: Indian Oil Corporation Limited | Item: Lab Equipments - Grease Kettle – 2Kg and 5 Kg Automatic Penetrometer Drop point apparatus Wheel bearing leakage tester( variable RPM ) | Type: bearing,MIRA_PS_material_corpus_FINAL_with_org(2),,
Indian Oil Corporation Limited,Indian Oil Corporation Limited,,"Metering skid assembly (consisiting of Filtration, Metering and Pressure Reduction units) of various sizes for providing connectivity to CGD Entities from Gas pipelines and augmentation of existing",pipe,,,,,,,,,,,,,,,,,Future Procurement Plan FY2025-26,,,,,,"Organization: Indian Oil Corporation Limited | Item: Metering skid assembly (consisiting of Filtration, Metering and Pressure Reduction units) of various sizes for providing connectivity to CGD Entities from Gas pipelines and augmentation of existing | Type: pipe",MIRA_PS_material_corpus_FINAL_with_org(2),,
Indian Oil Corporation Limited,Indian Oil Corporation Limited,,"Metering skid assembly (consisiting of Filtration, Metering and Pressure Reduction units) of various sizes for providing connectivity to CGD Entities from Gas pipelines and augmentation of existing facilities (Nos)",pipe,,,,,,,,,,,,,,,,,Future Procurement Plan FY2025-26,,,,,,"Organization: Indian Oil Corporation Limited | Item: Metering skid assembly (consisiting of Filtration, Metering and Pressure Reduction units) of various sizes for providing connectivity to CGD Entities from Gas pipelines and augmentation of existing facilities (Nos) | Type: pipe",MIRA_PS_material_corpus_FINAL_with_org(2),,
Indian Oil Corporation Limited,Indian Oil Corporation Limited,,Non-Aromatic catalyst batch mineral oil (MINERAL OIL ) - used for diluting Donor in order to have better accuracy of the flow measure and also used for flushi ng in TEAL,chemical,,,,,,,,,,,,,,,,,Future Procurement Plan FY2025-26,,,,,,Organization: Indian Oil Corporation Limited | Item: Non-Aromatic catalyst batch mineral oil (MINERAL OIL ) - used for diluting Donor in order to have better accuracy of the flow measure and also used for flushi ng in TEAL | Type: chemical,MIRA_PS_material_corpus_FINAL_with_org(2),,
Indian Oil Corporation Limited,Indian Oil Corporation Limited,,Non-Aromatic catalyst batch mineral oil (MINERAL OIL ) - used for diluting Donor in order to have better accuracy of the flow measure and also used for flushi ng in TEAL area,chemical,,,,,,,,,,,,,,,,,Future Procurement Plan FY2025-26,,,,,,Organization: Indian Oil Corporation Limited | Item: Non-Aromatic catalyst batch mineral oil (MINERAL OIL ) - used for diluting Donor in order to have better accuracy of the flow measure and also used for flushi ng in TEAL area | Type: chemical,MIRA_PS_material_corpus_FINAL_with_org(2),,
Indian Oil Corporation Limited,Indian Oil Corporation Limited,,Non-Aromatic catalyst batch mineral oil (MINERAL OIL ) - used for diluting Donor in order to have better accuracy of the flow measure and also used for flushing in TEAL area,chemical,,,,,,,,,,,,,,,,,Future Procurement Plan FY2025-26,,,,,,Organization: Indian Oil Corporation Limited | Item: Non-Aromatic catalyst batch mineral oil (MINERAL OIL ) - used for diluting Donor in order to have better accuracy of the flow measure and also used for flushing in TEAL area | Type: chemical,MIRA_PS_material_corpus_FINAL_with_org(2),,
Indian Oil Corporation Limited,Indian Oil Corporation Limited,,"Package Items(HVAC,ETP,Refigeration,Co oling Tower,DI Guard,Chlorine Injection,Chemical Injection,Side Stream Filter,Ehylene BOG,TEG Barelling,Flare,Communication Mgmt Sytem,Nitrogen Cooling System,Control Monitoring System,Ambience Air Monitoring system,PCK metering Skid,Cathodic Protectin System,FDAS system,CCTV,Custody Transfer Metering Skid,Clean Agent System)",filter,,,,,,,,,,,,,,,,,Future Procurement Plan FY2025-26,,,,,,"Organization: Indian Oil Corporation Limited | Item: Package Items(HVAC,ETP,Refigeration,Co oling Tower,DI Guard,Chlorine Injection,Chemical Injection,Side Stream Filter,Ehylene BOG,TEG Barelling,Flare,Communication Mgmt Sytem,Nitrogen Cooling System,Control Monitoring System,Ambience Air Monitoring system,PCK metering Skid,Cathodic Protectin System,FDAS system,CCTV,Custody Transfer Metering Skid,Clean Agent System) | Type: filter",MIRA_PS_material_corpus_FINAL_with_org(2),,
Indian Oil Corporation Limited,Indian Oil Corporation Limited,,"Package Items(HVAC,ETP,Refigeration,Cooling Tower,DI Guard,Chlorine Injection,Chemical Injection,Side Stream Filter,Ehylene BOG,TEG Barelling,Flare,Communication Mgmt Sytem,Nitrogen Cooling System,Control Monitoring System,Ambience Air Monitoring system,PCK metering Skid,Cathodic Protectin System,FDAS system,CCTV,Custody Transfer Metering Skid,Clean Agent System)",filter,Refineries,,,,,,,,,,,,,,,,Future Procurement Plan FY2025-26,,,,,,"Organization: Indian Oil Corporation Limited | Item: Package Items(HVAC,ETP,Refigeration,Cooling Tower,DI Guard,Chlorine Injection,Chemical Injection,Side Stream Filter,Ehylene BOG,TEG Barelling,Flare,Communication Mgmt Sytem,Nitrogen Cooling System,Control Monitoring System,Ambience Air Monitoring system,PCK metering Skid,Cathodic Protectin System,FDAS system,CCTV,Custody Transfer Metering Skid,Clean Agent System) | Type: filter | Category: Refineries",MIRA_PS_material_corpus_FINAL_with_org(2),,
Indian Oil Corporation Limited,Indian Oil Corporation Limited,,Speciality Grease - Mixture of higher paraffin hydrocarbon used as catalyst protection in Spheripol PP technology for production of Polypropylene,chemical,,,,,,,,,,,,,,,,,Future Procurement Plan FY2025-26,,,,,,Organization: Indian Oil Corporation Limited | Item: Speciality Grease - Mixture of higher paraffin hydrocarbon used as catalyst protection in Spheripol PP technology for production of Polypropylene | Type: chemical,MIRA_PS_material_corpus_FINAL_with_org(2),,
Indian Oil Corporation Limited,Indian Oil Corporation Limited,,"Steam turbine driven (single stream) Air Blower package (412- K-1001)' along with accessories, auxiliaries, control panel(s), all instrumentation and controls, mandatory spares, commissioning spares and special tools & tackles",turbine,,,,,,,,,,,,,,,,,Future Procurement Plan FY2025-26,,,,,,"Organization: Indian Oil Corporation Limited | Item: Steam turbine driven (single stream) Air Blower package (412- K-1001)' along with accessories, auxiliaries, control panel(s), all instrumentation and controls, mandatory spares, commissioning spares and special tools & tackles | Type: turbine",MIRA_PS_material_corpus_FINAL_with_org(2),,
Indian Oil Corporation Limited,Indian Oil Corporation Limited,,"Steam turbine driven (single stream) Air Blower package (412-K-1001)' along with accessories, auxiliaries, control panel(s), all instrumentation and controls, mandatory spares, commissioning spares and special tools & tackles",turbine,,,,,,,,,,,,,,,,,Future Procurement Plan FY2025-26,,,,,,"Organization: Indian Oil Corporation Limited | Item: Steam turbine driven (single stream) Air Blower package (412-K-1001)' along with accessories, auxiliaries, control panel(s), all instrumentation and controls, mandatory spares, commissioning spares and special tools & tackles | Type: turbine",MIRA_PS_material_corpus_FINAL_with_org(2),,
Indian Oil Corporation Limited,Indian Oil Corporation Limited,,"Supply of Basic Design and Engineering Package (BDEP), Catalyst(s), Proprietary items and assistance services for quality Revamp of BS-VI FCC GDS at Gujarat Refinery",chemical,,,,,,,,,,,,,,,,,Future Procurement Plan FY2025-26,,,,,,"Organization: Indian Oil Corporation Limited | Item: Supply of Basic Design and Engineering Package (BDEP), Catalyst(s), Proprietary items and assistance services for quality Revamp of BS-VI FCC GDS at Gujarat Refinery | Type: chemical",MIRA_PS_material_corpus_FINAL_with_org(2),,
Indian Oil Corporation Limited,Indian Oil Corporation Limited,,"Supply of License, Basic Engineering Design Package, Catalyst(s), Proprietary Items (if any) and Other Services for Cracked LPG (CR LPG) Treater Unit at Panipat Refinery",chemical,,,,,,,,,,,,,,,,,Future Procurement Plan FY2025-26,,,,,,"Organization: Indian Oil Corporation Limited | Item: Supply of License, Basic Engineering Design Package, Catalyst(s), Proprietary Items (if any) and Other Services for Cracked LPG (CR LPG) Treater Unit at Panipat Refinery | Type: chemical",MIRA_PS_material_corpus_FINAL_with_org(2),,
Indian Oil Corporation Limited,Indian Oil Corporation Limited,,"Design, supply, installation, testing of Hydrocarbon vapours detection system at Ahmedabad T Bareja for conversion of one no. of tank into Ethanol under GSO",tank,Instrumentation - All,,,,,,,,,,,,,,AHMEDABAD TERMINAL,,tender detail,,GSO/ENG/2026-27/LT/06,2026_GSO_191320_1,,,"Organization: Indian Oil Corporation Limited | Item: Design, supply, installation, testing of Hydrocarbon vapours detection system at Ahmedabad T Bareja for conversion of one no. of tank into Ethanol under GSO | Type: tank | Category: Instrumentation - All | Location: AHMEDABAD TERMINAL",MIRA_PS_material_corpus_FINAL_with_org(2),,
Indian Oil Corporation Limited,Indian Oil Corporation Limited,,"Procurement of Capital Spare, Complete Trip and Throttle valve (Make Siemens Energy Industrial Turbomachinery India Private Limited) of WGC Turbine as per Insurance spares guideline rotary 2025 26 at IOCL Paradip Refinery",valve,Mechanical - All,,,,,,,,,,,,,,IOCL Paradip Refinery Jhimani Kujang Jagatsinghpur,,tender detail,,9070M26F67,2026_PDR_191304_1,,,"Organization: Indian Oil Corporation Limited | Item: Procurement of Capital Spare, Complete Trip and Throttle valve (Make Siemens Energy Industrial Turbomachinery India Private Limited) of WGC Turbine as per Insurance spares guideline rotary 2025 26 at IOCL Paradip Refinery | Type: valve | Category: Mechanical - All | Location: IOCL Paradip Refinery Jhimani Kujang Jagatsinghpur",MIRA_PS_material_corpus_FINAL_with_org(2),,
Indian Oil Corporation Limited,Indian Oil Corporation Limited,,"Manufacturing, procurement of materials and bought out components, assembly at shop, Inspection including inspection by TPIA, Testing at manufacturer works, packing, SUPPLY OF CONTROL VALVES (LOT-2) details as per material requisition",control valve,Instrumentation-Goods,,,,,,,,,,,,,,IOCL DIGBOI REFINERY,,tender detail,,TP/214227C/DR/1541-0002/1114,2026_REFHQ_191056_1,,,"Organization: Indian Oil Corporation Limited | Item: Manufacturing, procurement of materials and bought out components, assembly at shop, Inspection including inspection by TPIA, Testing at manufacturer works, packing, SUPPLY OF CONTROL VALVES (LOT-2) details as per material requisition | Type: control valve | Category: Instrumentation-Goods | Location: IOCL DIGBOI REFINERY",MIRA_PS_material_corpus_FINAL_with_org(2),,
Indian Oil Corporation Limited,Indian Oil Corporation Limited,,"Manufacturing, procurement of materials and bought out components, assembly at shop, Inspection including inspection by TPIA, Testing at manufacturer works, packing, SUPPLY OF GASKETS (MTO-4) details as per material requisition",gasket,"Mechanical - Sealing, Packing Material, Gaskets",,,,,,,,,,,,,,IOCL DIGBOI REFINERY,,tender detail,,TP/214227C/DR/1360-0301/1125,2026_REFHQ_191274_1,,,"Organization: Indian Oil Corporation Limited | Item: Manufacturing, procurement of materials and bought out components, assembly at shop, Inspection including inspection by TPIA, Testing at manufacturer works, packing, SUPPLY OF GASKETS (MTO-4) details as per material requisition | Type: gasket | Category: Mechanical - Sealing, Packing Material, Gaskets | Location: IOCL DIGBOI REFINERY",MIRA_PS_material_corpus_FINAL_with_org(2),,
Indian Oil Corporation Limited,Indian Oil Corporation Limited,,"Manufacturing, procurement of materials and bought out components, assembly at shop, Inspection including inspection by TPIA, Testing at manufacturer works, packing, SUPPLY OF ON-OFF VALVES (LOT-2) details as per material requisition",valve,Instrumentation-Goods,,,,,,,,,,,,,,IOCL DIGBOI REFINERY,,tender detail,,TP/214227C/DR/1543-0002/1115,2026_REFHQ_191062_1,,,"Organization: Indian Oil Corporation Limited | Item: Manufacturing, procurement of materials and bought out components, assembly at shop, Inspection including inspection by TPIA, Testing at manufacturer works, packing, SUPPLY OF ON-OFF VALVES (LOT-2) details as per material requisition | Type: valve | Category: Instrumentation-Goods | Location: IOCL DIGBOI REFINERY",MIRA_PS_material_corpus_FINAL_with_org(2),,
NTPC Limited,NTPC Limited,,& 4 mm for the sides. The top & baffle plates shall be of 3 mm' The tank shall be of welded construction &,tank,,,,,,,,,,,,,,,,,NIT document (29682_NIT_Download.txt),,,29682,,,Organization: NTPC Limited | Item: & 4 mm for the sides. The top & baffle plates shall be of 3 mm' The tank shall be of welded construction & | Type: tank,MIRA_PS_material_corpus_FINAL_with_org(2),,
NTPC Limited,NTPC Limited,,(2) Should have supplied pulverised coal pipe of size of 350 mm or more during last five years as on the date of application,pipe,,,,,,,,,,,,,,,,,NIT document (29807_NIT_Download.txt),,,29807,,,Organization: NTPC Limited | Item: (2) Should have supplied pulverised coal pipe of size of 350 mm or more during last five years as on the date of application | Type: pipe,MIRA_PS_material_corpus_FINAL_with_org(2),,
NTPC Limited,NTPC Limited,,"89 PIPE-SS SEAMLESS II RATNAMANI METALS & TUBES MEHSANA A OD up to 168.3, thick up to 3.4 mm, as per",pipe,,,,,,,,,,,,,,,,,NIT document (28868_cor_28868_5_1.txt),,,28868,,,"Organization: NTPC Limited | Item: 89 PIPE-SS SEAMLESS II RATNAMANI METALS & TUBES MEHSANA A OD up to 168.3, thick up to 3.4 mm, as per | Type: pipe",MIRA_PS_material_corpus_FINAL_with_org(2),,
NTPC Limited,NTPC Limited,,"Tank shall be of 500 litres, fabricated from 3 mm SS 3161 plates only & die-pressed on all sides to ensure",tank,,,,,,,,,,,,,,,,,NIT document (29682_NIT_Download.txt),,,29682,,,"Organization: NTPC Limited | Item: Tank shall be of 500 litres, fabricated from 3 mm SS 3161 plates only & die-pressed on all sides to ensure | Type: tank",MIRA_PS_material_corpus_FINAL_with_org(2),,
NTPC Limited,NTPC Limited,,The tank shall have a filling orifice of 250 mm and an inspection & maintenance manhole of 450 mm at the,tank,,,,,,,,,,,,,,,,,NIT document (29682_NIT_Download.txt),,,29682,,,Organization: NTPC Limited | Item: The tank shall have a filling orifice of 250 mm and an inspection & maintenance manhole of 450 mm at the | Type: tank,MIRA_PS_material_corpus_FINAL_with_org(2),,
NTPC Limited,NTPC Limited,,"above the water capacity. The tank sha, be fabricated out of ss 316 prates of min. 5 mm thick for the bottom",tank,,,,,,,,,,,,,,,,,NIT document (29682_NIT_Download.txt),,,29682,,,"Organization: NTPC Limited | Item: above the water capacity. The tank sha, be fabricated out of ss 316 prates of min. 5 mm thick for the bottom | Type: tank",MIRA_PS_material_corpus_FINAL_with_org(2),,
NTPC Limited,NTPC Limited,,for transporting fly ash from coal/lignite fired boiler unit having capacity of not less than 20 TPH for a conveying distance,boiler,,,,,,,,,,,,,,,,,NIT document (29979_NIT_Download.txt),,,29979,,,Organization: NTPC Limited | Item: for transporting fly ash from coal/lignite fired boiler unit having capacity of not less than 20 TPH for a conveying distance | Type: boiler,MIRA_PS_material_corpus_FINAL_with_org(2),,
NTPC Limited,NTPC Limited,,manhole of 450 mm. One additional filling connection of 50 mm shall be provided on the sides of the tank,tank,,,,,,,,,,,,,,,,,NIT document (29682_NIT_Download.txt),,,29682,,,Organization: NTPC Limited | Item: manhole of 450 mm. One additional filling connection of 50 mm shall be provided on the sides of the tank | Type: tank,MIRA_PS_material_corpus_FINAL_with_org(2),,
NTPC Limited,NTPC Limited,,material shall be either GM or SS only. Tank shall be hydraulically tested at 0.5 bar for leakage. Alljoints shall,tank,,,,,,,,,,,,,,,,,NIT document (29682_NIT_Download.txt),,,29682,,,Organization: NTPC Limited | Item: material shall be either GM or SS only. Tank shall be hydraulically tested at 0.5 bar for leakage. Alljoints shall | Type: tank,MIRA_PS_material_corpus_FINAL_with_org(2),,
NTPC Limited,NTPC Limited,,of gas to the DCP vessel at not less than 14 kg/cm2 pressure. Arrangement will be made to prevent back flow,tank,,,,,,,,,,,,,,,,,NIT document (29682_NIT_Download.txt),,,29682,,,Organization: NTPC Limited | Item: of gas to the DCP vessel at not less than 14 kg/cm2 pressure. Arrangement will be made to prevent back flow | Type: tank,MIRA_PS_material_corpus_FINAL_with_org(2),,
NTPC Limited,NTPC Limited,,only. Bottom of tank shall be sloped towards the rear. lt shall have a filling orifice of 150 mm & an inspection,tank,,,,,,,,,,,,,,,,,NIT document (29682_NIT_Download.txt),,,29682,,,Organization: NTPC Limited | Item: only. Bottom of tank shall be sloped towards the rear. lt shall have a filling orifice of 150 mm & an inspection | Type: tank,MIRA_PS_material_corpus_FINAL_with_org(2),,
NTPC Limited,NTPC Limited,,pipe shall be of 200 mm diameter. This is to ensure that the tank does not get unnecessarily pressurized. The,pipe,,,,,,,,,,,,,,,,,NIT document (29682_NIT_Download.txt),,,29682,,,Organization: NTPC Limited | Item: pipe shall be of 200 mm diameter. This is to ensure that the tank does not get unnecessarily pressurized. The | Type: pipe,MIRA_PS_material_corpus_FINAL_with_org(2),,
NTPC Limited,NTPC Limited,,pipes and bends for BA slurry Pipe 20 mm thick cast basalt line d MS fitting ( MS shell of,pipe,,,,,,,,,,,,,,,,,NIT document (29376_NIT_Download.txt),,,29376,,,Organization: NTPC Limited | Item: pipes and bends for BA slurry Pipe 20 mm thick cast basalt line d MS fitting ( MS shell of | Type: pipe,MIRA_PS_material_corpus_FINAL_with_org(2),,
NTPC Limited,NTPC Limited,,strainer. The connection from the water tank to the pump shall be suitably sized (min 150 mm) to allow full,pump,,,,,,,,,,,,,,,,,NIT document (29682_NIT_Download.txt),,,29682,,,Organization: NTPC Limited | Item: strainer. The connection from the water tank to the pump shall be suitably sized (min 150 mm) to allow full | Type: pump,MIRA_PS_material_corpus_FINAL_with_org(2),,
NTPC Limited,NTPC Limited,,"the pump, but not less than 140 mm. The inlet shall be of male round-threaded type & provided in such a",pump,,,,,,,,,,,,,,,,,NIT document (29682_NIT_Download.txt),,,29682,,,"Organization: NTPC Limited | Item: the pump, but not less than 140 mm. The inlet shall be of male round-threaded type & provided in such a | Type: pump",MIRA_PS_material_corpus_FINAL_with_org(2),,
NTPC Limited,NTPC Limited,,trap with a cleaning hole of 250 mm dia & a 50 mm drain pipe with a valve & plug incorporated in it for,valve,,,,,,,,,,,,,,,,,NIT document (29682_NIT_Download.txt),,,29682,,,Organization: NTPC Limited | Item: trap with a cleaning hole of 250 mm dia & a 50 mm drain pipe with a valve & plug incorporated in it for | Type: valve,MIRA_PS_material_corpus_FINAL_with_org(2),,
NTPC Limited,NTPC Limited,,• The bidder shall offer Wind Turbine Generato rs (WTGs) of minimum capacity of 3.0 MW for the wind farm,turbine,,,,,,,,,,,,,,,,,NIT document (29708_Click_here_to_view_Salient_Technical_Features.txt),,,29708,,,Organization: NTPC Limited | Item: • The bidder shall offer Wind Turbine Generato rs (WTGs) of minimum capacity of 3.0 MW for the wind farm | Type: turbine,MIRA_PS_material_corpus_FINAL_with_org(2),,
NTPC Limited,NTPC Limited,,"SUPPLY AND INSTALLATION OF WIND TURBINE GENERATORS (WTG) FOR ISTS CONNECTED WIND ENERGY PROJECT WITH NOMINAL CAPACITY OF 600 MW (200 WTG) IN ANANTAPUR, ANDHRA PRADESH",turbine,,,,,,,,,,,,,,,,,listing (type=Live Tenders),,NRE-CS-5924-003(WTG)-9,30166,,,"Organization: NTPC Limited | Item: SUPPLY AND INSTALLATION OF WIND TURBINE GENERATORS (WTG) FOR ISTS CONNECTED WIND ENERGY PROJECT WITH NOMINAL CAPACITY OF 600 MW (200 WTG) IN ANANTAPUR, ANDHRA PRADESH | Type: turbine",MIRA_PS_material_corpus_FINAL_with_org(2),,
NTPC Limited,NTPC Limited,,"SUPPLY AND INSTALLATION OF WIND TURBINE GENERATORS (WTG) FOR ISTS CONNECTED WIND ENERGY PROJECT WITH NOMINAL CAPACITY OF 813 MW (271 WTG) IN BELLARY, KARNATAKA",turbine,,,,,,,,,,,,,,,,,listing (type=Live Tenders),,NRE-CS-5929-003(WTG)-9R,29708,,,"Organization: NTPC Limited | Item: SUPPLY AND INSTALLATION OF WIND TURBINE GENERATORS (WTG) FOR ISTS CONNECTED WIND ENERGY PROJECT WITH NOMINAL CAPACITY OF 813 MW (271 WTG) IN BELLARY, KARNATAKA | Type: turbine",MIRA_PS_material_corpus_FINAL_with_org(2),,
Oil India Limited,Oil India Limited,,6Kg DCP Fire Extinguisher (Stored Pressure type) Fire Extinguisher's Inspection Tag Fire Extinguisher's Floor Stand Spares for 6Kg DCP Extinguishers,spares,,,,,,,,,,,,,,,Duliajan,,archive:GeM Tenders,,GEM/2025/B/6622094,,,,Organization: Oil India Limited | Item: 6Kg DCP Fire Extinguisher (Stored Pressure type) Fire Extinguisher's Inspection Tag Fire Extinguisher's Floor Stand Spares for 6Kg DCP Extinguishers | Type: spares | Location: Duliajan,MIRA_PS_material_corpus_FINAL_with_org(2),,
Oil India Limited,Oil India Limited,,"73.02 MM (2.7/8"" ) API GRADE G-105 LEFT HAND CONNECTION DRILL PIPE , 73.02 MM (2.7/8"" ) API GRADE G-105 DRILL PIPE",pipe,,,,,,,,,,,,,,,Duliajan,,archive:GeM Tenders,,GEM/2024/B/5392367,,,,"Organization: Oil India Limited | Item: 73.02 MM (2.7/8"" ) API GRADE G-105 LEFT HAND CONNECTION DRILL PIPE , 73.02 MM (2.7/8"" ) API GRADE G-105 DRILL PIPE | Type: pipe | Location: Duliajan",MIRA_PS_material_corpus_FINAL_with_org(2),,
Oil India Limited,Oil India Limited,,"Bid invitation for supply of ECCENTRIC PLUG ROTARY CONTROL VALVE (4"" X 300 Class), through Custom Bidding in Government E-Marketplace (GeM)",control valve,,,,,,,,,,,,,,,Duliajan,,archive:GeM Tenders,,GEM/2025/B/5953015,,,,"Organization: Oil India Limited | Item: Bid invitation for supply of ECCENTRIC PLUG ROTARY CONTROL VALVE (4"" X 300 Class), through Custom Bidding in Government E-Marketplace (GeM) | Type: control valve | Location: Duliajan",MIRA_PS_material_corpus_FINAL_with_org(2),,
Oil India Limited,Oil India Limited,,Burial and Recovery of 100mm NB and 50 mm NB crude oil gas pipelines in OILs Operational Areas in the state of Assam,pipe,,,,,,,,,,,,,,,Duliajan,,archive:GeM Tenders,,GEM/2024/B/4881122,,,,Organization: Oil India Limited | Item: Burial and Recovery of 100mm NB and 50 mm NB crude oil gas pipelines in OILs Operational Areas in the state of Assam | Type: pipe | Location: Duliajan,MIRA_PS_material_corpus_FINAL_with_org(2),,
Oil India Limited,Oil India Limited,,"CONSTRUCTION OF RCC RETAINING WALLS WITH COVER SLAB ALONG THE PIPELINE FOR 14"" OD NAHARKATIYA BARAUNI PIPELINE (NBPL) AT HATINALA-MORAGHAT (NBPL KM 730-732), WB, FOR AN APPROXIMATE LENGTH OF 700 M",pipe,,,,,,,,,,,,,,,Guwahati,,archive:National Tenders,,CGI0930P26,,,,"Organization: Oil India Limited | Item: CONSTRUCTION OF RCC RETAINING WALLS WITH COVER SLAB ALONG THE PIPELINE FOR 14"" OD NAHARKATIYA BARAUNI PIPELINE (NBPL) AT HATINALA-MORAGHAT (NBPL KM 730-732), WB, FOR AN APPROXIMATE LENGTH OF 700 M | Type: pipe | Location: Guwahati",MIRA_PS_material_corpus_FINAL_with_org(2),,
Oil India Limited,Oil India Limited,,"Cable gland, NFLP, 4x25 Sq. mm, OD-26/27mm , Cable gland, NFLP, 3x16 & 4x10 Sq. mm. , Cable gland, NFLP, 4x16 sq. mm, OD-25 mm , Cable gland, NFLP, 4x10 sq. mm,OD-22 mm",cable,,,,,,,,,,,,,,,Kolkata,,archive:GeM Tenders,,GEM/2026/B/7092165,,,,"Organization: Oil India Limited | Item: Cable gland, NFLP, 4x25 Sq. mm, OD-26/27mm , Cable gland, NFLP, 3x16 & 4x10 Sq. mm. , Cable gland, NFLP, 4x16 sq. mm, OD-25 mm , Cable gland, NFLP, 4x10 sq. mm,OD-22 mm | Type: cable | Location: Kolkata",MIRA_PS_material_corpus_FINAL_with_org(2),,
Oil India Limited,Oil India Limited,,"Cable, 3.5C x 240 sqmm, 1100V, PVCA Alu (Q3) , Cable, 3C x 240 mm2, 11kV (UE) , XLPE Alu",cable,,,,,,,,,,,,,,,Duliajan,,archive:GeM Tenders,,GEM/2024/B/4853339,,,,"Organization: Oil India Limited | Item: Cable, 3.5C x 240 sqmm, 1100V, PVCA Alu (Q3) , Cable, 3C x 240 mm2, 11kV (UE) , XLPE Alu | Type: cable | Location: Duliajan",MIRA_PS_material_corpus_FINAL_with_org(2),,
Oil India Limited,Oil India Limited,,Charter hire of 01 (one) No. Offshore Supply Vessel (OSV) for supporting Drilling Operations of Oil India Ltd. in East Coast Indian Waters for a period of six (06) months,tank,,,,,,,,,,,,,,,Kakinada,,archive:GeM Tenders,,GEM/2024/B/4930392,,,,Organization: Oil India Limited | Item: Charter hire of 01 (one) No. Offshore Supply Vessel (OSV) for supporting Drilling Operations of Oil India Ltd. in East Coast Indian Waters for a period of six (06) months | Type: tank | Location: Kakinada,MIRA_PS_material_corpus_FINAL_with_org(2),,
Oil India Limited,Oil India Limited,,Charter hire of 01 (one) No. Offshore Supply Vessel (OSV) for supporting Drilling Operations of Oil India Ltd. in East Coast Indian Waters for a period of twelve (12) months,tank,,,,,,,,,,,,,,,Kakinada,,archive:GeM Tenders,,GEM/2024/B/5266871,,,,Organization: Oil India Limited | Item: Charter hire of 01 (one) No. Offshore Supply Vessel (OSV) for supporting Drilling Operations of Oil India Ltd. in East Coast Indian Waters for a period of twelve (12) months | Type: tank | Location: Kakinada,MIRA_PS_material_corpus_FINAL_with_org(2),,
Oil India Limited,Oil India Limited,,"Civil renovation and repairing jobs to be carried out for preparation of infrastructure for organizing 55th Employee' Pipeline Sports Meet at PS3, Jorhat",pipe,,,,,,,,,,,,,,,Guwahati,,archive:Limited Tenders,,CGI2082L27,,,,"Organization: Oil India Limited | Item: Civil renovation and repairing jobs to be carried out for preparation of infrastructure for organizing 55th Employee' Pipeline Sports Meet at PS3, Jorhat | Type: pipe | Location: Guwahati",MIRA_PS_material_corpus_FINAL_with_org(2),,
Oil India Limited,Oil India Limited,,"Construction of 02 Nos. of G plus 6 Storied Residential Buildings including Electrification works, lifts, Sanitary works, Site Development etc. all complete inside Pipeline Headquarters Township, Oil India Limited (OIL), Guwahati, Assam",pipe,,,,,,,,,,,,,,,Guwahati,,archive:National Tenders,,CGI6319P25,,,,"Organization: Oil India Limited | Item: Construction of 02 Nos. of G plus 6 Storied Residential Buildings including Electrification works, lifts, Sanitary works, Site Development etc. all complete inside Pipeline Headquarters Township, Oil India Limited (OIL), Guwahati, Assam | Type: pipe | Location: Guwahati",MIRA_PS_material_corpus_FINAL_with_org(2),,
Oil India Limited,Oil India Limited,,Construction of 03 (three) nos. of 500 KL Formation Water Storage Tanks in OILs operational areas in the state of Assam,tank,,,,,,,,,,,,,,,Duliajan,,archive:National Tenders,,CDO7690P25,,,,Organization: Oil India Limited | Item: Construction of 03 (three) nos. of 500 KL Formation Water Storage Tanks in OILs operational areas in the state of Assam | Type: tank | Location: Duliajan,MIRA_PS_material_corpus_FINAL_with_org(2),,
Oil India Limited,Oil India Limited,,Construction of 10 feet high brick boundary wall with 2ft concertina at the top ( Length : 663.65 Meters ) at OGPL & P PIPEYARD Naoholia including supply of all materials except cement,pipe,,,,,,,,,,,,,,,Duliajan,,archive:Limited Tenders,,CDC1714L27,,,,Organization: Oil India Limited | Item: Construction of 10 feet high brick boundary wall with 2ft concertina at the top ( Length : 663.65 Meters ) at OGPL & P PIPEYARD Naoholia including supply of all materials except cement | Type: pipe | Location: Duliajan,MIRA_PS_material_corpus_FINAL_with_org(2),,
Oil India Limited,Oil India Limited,,"Construction of 400 KL Capacity Fire Fighting Water Storage Tank at Central Gas Compressor Station, Digboi. All materials to be supplied by the contractor except cement",compressor,,,,,,,,,,,,,,,Duliajan,,archive:Limited Tenders,,CDC7593L25,,,,"Organization: Oil India Limited | Item: Construction of 400 KL Capacity Fire Fighting Water Storage Tank at Central Gas Compressor Station, Digboi. All materials to be supplied by the contractor except cement | Type: compressor | Location: Duliajan",MIRA_PS_material_corpus_FINAL_with_org(2),,
Oil India Limited,Oil India Limited,,"Construction of 565.00 m long RCC Dwarf wall around the flare pit of OCS 1, including supply of all materials except cement & tubing pipes",pipe,,,,,,,,,,,,,,,Duliajan,,archive:Limited Tenders,,CDC5779L24,,,,"Organization: Oil India Limited | Item: Construction of 565.00 m long RCC Dwarf wall around the flare pit of OCS 1, including supply of all materials except cement & tubing pipes | Type: pipe | Location: Duliajan",MIRA_PS_material_corpus_FINAL_with_org(2),,
Oil India Limited,Oil India Limited,,"Construction of New G plus 1 Instrumentation Office Building, including Electrical & Telecommunication work at Moran, Charaideo district. All materials to be supplied by the contractor except cement",instrument,,,,,,,,,,,,,,,Duliajan,,archive:National Tenders,,CDC1746P27,,,,"Organization: Oil India Limited | Item: Construction of New G plus 1 Instrumentation Office Building, including Electrical & Telecommunication work at Moran, Charaideo district. All materials to be supplied by the contractor except cement | Type: instrument | Location: Duliajan",MIRA_PS_material_corpus_FINAL_with_org(2),,
Oil India Limited,Oil India Limited,,"Construction of boundary wall, approach road and operator room cum IM room by earth filling the low laying area for placement of In-house Gas compressor inside Dikom GCS",compressor,,,,,,,,,,,,,,,Duliajan,,archive:Limited Tenders,,CDC7030L25,,,,"Organization: Oil India Limited | Item: Construction of boundary wall, approach road and operator room cum IM room by earth filling the low laying area for placement of In-house Gas compressor inside Dikom GCS | Type: compressor | Location: Duliajan",MIRA_PS_material_corpus_FINAL_with_org(2),,
Oil India Limited,Oil India Limited,,"Construction of brick boundary wall of length approx. 1000.00 mtr. and erection of two nos. Steel Gates at OCS-1, Moran including supply of all materials except cement",steel,,,,,,,,,,,,,,,Duliajan,,archive:National Tenders,,CDC6860P25,,,,"Organization: Oil India Limited | Item: Construction of brick boundary wall of length approx. 1000.00 mtr. and erection of two nos. Steel Gates at OCS-1, Moran including supply of all materials except cement | Type: steel | Location: Duliajan",MIRA_PS_material_corpus_FINAL_with_org(2),,
Oil India Limited,Oil India Limited,,"Construction of building for housing of Electrical, Telecom & Instrumentation, Mechanical, and Fire & Safety facilities at Digboi Terminal, including internal electrification and supply of all materials",safety valve,,,,,,,,,,,,,,,Guwahati,,archive:Limited Tenders,,CGI1576L26,,,,"Organization: Oil India Limited | Item: Construction of building for housing of Electrical, Telecom & Instrumentation, Mechanical, and Fire & Safety facilities at Digboi Terminal, including internal electrification and supply of all materials | Type: safety valve | Location: Guwahati",MIRA_PS_material_corpus_FINAL_with_org(2),,
Oil India Limited,Oil India Limited,,"Construction of security infrastructure (brick security morcha, security barrack & kitchen & toilet), foundation and shed for placement of one number Scrapper Trap at Khatangpani across Kumchai Kusijan Project Pipeline in Assam",pipe,,,,,,,,,,,,,,,Duliajan,,archive:Limited Tenders,,CDC6684L25,,,,"Organization: Oil India Limited | Item: Construction of security infrastructure (brick security morcha, security barrack & kitchen & toilet), foundation and shed for placement of one number Scrapper Trap at Khatangpani across Kumchai Kusijan Project Pipeline in Assam | Type: pipe | Location: Duliajan",MIRA_PS_material_corpus_FINAL_with_org(2),,
Oil India Limited,Oil India Limited,,Conversion of overhead line to underground cable at PHQ Domestic area through service contract for a period of 3(three) years,cable,,,,,,,,,,,,,,,Jorhat,,archive:GeM Tenders,,GEM/2024/B/5070168,,,,Organization: Oil India Limited | Item: Conversion of overhead line to underground cable at PHQ Domestic area through service contract for a period of 3(three) years | Type: cable | Location: Jorhat,MIRA_PS_material_corpus_FINAL_with_org(2),,
Oil India Limited,Oil India Limited,,"DESIGN, SUPPLY, INSTALLATION, TESTING AND COMMISSIONING OF ELECTRICAL EQUIPMENT FOR IMPROVEMENT OF ILLUMINATION OF NEW CHEMICAL GODOWN OF MATERIALS DEPARTMENT, OIL INDUSTRIAL AREA, DULIAJAN, ASSAM",chemical,,,,,,,,,,,,,,,Duliajan,,archive:GeM Tenders,,GEM/2025/B/5797238,,,,"Organization: Oil India Limited | Item: DESIGN, SUPPLY, INSTALLATION, TESTING AND COMMISSIONING OF ELECTRICAL EQUIPMENT FOR IMPROVEMENT OF ILLUMINATION OF NEW CHEMICAL GODOWN OF MATERIALS DEPARTMENT, OIL INDUSTRIAL AREA, DULIAJAN, ASSAM | Type: chemical | Location: Duliajan",MIRA_PS_material_corpus_FINAL_with_org(2),,
Oil India Limited,Oil India Limited,,DETAILED PIPELINE ROUTE SURVEY FOR DFR FOR REPLACEMENT OF 259 KM OLD PIPELINE SECTION OF NUMALIGARH SILIGURI PRODUCT PIPELINE (NSPL) OF M/s OIL INDIA LTD (OIL),pipe,,,,,,,,,,,,,,,Guwahati,,archive:National Tenders,,EIL8554P25,,,,Organization: Oil India Limited | Item: DETAILED PIPELINE ROUTE SURVEY FOR DFR FOR REPLACEMENT OF 259 KM OLD PIPELINE SECTION OF NUMALIGARH SILIGURI PRODUCT PIPELINE (NSPL) OF M/s OIL INDIA LTD (OIL) | Type: pipe | Location: Guwahati,MIRA_PS_material_corpus_FINAL_with_org(2),,
Oil India Limited,Oil India Limited,,Design Supply Installation Testing and Commissioning of UF RO System Capacity 2000 Litre Per Hour along with the construction of an underground storage tank,tank,,,,,,,,,,,,,,,Jaisalmer,,archive:GeM Tenders,,GEM/2025/B/6850955,,,,Organization: Oil India Limited | Item: Design Supply Installation Testing and Commissioning of UF RO System Capacity 2000 Litre Per Hour along with the construction of an underground storage tank | Type: tank | Location: Jaisalmer,MIRA_PS_material_corpus_FINAL_with_org(2),,
Oil India Limited,Oil India Limited,,"ENVIRONMENTAL QUALITY MONITORING UNDER PS-5 (OPERATIONS) FOR AMBIENT AIR QUALITY, STACK GAS AND NOISE LEVEL MONITORING INCLUDING DRINKIG AND EFFLUENT WATER ANALYSIS FOR A PERIOD OF 3 (THREE) YEAR",chimney,,,,,,,,,,,,,,,Guwahati,,archive:GeM Tenders,,GEM/2025/B/6699306,,,,"Organization: Oil India Limited | Item: ENVIRONMENTAL QUALITY MONITORING UNDER PS-5 (OPERATIONS) FOR AMBIENT AIR QUALITY, STACK GAS AND NOISE LEVEL MONITORING INCLUDING DRINKIG AND EFFLUENT WATER ANALYSIS FOR A PERIOD OF 3 (THREE) YEAR | Type: chimney | Location: Guwahati",MIRA_PS_material_corpus_FINAL_with_org(2),,
Oil India Limited,Oil India Limited,,"Engineering, Procurement, Construction and Commissioning of Electrical Cable Handling Workshop with EOT Crane Facility including internal electrification and supply of all materials, at Electrical Engineering Department, OIL, Duliajan",cable,,,,,,,,,,,,,,,Duliajan,,archive:National Tenders,,CDI7774P25,,,,"Organization: Oil India Limited | Item: Engineering, Procurement, Construction and Commissioning of Electrical Cable Handling Workshop with EOT Crane Facility including internal electrification and supply of all materials, at Electrical Engineering Department, OIL, Duliajan | Type: cable | Location: Duliajan",MIRA_PS_material_corpus_FINAL_with_org(2),,
Oil India Limited,Oil India Limited,,Ground Patrolling of the pipeline ROW by engaging Line Walkers from PL km 920.000 to PL km 1058.000 under Pump station -9 for a period of 04(Four) years,pump,,,,,,,,,,,,,,,Guwahati,,archive:National Tenders,,CGI5834P24,,,,Organization: Oil India Limited | Item: Ground Patrolling of the pipeline ROW by engaging Line Walkers from PL km 920.000 to PL km 1058.000 under Pump station -9 for a period of 04(Four) years | Type: pump | Location: Guwahati,MIRA_PS_material_corpus_FINAL_with_org(2),,
Oil India Limited,Oil India Limited,,Ground Patrolling of the pipeline ROW by engaging Line Walkers under Nahakatiya Barauni Pipeline(NBPL) from PL KM 1058 to PL km 1157.5.000 under the jurisdiction of Pump station -10 for a period of 4(Four) years,pump,,,,,,,,,,,,,,,Guwahati,,archive:GeM Tenders,,GEM/2025/B/6013729,,,,Organization: Oil India Limited | Item: Ground Patrolling of the pipeline ROW by engaging Line Walkers under Nahakatiya Barauni Pipeline(NBPL) from PL KM 1058 to PL km 1157.5.000 under the jurisdiction of Pump station -10 for a period of 4(Four) years | Type: pump | Location: Guwahati,MIRA_PS_material_corpus_FINAL_with_org(2),,
Oil India Limited,Oil India Limited,,"High Pressure Pipe Assy , SPARES FOR KIRLOSKAR DIESEL ENGINES , GROUP : FUEL FILTER, FUEL PIPES, AIR CLEANER, LUB OIL SUMP, PUMP SUCTION TUBE & DELIVER",pump,,,,,,,,,,,,,,,Guwahati,,archive:Limited Tenders,,GOS7001L25,,,,"Organization: Oil India Limited | Item: High Pressure Pipe Assy , SPARES FOR KIRLOSKAR DIESEL ENGINES , GROUP : FUEL FILTER, FUEL PIPES, AIR CLEANER, LUB OIL SUMP, PUMP SUCTION TUBE & DELIVER | Type: pump | Location: Guwahati",MIRA_PS_material_corpus_FINAL_with_org(2),,
Oil India Limited,Oil India Limited,,"Inspection of 7 premium P110 Casing Qty. 5000 mtr., pup joints 10 Nos. Crossovers 20 Nos. and Coupling 20 Nos. as per QAP",coupling,,,,,,,,,,,,,,,Duliajan,,archive:Limited Tenders,,TPI00125IN,,,,"Organization: Oil India Limited | Item: Inspection of 7 premium P110 Casing Qty. 5000 mtr., pup joints 10 Nos. Crossovers 20 Nos. and Coupling 20 Nos. as per QAP | Type: coupling | Location: Duliajan",MIRA_PS_material_corpus_FINAL_with_org(2),,
Oil India Limited,Oil India Limited,,"Laying / Construction of 400mm NB diameter, approx. 9.6 KM long 3 LPE coated gas distribution pipeline from FGS Chabua to Hatiali Scraper Trap in OIL's Operational Areas in the state of Assam",pipe,,,,,,,,,,,,,,,Duliajan,,archive:National Tenders,,CDO6355P25,,,,"Organization: Oil India Limited | Item: Laying / Construction of 400mm NB diameter, approx. 9.6 KM long 3 LPE coated gas distribution pipeline from FGS Chabua to Hatiali Scraper Trap in OIL's Operational Areas in the state of Assam | Type: pipe | Location: Duliajan",MIRA_PS_material_corpus_FINAL_with_org(2),,
Oil India Limited,Oil India Limited,,Laying / Construction of 8 inch X 10 KM (Approx) Crude Oil Delivery Pipeline from Dikom OCS to ITF Tengakhat,pipe,,,,,,,,,,,,,,,Duliajan,,archive:National Tenders,,CDO6573P25,,,,Organization: Oil India Limited | Item: Laying / Construction of 8 inch X 10 KM (Approx) Crude Oil Delivery Pipeline from Dikom OCS to ITF Tengakhat | Type: pipe | Location: Duliajan,MIRA_PS_material_corpus_FINAL_with_org(2),,
Oil India Limited,Oil India Limited,,Laying / construction of 150mm NB diameter storm water despatch pipeline from Oil Hospital to Dihing River (of length 4 kms with looping of additional 2.5 kms) in OILs operational areas of Assam,pipe,,,,,,,,,,,,,,,Duliajan,,archive:National Tenders,,CDO5226P24,,,,Organization: Oil India Limited | Item: Laying / construction of 150mm NB diameter storm water despatch pipeline from Oil Hospital to Dihing River (of length 4 kms with looping of additional 2.5 kms) in OILs operational areas of Assam | Type: pipe | Location: Duliajan,MIRA_PS_material_corpus_FINAL_with_org(2),,
Oil India Limited,Oil India Limited,,"Laying / construction of 250mm NB diameter, 3LPE coated Gas Distribution pipeline from Moran OCS to Lakwagaon GGS in OILs Operational Area in the state of Assam",pipe,,,,,,,,,,,,,,,Duliajan,,archive:National Tenders,,CDO6639P25,,,,"Organization: Oil India Limited | Item: Laying / construction of 250mm NB diameter, 3LPE coated Gas Distribution pipeline from Moran OCS to Lakwagaon GGS in OILs Operational Area in the state of Assam | Type: pipe | Location: Duliajan",MIRA_PS_material_corpus_FINAL_with_org(2),,
Oil India Limited,Oil India Limited,,"Laying/construction of 3LPE coated Crude Oil and Gas pipeline for Dinjan-Dhakuwal-Makum Pipeline Project in OIL's Operational Areas of Oil India Limited, Assam (Part 1: Dinjan to Dhakuwal)",pipe,,,,,,,,,,,,,,,Duliajan,,archive:National Tenders,,CDO0455P26,,,,"Organization: Oil India Limited | Item: Laying/construction of 3LPE coated Crude Oil and Gas pipeline for Dinjan-Dhakuwal-Makum Pipeline Project in OIL's Operational Areas of Oil India Limited, Assam (Part 1: Dinjan to Dhakuwal) | Type: pipe | Location: Duliajan",MIRA_PS_material_corpus_FINAL_with_org(2),,
Oil India Limited,Oil India Limited,,"Laying/construction of 3LPE coated Crude Oil and Gas pipeline for Dinjan-Dhakuwal-Makum Pipeline Project in OIL's Operational Areas of Oil India Limited, Assam (Part 2: Dhakuwal to Makum)",pipe,,,,,,,,,,,,,,,Duliajan,,archive:National Tenders,,CDO0437P26,,,,"Organization: Oil India Limited | Item: Laying/construction of 3LPE coated Crude Oil and Gas pipeline for Dinjan-Dhakuwal-Makum Pipeline Project in OIL's Operational Areas of Oil India Limited, Assam (Part 2: Dhakuwal to Makum) | Type: pipe | Location: Duliajan",MIRA_PS_material_corpus_FINAL_with_org(2),,
Oil India Limited,Oil India Limited,,"Laying/construction of 400 mm NB diameter, 5.6 KM long 3 LPE coated Gas pipeline from Nagajan to Kathalguri in OIL's Operational Areas in the state of Assam",pipe,,,,,,,,,,,,,,,Duliajan,,archive:National Tenders,,CDO0503P26,,,,"Organization: Oil India Limited | Item: Laying/construction of 400 mm NB diameter, 5.6 KM long 3 LPE coated Gas pipeline from Nagajan to Kathalguri in OIL's Operational Areas in the state of Assam | Type: pipe | Location: Duliajan",MIRA_PS_material_corpus_FINAL_with_org(2),,
Oil India Limited,Oil India Limited,,"MISSION SUPREME SINGLE ACTING PISTON WITH1.5/8"" STRAIGHT BORE-SERIES L For National Type 12-P-160 Triplex Slush Pump , SLUSH PUMP VALVE & SEAT ETC.(FOR NAT.12-P-160 TRIPLEX POWER SLUSH PUMP) MISSION SUPREME",valve,,,,,,,,,,,,,,,Duliajan,,archive:Limited Tenders,,SSG6430L25,,,,"Organization: Oil India Limited | Item: MISSION SUPREME SINGLE ACTING PISTON WITH1.5/8"" STRAIGHT BORE-SERIES L For National Type 12-P-160 Triplex Slush Pump , SLUSH PUMP VALVE & SEAT ETC.(FOR NAT.12-P-160 TRIPLEX POWER SLUSH PUMP) MISSION SUPREME | Type: valve | Location: Duliajan",MIRA_PS_material_corpus_FINAL_with_org(2),,
Oil India Limited,Oil India Limited,,"OIL DUMP VALVE FOR ET, 3"" X150CL, ANGLE ,QTY -25 NOS WATER DUMP VALVE FOR ET, 2"" X150CL, ANGLE-QTY-50 NOS",valve,,,,,,,,,,,,,,,Duliajan,,archive:GeM Tenders,,GEM/2025/B/5867479,,,,"Organization: Oil India Limited | Item: OIL DUMP VALVE FOR ET, 3"" X150CL, ANGLE ,QTY -25 NOS WATER DUMP VALVE FOR ET, 2"" X150CL, ANGLE-QTY-50 NOS | Type: valve | Location: Duliajan",MIRA_PS_material_corpus_FINAL_with_org(2),,
Oil India Limited,Oil India Limited,,"Operation and Maintenance (O&M) Services for Balance of Plants (BOPs) of 20 MW Gas Turbine Plant at Duliajan Power Station, OIL-Duliajan",turbine,,,,,,,,,,,,,,,Duliajan,,archive:GeM Tenders,,GEM/2024/B/5456083,,,,"Organization: Oil India Limited | Item: Operation and Maintenance (O&M) Services for Balance of Plants (BOPs) of 20 MW Gas Turbine Plant at Duliajan Power Station, OIL-Duliajan | Type: turbine | Location: Duliajan",MIRA_PS_material_corpus_FINAL_with_org(2),,
Oil India Limited,Oil India Limited,,"Painting of Surge relief tank (Tank 15) with necessary letter writing & stenciling and necessary repairing and painting of Substation Building-l inside Pump Station 6, Bongaigaon",safety valve,,,,,,,,,,,,,,,Guwahati,,archive:Limited Tenders,,G026335L25,,,,"Organization: Oil India Limited | Item: Painting of Surge relief tank (Tank 15) with necessary letter writing & stenciling and necessary repairing and painting of Substation Building-l inside Pump Station 6, Bongaigaon | Type: safety valve | Location: Guwahati",MIRA_PS_material_corpus_FINAL_with_org(2),,
Oil India Limited,Oil India Limited,,"Procurement of Proprietary Spares for Drenching/Fire Fighting/Jockey Pump of Hebeda Gcs, Make Kirloskar Brothers Limited, Pump type UP 150/38bc & cphm 50/26",pump,,,,,,,,,,,,,,,Kolkata,,archive:Limited Tenders,,KID6159L25,,,,"Organization: Oil India Limited | Item: Procurement of Proprietary Spares for Drenching/Fire Fighting/Jockey Pump of Hebeda Gcs, Make Kirloskar Brothers Limited, Pump type UP 150/38bc & cphm 50/26 | Type: pump | Location: Kolkata",MIRA_PS_material_corpus_FINAL_with_org(2),,
Oil India Limited,Oil India Limited,,"Providing upkeepment and maintenance services at PS3 and Central Tank Farm,Jorhat on as and when required basis for a period of two YEARS EXTENDABLE by another one year",tank,,,,,,,,,,,,,,,Jorhat,,archive:GeM Tenders,,GEM/2025/B/6300347,,,,"Organization: Oil India Limited | Item: Providing upkeepment and maintenance services at PS3 and Central Tank Farm,Jorhat on as and when required basis for a period of two YEARS EXTENDABLE by another one year | Type: tank | Location: Jorhat",MIRA_PS_material_corpus_FINAL_with_org(2),,
Oil India Limited,Oil India Limited,,RENOVATION OF EXISTING PIPELINER'S CO-OPERATIVE SOCIETY BUILDING(S) AT PHQ GUWAHATI INCLUDING ELECTRICAL WORKS AND SUPPLY OF ALL MATERIALS EXCEPT CEMENT,pipe,,,,,,,,,,,,,,,Guwahati,,archive:Limited Tenders,,CGI8265L25,,,,Organization: Oil India Limited | Item: RENOVATION OF EXISTING PIPELINER'S CO-OPERATIVE SOCIETY BUILDING(S) AT PHQ GUWAHATI INCLUDING ELECTRICAL WORKS AND SUPPLY OF ALL MATERIALS EXCEPT CEMENT | Type: pipe | Location: Guwahati,MIRA_PS_material_corpus_FINAL_with_org(2),,
Oil India Limited,Oil India Limited,,"REVAMPING OF THE MAIN ROAD FROM CISF COMPLEX TO AISF GATE, INCLUDING THE CONSTRUCTION OF RCC DRAIN AND BOX CULVERT AT OIL'S PIPELINE HQ, NARANGI, GUWAHATI, ASSAM, INCLUDING SUPPLY OF ALL MATERIALS EXCEPT CEMENT",pipe,,,,,,,,,,,,,,,Guwahati,,archive:National Tenders,,CGI9750P26,,,,"Organization: Oil India Limited | Item: REVAMPING OF THE MAIN ROAD FROM CISF COMPLEX TO AISF GATE, INCLUDING THE CONSTRUCTION OF RCC DRAIN AND BOX CULVERT AT OIL'S PIPELINE HQ, NARANGI, GUWAHATI, ASSAM, INCLUDING SUPPLY OF ALL MATERIALS EXCEPT CEMENT | Type: pipe | Location: Guwahati",MIRA_PS_material_corpus_FINAL_with_org(2),,
Oil India Limited,Oil India Limited,,"Reconstruction of E&C workshop room and Renovation of cable & miscellaneous item yard of E&C section at PS 3, Jorhat including supply of all materials",cable,,,,,,,,,,,,,,,Guwahati,,archive:Limited Tenders,,G025597L24,,,,"Organization: Oil India Limited | Item: Reconstruction of E&C workshop room and Renovation of cable & miscellaneous item yard of E&C section at PS 3, Jorhat including supply of all materials | Type: cable | Location: Guwahati",MIRA_PS_material_corpus_FINAL_with_org(2),,
Oil India Limited,Oil India Limited,,Repairing and Development of dyke wall of existing 2(two) nos. of crude oil storage tank including Construction of CC mattress inside the dyke wall in Moran OCS 1.including supply of all materials except Cement,tank,,,,,,,,,,,,,,,Duliajan,,archive:Limited Tenders,,CDC5719L24,,,,Organization: Oil India Limited | Item: Repairing and Development of dyke wall of existing 2(two) nos. of crude oil storage tank including Construction of CC mattress inside the dyke wall in Moran OCS 1.including supply of all materials except Cement | Type: tank | Location: Duliajan,MIRA_PS_material_corpus_FINAL_with_org(2),,
Oil India Limited,Oil India Limited,,"Replacement of existing domestic pipe lines to connect newly laid pipeline by Field Engineering Department at Moran OIL Colony (Quarter,Bungalow,Teacher quarter,CISF,other installations).Total Estimated cost Rs27,88,837.25 (Execution Cost Rs27,61,225.00,and BOCW Component-Rs27,612.25)",pipe,,,,,,,,,,,,,,,Duliajan,,archive:Limited Tenders,,CDC0415L26,,,,"Organization: Oil India Limited | Item: Replacement of existing domestic pipe lines to connect newly laid pipeline by Field Engineering Department at Moran OIL Colony (Quarter,Bungalow,Teacher quarter,CISF,other installations).Total Estimated cost Rs27,88,837.25 (Execution Cost Rs27,61,225.00,and BOCW Component-Rs27,612.25) | Type: pipe | Location: Duliajan",MIRA_PS_material_corpus_FINAL_with_org(2),,
Oil India Limited,Oil India Limited,,"Replacement of old Asbestos sheet roofing with Pre-coated Galvanised Iron (PPGI) sheets including replacement of Rain water pipes at 11 nos. DX-type bungalows at OIL Township, Moran, Charaideo. Total Estimated cost Rs. 1,21,70,254.00",pipe,,,,,,,,,,,,,,,Duliajan,,archive:Limited Tenders,,CDC8844L25,,,,"Organization: Oil India Limited | Item: Replacement of old Asbestos sheet roofing with Pre-coated Galvanised Iron (PPGI) sheets including replacement of Rain water pipes at 11 nos. DX-type bungalows at OIL Township, Moran, Charaideo. Total Estimated cost Rs. 1,21,70,254.00 | Type: pipe | Location: Duliajan",MIRA_PS_material_corpus_FINAL_with_org(2),,
Oil India Limited,Oil India Limited,,"Replacement of old CGI sheets of Main Compressor shed (Old & New), Air Compressor shed & Glycol Re boiler shed with PPGI sheets at GCS 2 Mohmari area",compressor,,,,,,,,,,,,,,,Duliajan,,archive:Limited Tenders,,CDC5715L24,,,,"Organization: Oil India Limited | Item: Replacement of old CGI sheets of Main Compressor shed (Old & New), Air Compressor shed & Glycol Re boiler shed with PPGI sheets at GCS 2 Mohmari area | Type: compressor | Location: Duliajan",MIRA_PS_material_corpus_FINAL_with_org(2),,
Oil India Limited,Oil India Limited,,"Replacement of old CGI sheets with Pre coated Galvanized iron sheet (PPGI) including replacement of truss, purlins at Chemical department office, Moran including supply of all materials except cement",chemical,,,,,,,,,,,,,,,Duliajan,,archive:Limited Tenders,,CDC0168L26,,,,"Organization: Oil India Limited | Item: Replacement of old CGI sheets with Pre coated Galvanized iron sheet (PPGI) including replacement of truss, purlins at Chemical department office, Moran including supply of all materials except cement | Type: chemical | Location: Duliajan",MIRA_PS_material_corpus_FINAL_with_org(2),,
Oil India Limited,Oil India Limited,,Rewinding of various motors & alternators under PS3 base E&C section for a period of 3(three) years with provision for 1(one) year extension,motor,,,,,,,,,,,,,,,Jorhat,,archive:GeM Tenders,,GEM/2024/B/4850279,,,,Organization: Oil India Limited | Item: Rewinding of various motors & alternators under PS3 base E&C section for a period of 3(three) years with provision for 1(one) year extension | Type: motor | Location: Jorhat,MIRA_PS_material_corpus_FINAL_with_org(2),,
Oil India Limited,Oil India Limited,,"Ring Burner, Complete with fittings painted with Red Oxide Paint, Sketch No. OIL/1197/B , Gas Burner, 300 mm long with Straight burner, complete fittings. Painted with Redoxide paint",pipe fitting,,,,,,,,,,,,,,,Duliajan,,archive:GeM Tenders,,GEM/2025/B/6000045,,,,"Organization: Oil India Limited | Item: Ring Burner, Complete with fittings painted with Red Oxide Paint, Sketch No. OIL/1197/B , Gas Burner, 300 mm long with Straight burner, complete fittings. Painted with Redoxide paint | Type: pipe fitting | Location: Duliajan",MIRA_PS_material_corpus_FINAL_with_org(2),,
Oil India Limited,Oil India Limited,,"SINGLE CORE 25 SQ MM COPPER CABLE, 0.75 SQ MM MULTISTRAND ,PVC EARTHING CABLE, 6 sq mm EARTHING CABLE, 2.5 sq mm EARTHING CABLE",cable,,,,,,,,,,,,,,,Guwahati,,archive:Limited Tenders,,GOD8060L25,,,,"Organization: Oil India Limited | Item: SINGLE CORE 25 SQ MM COPPER CABLE, 0.75 SQ MM MULTISTRAND ,PVC EARTHING CABLE, 6 sq mm EARTHING CABLE, 2.5 sq mm EARTHING CABLE | Type: cable | Location: Guwahati",MIRA_PS_material_corpus_FINAL_with_org(2),,
Oil India Limited,Oil India Limited,,"SINKING OF DEEP TUBE WELL BY ROTARY RIG INCLUDING SUPPLYING, INSTALLATION AND COMMISSIONING OF SUBMERSIBLE PUMP SET AT PUMP STATION NO. 5 GUWAHATI, OIL INDIA LIMITED",pump,,,,,,,,,,,,,,,Guwahati,,archive:National Tenders,,CGI7225P25,,,,"Organization: Oil India Limited | Item: SINKING OF DEEP TUBE WELL BY ROTARY RIG INCLUDING SUPPLYING, INSTALLATION AND COMMISSIONING OF SUBMERSIBLE PUMP SET AT PUMP STATION NO. 5 GUWAHATI, OIL INDIA LIMITED | Type: pump | Location: Guwahati",MIRA_PS_material_corpus_FINAL_with_org(2),,
Oil India Limited,Oil India Limited,,"SPARES FOR NATIONAL TYPE 12-P-160 TRIPLEX POWER SLUSH PUMP , Packing, Liner for 6.1/4"" Liner , SLUSH PUMP VALVE & SEAT ETC.(FOR NAT.12-P-160 TRIPLEX POWER SLUSH PUMP) MISSION SUPREME etc",valve,,,,,,,,,,,,,,,Duliajan,,archive:Limited Tenders,,SSG6425L25,,,,"Organization: Oil India Limited | Item: SPARES FOR NATIONAL TYPE 12-P-160 TRIPLEX POWER SLUSH PUMP , Packing, Liner for 6.1/4"" Liner , SLUSH PUMP VALVE & SEAT ETC.(FOR NAT.12-P-160 TRIPLEX POWER SLUSH PUMP) MISSION SUPREME etc | Type: valve | Location: Duliajan",MIRA_PS_material_corpus_FINAL_with_org(2),,
Oil India Limited,Oil India Limited,,"SPARES FOR WATER TREATMENT PLANT , Graded Gravels , MANGANESE DI-OXIDE (75% GRADE) , CarboFilt (Standard) , PVC Strainer , Strong Acid Cation Exchange Resin",filter,,,,,,,,,,,,,,,Guwahati,,archive:Limited Tenders,,GOD6383L25,,,,"Organization: Oil India Limited | Item: SPARES FOR WATER TREATMENT PLANT , Graded Gravels , MANGANESE DI-OXIDE (75% GRADE) , CarboFilt (Standard) , PVC Strainer , Strong Acid Cation Exchange Resin | Type: filter | Location: Guwahati",MIRA_PS_material_corpus_FINAL_with_org(2),,
Oil India Limited,Oil India Limited,,"STUD for 2"" RF Flange , STUD for 4"" RF Flange , STUD for 6"" RF Flange , STUD for 8"" RF Flange",flange,,,,,,,,,,,,,,,Duliajan,,archive:GeM Tenders,,GEM/2024/B/5369888,,,,"Organization: Oil India Limited | Item: STUD for 2"" RF Flange , STUD for 4"" RF Flange , STUD for 6"" RF Flange , STUD for 8"" RF Flange | Type: flange | Location: Duliajan",MIRA_PS_material_corpus_FINAL_with_org(2),,
Oil India Limited,Oil India Limited,,Services of Painting job of steel & wooden furniture at PHQ Guwahati for a period of three years with a provision for further extension of another 1 (one)year at the same terms and condition,steel,,,,,,,,,,,,,,,Guwahati,,archive:National Tenders,,GCO7407P25,,,,Organization: Oil India Limited | Item: Services of Painting job of steel & wooden furniture at PHQ Guwahati for a period of three years with a provision for further extension of another 1 (one)year at the same terms and condition | Type: steel | Location: Guwahati,MIRA_PS_material_corpus_FINAL_with_org(2),,
Oil India Limited,Oil India Limited,,Services of repairing job of steel & wooden furniture at PHQ Guwahati for a period of three years with a provision for further extension of another 1 (one)year at the same terms and condition,steel,,,,,,,,,,,,,,,Guwahati,,archive:National Tenders,,GCO7405P25,,,,Organization: Oil India Limited | Item: Services of repairing job of steel & wooden furniture at PHQ Guwahati for a period of three years with a provision for further extension of another 1 (one)year at the same terms and condition | Type: steel | Location: Guwahati,MIRA_PS_material_corpus_FINAL_with_org(2),,
Oil India Limited,Oil India Limited,,Supply and Installation of Pre-Coated Sheet of Materials Godown inside Industrial Area at Duliajan: i)At Polymer Godown ii)At Paint Godown,chemical,,,,,,,,,,,,,,,Duliajan,,archive:Limited Tenders,,CDC8161L25,,,,Organization: Oil India Limited | Item: Supply and Installation of Pre-Coated Sheet of Materials Godown inside Industrial Area at Duliajan: i)At Polymer Godown ii)At Paint Godown | Type: chemical | Location: Duliajan,MIRA_PS_material_corpus_FINAL_with_org(2),,
Oil India Limited,Oil India Limited,,"Supply of Double Pack Off Flange 11"" x 10M , DOUBLE PACK OFF FLANGE 13.5/8"" x5M-5M , DOUBLE PACK OFF FLANGE 11"" x10M-11"" x10M",flange,,,,,,,,,,,,,,,Duliajan,,archive:GeM Tenders,,GEM/2024/B/5303891,,,,"Organization: Oil India Limited | Item: Supply of Double Pack Off Flange 11"" x 10M , DOUBLE PACK OFF FLANGE 13.5/8"" x5M-5M , DOUBLE PACK OFF FLANGE 11"" x10M-11"" x10M | Type: flange | Location: Duliajan",MIRA_PS_material_corpus_FINAL_with_org(2),,
Oil India Limited,Oil India Limited,,"Supply of FLP DOL Starter for 5 HP, 415 V, 50 HZ FLP motor integrated with FLP push button switch",motor,,,,,,,,,,,,,,,Duliajan,,archive:GeM Tenders,,GEM/2025/B/6918023,,,,"Organization: Oil India Limited | Item: Supply of FLP DOL Starter for 5 HP, 415 V, 50 HZ FLP motor integrated with FLP push button switch | Type: motor | Location: Duliajan",MIRA_PS_material_corpus_FINAL_with_org(2),,
Oil India Limited,Oil India Limited,,"Supply of NEEDLE VALVE, 1/4 "" SS , MALE CONNECTOR, 1/4 "" X 1/4 "" , SS TUBE 1/4 "" OD , UNION, 1/4 """,valve,,,,,,,,,,,,,,,Duliajan,,archive:GeM Tenders,,GEM/2024/B/5504017,,,,"Organization: Oil India Limited | Item: Supply of NEEDLE VALVE, 1/4 "" SS , MALE CONNECTOR, 1/4 "" X 1/4 "" , SS TUBE 1/4 "" OD , UNION, 1/4 "" | Type: valve | Location: Duliajan",MIRA_PS_material_corpus_FINAL_with_org(2),,
Oil India Limited,Oil India Limited,,"Supply of WCL(Security), Category-II, Listed and Listed-I for watch and ward services under OIL operational area under OIL Pipeline Services in the State of Assam for a period of 04(Four) years from 01.07.2025 to 30.06.2029",pipe,,,,,,,,,,,,,,,Guwahati,,archive:National Tenders,,CGI9010P26,,,,"Organization: Oil India Limited | Item: Supply of WCL(Security), Category-II, Listed and Listed-I for watch and ward services under OIL operational area under OIL Pipeline Services in the State of Assam for a period of 04(Four) years from 01.07.2025 to 30.06.2029 | Type: pipe | Location: Guwahati",MIRA_PS_material_corpus_FINAL_with_org(2),,
Oil India Limited,Oil India Limited,,"Supply, installation & commissioning and post installation technical support of Conventional Progressive Cavity Pump along with accessories and additional spares",pump,,,,,,,,,,,,,,,Jaisalmer,,archive:GeM Tenders,,GEM/2026/B/7209742,,,,"Organization: Oil India Limited | Item: Supply, installation & commissioning and post installation technical support of Conventional Progressive Cavity Pump along with accessories and additional spares | Type: pump | Location: Jaisalmer",MIRA_PS_material_corpus_FINAL_with_org(2),,
Oil India Limited,Oil India Limited,,"Support Service for Maintaining OIL's OFC network and telecom cable spread across OIL's operational area under PS1, Telecom for a period of 4 (Four) years",cable,,,,,,,,,,,,,,,Duliajan,,archive:GeM Tenders,,GEM/2025/B/6957134,,,,"Organization: Oil India Limited | Item: Support Service for Maintaining OIL's OFC network and telecom cable spread across OIL's operational area under PS1, Telecom for a period of 4 (Four) years | Type: cable | Location: Duliajan",MIRA_PS_material_corpus_FINAL_with_org(2),,
Oil India Limited,Oil India Limited,,To Provide day to day services of Works Contract Labours WCL for assisting various jobs under Barauni Pump Station for a period of four years,pump,,,,,,,,,,,,,,,Barauni,,archive:GeM Tenders,,GEM/2025/B/6263811,,,,Organization: Oil India Limited | Item: To Provide day to day services of Works Contract Labours WCL for assisting various jobs under Barauni Pump Station for a period of four years | Type: pump | Location: Barauni,MIRA_PS_material_corpus_FINAL_with_org(2),,
Oil India Limited,Oil India Limited,,"Tyre-Flex Coupling F: 90 complete with Taper Lock Bush (Bush No. 2517 or equivalent) with Pilot Bore, Taper Lock Bush (Bush No. 2517 or equivalent) with Pilot Bore",coupling,,,,,,,,,,,,,,,Duliajan,,archive:GeM Tenders,,GEM/2026/B/7075142,,,,"Organization: Oil India Limited | Item: Tyre-Flex Coupling F: 90 complete with Taper Lock Bush (Bush No. 2517 or equivalent) with Pilot Bore, Taper Lock Bush (Bush No. 2517 or equivalent) with Pilot Bore | Type: coupling | Location: Duliajan",MIRA_PS_material_corpus_FINAL_with_org(2),,
Oil India Limited,Oil India Limited,,"VIBRATION MONITORING TOOL , INTERNAL MECHANICAL PULLER SET , STUD EXTRACTOR SET , EXTERNAL & INTERNAL THREAD REPAIR SET , PORTABLE BEARING INDUCTION HEATER",bearing,,,,,,,,,,,,,,,Guwahati,,archive:Limited Tenders,,GOD6833L25,,,,"Organization: Oil India Limited | Item: VIBRATION MONITORING TOOL , INTERNAL MECHANICAL PULLER SET , STUD EXTRACTOR SET , EXTERNAL & INTERNAL THREAD REPAIR SET , PORTABLE BEARING INDUCTION HEATER | Type: bearing | Location: Guwahati",MIRA_PS_material_corpus_FINAL_with_org(2),,
Oil India Limited,Oil India Limited,,"Valve, Needle, FS, API LPT, Scr, 1/2"" x5000 Lb, Valve, Globe, Size: 1/2"" (12.7 mm), Valve, Gate, API LPT, 3' x128 Lbs, API Std. 5B",valve,,,,,,,,,,,,,,,Kolkata,,archive:GeM Tenders,,GEM/2025/B/5800941,,,,"Organization: Oil India Limited | Item: Valve, Needle, FS, API LPT, Scr, 1/2"" x5000 Lb, Valve, Globe, Size: 1/2"" (12.7 mm), Valve, Gate, API LPT, 3' x128 Lbs, API Std. 5B | Type: valve | Location: Kolkata",MIRA_PS_material_corpus_FINAL_with_org(2),,
Oil India Limited,Oil India Limited,,"10_ VALVE, GATE, API 6D, 8"" X600 CLASS , 20_ VALVE, GATE, API 6D, 4"" X600 CLASS , 30_ VALVE, GATE, API 6D, 6"" X600 CLASS , 40_ VALVE, GATE, API 6D, 4"" X600 CLASS",valve,GEM,,,,,,,,,,,,,,,,historical tenders,,GEM/2021/B/1558359,,,,"Organization: Oil India Limited | Item: 10_ VALVE, GATE, API 6D, 8"" X600 CLASS , 20_ VALVE, GATE, API 6D, 4"" X600 CLASS , 30_ VALVE, GATE, API 6D, 6"" X600 CLASS , 40_ VALVE, GATE, API 6D, 4"" X600 CLASS | Type: valve | Category: GEM",MIRA_PS_material_corpus_FINAL_with_org(2),,
Oil India Limited,Oil India Limited,,"11 kV VCB Switch board with 8 nos. VCB Panel along with control supply and other accessories , 11KV, 3 Phase Cable Termination KIT",cable,GEM,,,,,,,,,,,,,,,,historical tenders,,GEM/2021/B/1262080,,,,"Organization: Oil India Limited | Item: 11 kV VCB Switch board with 8 nos. VCB Panel along with control supply and other accessories , 11KV, 3 Phase Cable Termination KIT | Type: cable | Category: GEM",MIRA_PS_material_corpus_FINAL_with_org(2),,
Oil India Limited,Oil India Limited,,"11"" X 10000 psi top flanged and 13.5/8"" (03530516) (Q3) , X-type bushing (Secondary Seal, type: FS (03530517) (Q3) ,Slip Seal Assy. for 03-53-0514 (03530536) (Q3) , Plug Tester for 03-53-0514 (03530558) (Q3)",flange,GEM,,,,,,,,,,,,,,,,historical tenders,,GEM/2023/B/2946440,,,,"Organization: Oil India Limited | Item: 11"" X 10000 psi top flanged and 13.5/8"" (03530516) (Q3) , X-type bushing (Secondary Seal, type: FS (03530517) (Q3) ,Slip Seal Assy. for 03-53-0514 (03530536) (Q3) , Plug Tester for 03-53-0514 (03530558) (Q3) | Type: flange | Category: GEM",MIRA_PS_material_corpus_FINAL_with_org(2),,
Oil India Limited,Oil India Limited,,"127.00 MM (5"" ) API GRADE G-105 DRILL PIPE (Q3) , 127.00 MM (5"" ) API GRADE S-135 DRILL PIPE (Q3) , 88.90 MM (3.1/2"" ) API GRADE G-105 DRILL PIPE (Q3)",pipe,GEM,,,,,,,,,,,,,,,,historical tenders,,GEM/2022/B/1991571,,,,"Organization: Oil India Limited | Item: 127.00 MM (5"" ) API GRADE G-105 DRILL PIPE (Q3) , 127.00 MM (5"" ) API GRADE S-135 DRILL PIPE (Q3) , 88.90 MM (3.1/2"" ) API GRADE G-105 DRILL PIPE (Q3) | Type: pipe | Category: GEM",MIRA_PS_material_corpus_FINAL_with_org(2),,
Oil India Limited,Oil India Limited,,"2.7/8"" API GRADE S-135 DRILL PIPE (Q3) , 5"" API GRADE G105 DRILL PIPE (Q3) , 5"" API GRADE S-135 DRILL PIPE (Q3)",pipe,GEM,,,,,,,,,,,,,,,,historical tenders,,GEM/2021/B/1670982,,,,"Organization: Oil India Limited | Item: 2.7/8"" API GRADE S-135 DRILL PIPE (Q3) , 5"" API GRADE G105 DRILL PIPE (Q3) , 5"" API GRADE S-135 DRILL PIPE (Q3) | Type: pipe | Category: GEM",MIRA_PS_material_corpus_FINAL_with_org(2),,
Oil India Limited,Oil India Limited,,"200kVA, 3.3kV/400V,50 Hz, Double copper winding, oil filled, ONAN cooled, outdoor type distribution transformer conforming to IS:2028-1977 with latest ammendments as per specifications mentioned in ANNEXURE-1",transformer,Limited,,,,,,,,,,,,,,,,historical tenders,,GOD5891L15/2K,,,,"Organization: Oil India Limited | Item: 200kVA, 3.3kV/400V,50 Hz, Double copper winding, oil filled, ONAN cooled, outdoor type distribution transformer conforming to IS:2028-1977 with latest ammendments as per specifications mentioned in ANNEXURE-1 | Type: transformer | Category: Limited",MIRA_PS_material_corpus_FINAL_with_org(2),,
Oil India Limited,Oil India Limited,,"3 core cable, Glass Fuse, Fuse Terminal Block with Indication, Resistor, 2 pin diode, Plug in Industrial Relay with Relay Base etc",cable,Limited,,,,,,,,,,,,,,,,historical tenders,,DID2087L20/L7,,,,"Organization: Oil India Limited | Item: 3 core cable, Glass Fuse, Fuse Terminal Block with Indication, Resistor, 2 pin diode, Plug in Industrial Relay with Relay Base etc | Type: cable | Category: Limited",MIRA_PS_material_corpus_FINAL_with_org(2),,
Oil India Limited,Oil India Limited,,"5.1/2"" OD API DRILL PIPE (Quantity – 10 KMs) 5"" OD and 5.1/2"" OD PUP Joints (Quantity - 12 Nos each)",pipe,Global,,,,,,,,,,,,,,,,historical tenders,,SDG6852P18/07,,,,"Organization: Oil India Limited | Item: 5.1/2"" OD API DRILL PIPE (Quantity – 10 KMs) 5"" OD and 5.1/2"" OD PUP Joints (Quantity - 12 Nos each) | Type: pipe | Category: Global",MIRA_PS_material_corpus_FINAL_with_org(2),,
Oil India Limited,Oil India Limited,,"5.1/2"" Premium Casing N80 , 5.1/2"" Premium Casing P110 , Coupling for API Casing , 5.1/2"" Premium Casing P110 Short Nipple , 5.1/2"" Premium Casing Crossover P110 , 5.1/2"" Casing Crossover P110 Premium Pin-BTC-Box",coupling,GEM,,,,,,,,,,,,,,,,historical tenders,,GEM/2021/B/1466448,,,,"Organization: Oil India Limited | Item: 5.1/2"" Premium Casing N80 , 5.1/2"" Premium Casing P110 , Coupling for API Casing , 5.1/2"" Premium Casing P110 Short Nipple , 5.1/2"" Premium Casing Crossover P110 , 5.1/2"" Casing Crossover P110 Premium Pin-BTC-Box | Type: coupling | Category: GEM",MIRA_PS_material_corpus_FINAL_with_org(2),,
Oil India Limited,Oil India Limited,,"73.02 MM (2.7/8"" ) API GRADE G-105 LEFT HAND CONNECTION DRILL PIPE (Q3) , 73.02 MM (2.7/8"" ) API GRADE G-105 DRILL PIPE (Q3)",pipe,GEM,,,,,,,,,,,,,,,,historical tenders,,GEM/2022/B/1951496,,,,"Organization: Oil India Limited | Item: 73.02 MM (2.7/8"" ) API GRADE G-105 LEFT HAND CONNECTION DRILL PIPE (Q3) , 73.02 MM (2.7/8"" ) API GRADE G-105 DRILL PIPE (Q3) | Type: pipe | Category: GEM",MIRA_PS_material_corpus_FINAL_with_org(2),,
Oil India Limited,Oil India Limited,,"A FRAME SURVEY AND BELL HOLE INSPECTION OF COATING OF NEW SECTIONS OF NSPL PIPELINE IN R.O.W. OF PIPELINE DEPARTMENT OF OIL INDIA LIMITED., PHQ, Guwahati, Assam",pipe,Limited,,,,,,,,,,,,,,,,historical tenders,,GCO4214L21,,,,"Organization: Oil India Limited | Item: A FRAME SURVEY AND BELL HOLE INSPECTION OF COATING OF NEW SECTIONS OF NSPL PIPELINE IN R.O.W. OF PIPELINE DEPARTMENT OF OIL INDIA LIMITED., PHQ, Guwahati, Assam | Type: pipe | Category: Limited",MIRA_PS_material_corpus_FINAL_with_org(2),,
Oil India Limited,Oil India Limited,,ACCESSORIES/SPARES FOR MUD SYSTEM OF BHEL TYPE E-1400 RIG WITH AC/SCR SYSTEM & BHEL E-2000 RIG E.1 ACCESSORIES FOR SHAKER TANK,tank,National,,,,,,,,,,,,,,,,historical tenders,,SSH5697L21/04,,,,Organization: Oil India Limited | Item: ACCESSORIES/SPARES FOR MUD SYSTEM OF BHEL TYPE E-1400 RIG WITH AC/SCR SYSTEM & BHEL E-2000 RIG E.1 ACCESSORIES FOR SHAKER TANK | Type: tank | Category: National,MIRA_PS_material_corpus_FINAL_with_org(2),,
Oil India Limited,Oil India Limited,,"ALLOY STEEL FULL THREADED STUD BOLT, MATERIAL - ASTM A-193, GRADE B7 OR EN19 WITH 2 (TWO) HEAVY HEXAGONAL NUTS",steel,Limited,,,,,,,,,,,,,,,,historical tenders,,KIS1699L17/05,,,,"Organization: Oil India Limited | Item: ALLOY STEEL FULL THREADED STUD BOLT, MATERIAL - ASTM A-193, GRADE B7 OR EN19 WITH 2 (TWO) HEAVY HEXAGONAL NUTS | Type: steel | Category: Limited",MIRA_PS_material_corpus_FINAL_with_org(2),,
Oil India Limited,Oil India Limited,,"ALLOY STEEL FULL THREADED STUD BOLT, MATERIAL - ASTM A-193, GRADE B7 OR EN19 WITH 2 (TWO) HEAVY HEXAGONAL NUTS, MATERIAL - ASTM A-194, GRADE 2H OR EN19",steel,Limited,,,,,,,,,,,,,,,,historical tenders,,KIS8098L19/05,,,,"Organization: Oil India Limited | Item: ALLOY STEEL FULL THREADED STUD BOLT, MATERIAL - ASTM A-193, GRADE B7 OR EN19 WITH 2 (TWO) HEAVY HEXAGONAL NUTS, MATERIAL - ASTM A-194, GRADE 2H OR EN19 | Type: steel | Category: Limited",MIRA_PS_material_corpus_FINAL_with_org(2),,
Oil India Limited,Oil India Limited,,"ALLOY STEEL FULL THREADED STUD BOLT, MATERIAL - ASTM A-193,GRADE B7 OR EN19 WITH 2 (TWO) HEAVY HEXAGONAL NUTS,MATERIAL - ASTM A-194, GRADE 2H OR EN19",steel,Limited,,,,,,,,,,,,,,,,historical tenders,,KIS6254L15/05,,,,"Organization: Oil India Limited | Item: ALLOY STEEL FULL THREADED STUD BOLT, MATERIAL - ASTM A-193,GRADE B7 OR EN19 WITH 2 (TWO) HEAVY HEXAGONAL NUTS,MATERIAL - ASTM A-194, GRADE 2H OR EN19 | Type: steel | Category: Limited",MIRA_PS_material_corpus_FINAL_with_org(2),,
Oil India Limited,Oil India Limited,,"ALLOY STEEL FULL THREADED STUD BOLT, MATERIAL -ASTM A-193, GRADE B7 OR EN19 WITH 2 (TWO) HEAVY HEXAGONAL NUTS, MATERIAL - ASTM A-194, GRADE 2H OR EN19",steel,Limited,,,,,,,,,,,,,,,,historical tenders,,JIS8231L19,,,,"Organization: Oil India Limited | Item: ALLOY STEEL FULL THREADED STUD BOLT, MATERIAL -ASTM A-193, GRADE B7 OR EN19 WITH 2 (TWO) HEAVY HEXAGONAL NUTS, MATERIAL - ASTM A-194, GRADE 2H OR EN19 | Type: steel | Category: Limited",MIRA_PS_material_corpus_FINAL_with_org(2),,
Oil India Limited,Oil India Limited,,"ANGLE, EQUAL, MILD STEEL ( ROLLED ) FOR STRUCTURAL AND GENERAL ENGG. PURPOSES., CONFORMING TO IS :2062 - 1992 FOR SPECIFICATIONS AND IS : 808-1989FOR DIMENSIONS",steel,Limited,,,,,,,,,,,,,,,,historical tenders,,DIS2926L14/L5,,,,"Organization: Oil India Limited | Item: ANGLE, EQUAL, MILD STEEL ( ROLLED ) FOR STRUCTURAL AND GENERAL ENGG. PURPOSES., CONFORMING TO IS :2062 - 1992 FOR SPECIFICATIONS AND IS : 808-1989FOR DIMENSIONS | Type: steel | Category: Limited",MIRA_PS_material_corpus_FINAL_with_org(2),,
Oil India Limited,Oil India Limited,,"ANGLE, EQUAL, MILD STEEL ( ROLLED ) FOR STRUCTURALAND GENERAL ENGG. PURPOSES., CONFORMING TO IS :2062 - 1992 FOR SPECIFICATIONS AND IS : 808-1989FOR DIMENSIONS",steel,Limited,,,,,,,,,,,,,,,,historical tenders,,DIS8886L19/L5,,,,"Organization: Oil India Limited | Item: ANGLE, EQUAL, MILD STEEL ( ROLLED ) FOR STRUCTURALAND GENERAL ENGG. PURPOSES., CONFORMING TO IS :2062 - 1992 FOR SPECIFICATIONS AND IS : 808-1989FOR DIMENSIONS | Type: steel | Category: Limited",MIRA_PS_material_corpus_FINAL_with_org(2),,
Oil India Limited,Oil India Limited,,"Adapter spool 13.5/8"" x 5 M to 13.5/8"" x 10 M (Q3) , 13 5/8"" x 5M- 11"" x 10M DOUBLE STUDDED ADAPTER FLANGE (Q3) , 12"" (304.8 mm) OD Flat Bottom Junk Mill (Q3)",flange,GEM,,,,,,,,,,,,,,,,historical tenders,,GEM/2022/B/1966066,,,,"Organization: Oil India Limited | Item: Adapter spool 13.5/8"" x 5 M to 13.5/8"" x 10 M (Q3) , 13 5/8"" x 5M- 11"" x 10M DOUBLE STUDDED ADAPTER FLANGE (Q3) , 12"" (304.8 mm) OD Flat Bottom Junk Mill (Q3) | Type: flange | Category: GEM",MIRA_PS_material_corpus_FINAL_with_org(2),,
Oil India Limited,Oil India Limited,,"Ancillary jobs like construction of chemical shed, cement shed, retainer pit, flare pit, water tank, officer's & workmen's toilet, Fire brigade shed, laying of HDPE sheet etc",tank,National,,,,,,,,,,,,,,,,historical tenders,,CEI4330P17,,,,"Organization: Oil India Limited | Item: Ancillary jobs like construction of chemical shed, cement shed, retainer pit, flare pit, water tank, officer's & workmen's toilet, Fire brigade shed, laying of HDPE sheet etc | Type: tank | Category: National",MIRA_PS_material_corpus_FINAL_with_org(2),,
Oil India Limited,Oil India Limited,,"Annual Environmental Quality monitoring and stack gas analysis as per State Pollution Control Board guidelines under Operation Section, PS5, Noonmati, Guwahati",chimney,National,,,,,,,,,,,,,,,,historical tenders,,GCO4128P17,,,,"Organization: Oil India Limited | Item: Annual Environmental Quality monitoring and stack gas analysis as per State Pollution Control Board guidelines under Operation Section, PS5, Noonmati, Guwahati | Type: chimney | Category: National",MIRA_PS_material_corpus_FINAL_with_org(2),,
Oil India Limited,Oil India Limited,,"Architectural and Engineering consultancy services for planning, designing OIL Center of Excellence for Energy Studies (CoEES) Building at Pipeline Headquarters (PHQ)",pipe,Limited,,,,,,,,,,,,,,,,historical tenders,,CGI5463L18,,,,"Organization: Oil India Limited | Item: Architectural and Engineering consultancy services for planning, designing OIL Center of Excellence for Energy Studies (CoEES) Building at Pipeline Headquarters (PHQ) | Type: pipe | Category: Limited",MIRA_PS_material_corpus_FINAL_with_org(2),,
Oil India Limited,Oil India Limited,,"BALL AND ROLLER BEARINGS PILLOW BLOCK, BALL BEARING, ALIGNABLE, FIXEDTYPE, OPEN END UNIT, RE-LUBRICATEABLE, COMPLETEWITH BEARING, COLLAR AND SEALS, HEAVY DUTY SERIES",bearing,Limited,,,,,,,,,,,,,,,,historical tenders,,SSH6303L21,,,,"Organization: Oil India Limited | Item: BALL AND ROLLER BEARINGS PILLOW BLOCK, BALL BEARING, ALIGNABLE, FIXEDTYPE, OPEN END UNIT, RE-LUBRICATEABLE, COMPLETEWITH BEARING, COLLAR AND SEALS, HEAVY DUTY SERIES | Type: bearing | Category: Limited",MIRA_PS_material_corpus_FINAL_with_org(2),,
Oil India Limited,Oil India Limited,,"BALL AND ROLLER BEARINGS, PILLOW BLOCK, BALL BEARING, ALIGNABLE, FIXEDTYPE, OPEN END UNIT, RE-LUBRICATEABLE, COMPLETEWITH BEARING, COLLAR AND SEALS, HEAVY DUTY SERIES",bearing,Limited,,,,,,,,,,,,,,,,historical tenders,,SSG3699L20/04,,,,"Organization: Oil India Limited | Item: BALL AND ROLLER BEARINGS, PILLOW BLOCK, BALL BEARING, ALIGNABLE, FIXEDTYPE, OPEN END UNIT, RE-LUBRICATEABLE, COMPLETEWITH BEARING, COLLAR AND SEALS, HEAVY DUTY SERIES | Type: bearing | Category: Limited",MIRA_PS_material_corpus_FINAL_with_org(2),,
Oil India Limited,Oil India Limited,,"Bid for SUPPLY OF MATERIAL, CONSTRUCTION, FABRICATION AND INSTALLATION OF 2 NOS. OF CRUDE OIL STORAGE TANKS OF 160 KLS CAPACITY WELDED TANKS AT BAGHEWALA#8",tank,National,,,,,,,,,,,,,,,,historical tenders,,CJI0487P19,,,,"Organization: Oil India Limited | Item: Bid for SUPPLY OF MATERIAL, CONSTRUCTION, FABRICATION AND INSTALLATION OF 2 NOS. OF CRUDE OIL STORAGE TANKS OF 160 KLS CAPACITY WELDED TANKS AT BAGHEWALA#8 | Type: tank | Category: National",MIRA_PS_material_corpus_FINAL_with_org(2),,
Oil India Limited,Oil India Limited,,Burial and Recovery of 100mm NB and 50 mm NB crude oil/ gas pipelines in OIL's Operational Areas in the state of Assam,pipe,National,,,,,,,,,,,,,,,,historical tenders,,CDO1166P20,,,,Organization: Oil India Limited | Item: Burial and Recovery of 100mm NB and 50 mm NB crude oil/ gas pipelines in OIL's Operational Areas in the state of Assam | Type: pipe | Category: National,MIRA_PS_material_corpus_FINAL_with_org(2),,
Oil India Limited,Oil India Limited,,"Burial and recovery of 100 NB Crude Oil/Gas flow pipelines constructed under Moran Oil Field, Assam under PLF Section, Duliajan, Assam",pipe,National,,,,,,,,,,,,,,,,historical tenders,,CGI7995P16,,,,"Organization: Oil India Limited | Item: Burial and recovery of 100 NB Crude Oil/Gas flow pipelines constructed under Moran Oil Field, Assam under PLF Section, Duliajan, Assam | Type: pipe | Category: National",MIRA_PS_material_corpus_FINAL_with_org(2),,
Oil India Limited,Oil India Limited,,CAMERON OR EQUIVALENT OR MEKASTAR EVEREST TAPARIA POWERMASTER MAKE BOX SOCKET WRENCH SINGLE HEXAGONAL STRAIGHT SLUGGING OR STRIKING WRENCH MADE FROM DROP FORGED ALLOY STEEL,steel,Limited,,,,,,,,,,,,,,,,historical tenders,,DFS3168L20/04,,,,Organization: Oil India Limited | Item: CAMERON OR EQUIVALENT OR MEKASTAR EVEREST TAPARIA POWERMASTER MAKE BOX SOCKET WRENCH SINGLE HEXAGONAL STRAIGHT SLUGGING OR STRIKING WRENCH MADE FROM DROP FORGED ALLOY STEEL | Type: steel | Category: Limited,MIRA_PS_material_corpus_FINAL_with_org(2),,
Oil India Limited,Oil India Limited,,"CASING, API, SEAMLESS STEEL, SCREWED & COUPLED WITH API MONOGRAM, O.D.: 244.475 MM, WEIGHT: 70 KG/MTR, GRADE: N-80 TYPE-1 OR Q, THREAD: BUTTRESS. (QTY: 40 KMS)",steel,Global,,,,,,,,,,,,,,,,historical tenders,,SSG4471P15/01,,,,"Organization: Oil India Limited | Item: CASING, API, SEAMLESS STEEL, SCREWED & COUPLED WITH API MONOGRAM, O.D.: 244.475 MM, WEIGHT: 70 KG/MTR, GRADE: N-80 TYPE-1 OR Q, THREAD: BUTTRESS. (QTY: 40 KMS) | Type: steel | Category: Global",MIRA_PS_material_corpus_FINAL_with_org(2),,
